RN,CCTVID,CCTVNAME,CENTERNAME,XCOORD,YCOORD
1,L933113,강원 강릉 용강동,KBS 재난포털,128.89116,37.752075
2,L933103,강원 강릉 주문진방파제,KBS 재난포털,128.83349609,37.89340973
3,L933094,강원 속초 등대전망대,KBS 재난포털,128.60009766,38.21339035
4,L933097,강원 평창 대관령,KBS 재난포털,128.75527954,37.69804001
5,L933080,경기 가평 가평2교(북한강),KBS 재난포털,127.52288818,37.83100891
6,L933082,경기 구리 수택동(왕숙천),KBS 재난포털,127.15023041,37.59938049
7,L933064,경기 파주 감악산 일대,KBS 재난포털,126.97019958,37.9417038
8,L933085,경남 밀양 삼랑진(낙동강),KBS 재난포털,128.82519531,35.38454819
9,L933093,경남 창원 마산항,KBS 재난포털,128.57600403,35.19784927
10,L933095,경북 울릉 저동항,KBS 재난포털,130.91218567,37.49132156
11,L933096,경북 포항 두호동 해안로,KBS 재난포털,129.3895874,36.06269073
12,L933077,대구 동구 신천동(신천),KBS 재난포털,128.60972595,35.87561035
13,L933078,대전 유성 구성동(갑천),KBS 재난포털,127.37384796,36.37240982
14,L933065,독도,KBS 재난포털,131.86860657,37.23936081
15,L933075,부산 동래 세병교(온천천),KBS 재난포털,129.08250427,35.19768143
16,L933099,부산 수영 민락항 앞,KBS 재난포털,129.13121033,35.153759
17,L933107,서울 강남 강남대로,KBS 재난포털,127.02619934,37.5013504
18,L933104,서울 강남 대치역사거리,KBS 재난포털,127.06284332,37.49451065
19,L933074,서울 노원 월계동(중랑천),KBS 재난포털,127.06269836,37.63238144
20,L933073,서울 마포 성산교(홍제천),KBS 재난포털,126.89992523,37.56269073
21,L933106,서울 서초 반포한강공원,KBS 재난포털,126.99711609,37.51171875
22,L933098,서울 서초 서초대로,KBS 재난포털,127.0243454,37.49713898
23,L933081,서울 서초 양재동(양재천),KBS 재난포털,127.03795624,37.47327042
24,L933071,서울 송파 롯데타워1,KBS 재난포털,127.10276031,37.51285934
25,L933105,서울 송파 탄천주차장,KBS 재난포털,127.0697403,37.51472855
26,L933069,서울 영등포 여의도,KBS 재난포털,126.9199295,37.52219009
27,L933067,서울 용산 한강,KBS 재난포털,127.00511932,37.52774811
28,L933070,서울 중구 서울광장,KBS 재난포털,126.97799683,37.56557083
29,L933063,울산 KBS울산방송국,KBS 재난포털,129.32653809,35.54419708
30,L933066,인천 옹진 연평도,KBS 재난포털,125.69450378,37.66199875
31,L933089,인천 중구 연안부두,KBS 재난포털,126.59861755,37.45413971
32,L933086,전남 나주 나주대교(영산강),KBS 재난포털,126.7321701,35.03718948
33,L933100,전남 목포 목포북항,KBS 재난포털,126.36519623,34.80419922
34,L933091,전남 신안 가거도,KBS 재난포털,125.12927246,34.05292892
35,L933101,전남 여수 거문도,KBS 재난포털,127.30738068,34.02315903
36,L933102,전남 여수 오동도 앞,KBS 재난포털,127.75569916,34.74097824
37,L933092,전남 완도 완도항,KBS 재난포털,126.74885559,34.32091141
38,L933087,전북 군산 비응항,KBS 재난포털,126.52654266,35.93531036
39,L933079,전북 남원 뱀사골(지리산),KBS 재난포털,127.57956696,35.37289047
40,L933111,전북 전주 효자동3가,KBS 재난포털,127.10504,35.822895
41,L933112,제주 도남동 일대,KBS 재난포털,126.5195,33.48906
42,L933090,제주 서귀포 마라도,KBS 재난포털,126.26837921,33.11392212
43,L933084,충남 공주 금강교(금강),KBS 재난포털,127.12638855,36.47092056
44,L933088,충남 태안 근흥면 신진항,KBS 재난포털,126.13652802,36.67787933
45,L933083,충북 단양 도담삼봉,KBS 재난포털,128.3419342,37.0005188
46,L933076,충북 청주 사직동(무심천),KBS 재난포털,127.48226929,36.63582993
47,L280068,6번교차로-01,거제교통정보센터,128.6218785,34.8915019
48,L280069,6번교차로-02,거제교통정보센터,128.6213611,34.891383
49,L280070,6번교차로-03,거제교통정보센터,128.6217582,34.8912017
50,L280071,6번교차로-04,거제교통정보센터,128.6215459,34.8916603
51,L280056,가덕영업소,거제교통정보센터,128.8173442,35.0256198
52,L280051,거가1교,거제교통정보센터,128.7319259,35.0177349
53,L280050,거가1교(저도방향),거제교통정보센터,128.7319259,35.0177349
54,L280052,거가2교,거제교통정보센터,128.758293,35.0146692
55,L280001,거제면 귀목정,거제교통정보센터,128.5819564,34.86278339
56,L280002,거제면 서정사거리,거제교통정보센터,128.5850852,34.8552036
57,L280049,거제영업소,거제교통정보센터,128.7063061,35.013611
58,L280003,고현동 고현버스터미널사거리,거제교통정보센터,128.6241776,34.8919761
59,L280004,고현동 고현사거리,거제교통정보센터,128.6239052,34.88719857
60,L280005,고현동 공설운동장교차로,거제교통정보센터,128.6205228,34.88311517
61,L280006,고현동 보건소밑,거제교통정보센터,128.6361869,34.89212535
62,L280007,남부면 도장포마을교차로,거제교통정보센터,128.6607614,34.7402533
63,L280008,남부면 저구삼거리,거제교통정보센터,128.6136415,34.7300588
64,L280009,남부면 함목삼거리,거제교통정보센터,128.6507193,34.7416547
65,L280010,덕포동 덕포교차로,거제교통정보센터,128.7072378,34.9146874
66,L280011,덕포동 하덕마을교차로,거제교통정보센터,128.7040128,34.91079013
67,L280012,동부면 연담삼거리,거제교통정보센터,128.6296646,34.8102623
68,L280013,동부면 학동삼거리,거제교통정보센터,128.6409485,34.7746521
69,L280014,동부면 학동삼거리1,거제교통정보센터,128.640994,34.774894
70,L280015,동부면 학동삼거리2,거제교통정보센터,128.641214,34.77509
71,L280016,문동동 상동교차로,거제교통정보센터,128.6405141,34.8660624
72,L280017,사등면 구거제대교,거제교통정보센터,128.476879,34.88339791
73,L280018,사등면 두동마을,거제교통정보센터,128.5761112,34.89227763
74,L280019,사등면 두동터널후방,거제교통정보센터,128.5783699,34.87772852
75,L280020,사등면 사곡램프,거제교통정보센터,128.5704947,34.8979657
76,L280021,사등면 신거제대교입구,거제교통정보센터,128.4844096,34.8868764
77,L280022,삼거동 삼거마을,거제교통정보센터,128.650406,34.836064
78,L280100,상동교차로-01,거제교통정보센터,128.6402506,34.8660305
79,L280101,상동교차로-02,거제교통정보센터,128.6411408,34.8656271
80,L280102,상동교차로-03,거제교통정보센터,128.6408502,34.8656829
81,L280103,상동교차로-04,거제교통정보센터,128.6406155,34.8659642
82,L280023,상동동 독봉산웰빙공원,거제교통정보센터,128.6327801,34.8778483
83,L280024,상동동 상동사거리,거제교통정보센터,128.6317309,34.8741741
84,L280096,상동사거리-01,거제교통정보센터,128.6317261,34.8742865
85,L280097,상동사거리-02,거제교통정보센터,128.6320759,34.8743266
86,L280098,상동사거리-03,거제교통정보센터,128.6317037,34.874459
87,L280099,상동사거리-04,거제교통정보센터,128.6320775,34.8741168
88,L280025,수월동 수월삼거리,거제교통정보센터,128.6422001,34.8962048
89,L280080,수월사거리(9번교차로)-01,거제교통정보센터,128.6420211,34.8965552
90,L280081,수월사거리(9번교차로)-02,거제교통정보센터,128.6422899,34.8962592
91,L280082,수월사거리(9번교차로)-03,거제교통정보센터,128.6422849,34.896583
92,L280083,수월사거리(9번교차로)-04,거제교통정보센터,128.6421293,34.8962425
93,L280061,신촌삼거리-01,거제교통정보센터,128.6140752,34.8886591
94,L280062,신촌삼거리-02,거제교통정보센터,128.6141203,34.8887528
95,L280063,신촌삼거리-03,거제교통정보센터,128.6142573,34.8887321
96,L280104,신현중교차로(4번교차로)-01,거제교통정보센터,128.6163617,34.8898927
97,L280105,신현중교차로(4번교차로)-02,거제교통정보센터,128.6168086,34.8901379
98,L280106,신현중교차로(4번교차로)-03,거제교통정보센터,128.6163983,34.8902247
99,L280107,신현중교차로(4번교차로)-04,거제교통정보센터,128.6167995,34.8898904
100,L280026,아주동 아주대동다숲,거제교통정보센터,128.6853564,34.86783996
101,L280027,아주동 아주운동장앞사거리,거제교통정보센터,128.6904029,34.8648929
102,L280028,아주동 아주터널사거리,거제교통정보센터,128.6893953,34.8695344
103,L280092,아주터널사거리-01,거제교통정보센터,128.689584,34.869632
104,L280093,아주터널사거리-02,거제교통정보센터,128.689296,34.868966
105,L280094,아주터널사거리-03,거제교통정보센터,128.689237,34.869476
106,L280095,아주터널사거리-04,거제교통정보센터,128.689833,34.86894
107,L280084,연사삼거리-01,거제교통정보센터,128.6457407,34.9091486
108,L280085,연사삼거리-02,거제교통정보센터,128.6456406,34.9089142
109,L280086,연사삼거리-03,거제교통정보센터,128.6457875,34.9090065
110,L280029,연초면 송정IC,거제교통정보센터,128.6794582,34.9125789
111,L280030,연초면 야부삼거리,거제교통정보센터,128.666056,34.911636
112,L280031,연초면 양지휴게소후방,거제교통정보센터,128.6813392,34.90120639
113,L280032,연초면 연사삼거리,거제교통정보센터,128.6459173,34.90567356
114,L280034,연초면 연초치안센터,거제교통정보센터,128.6532241,34.9120913
115,L280033,연초면 죽토교,거제교통정보센터,128.6569197,34.91168739
116,L280090,연초삼거리-01,거제교통정보센터,128.653392,34.9119982
117,L280091,연초삼거리-02,거제교통정보센터,128.6527194,34.9118565
118,L280036,옥포동 옥포삼거리,거제교통정보센터,128.6878577,34.8930792
119,L280087,옥포삼거리-01,거제교통정보센터,128.687482,34.893304
120,L280088,옥포삼거리-02,거제교통정보센터,128.687841,34.892941
121,L280089,옥포삼거리-03,거제교통정보센터,128.687558,34.893096
122,L280037,일운면 구조라해수욕장,거제교통정보센터,128.691046,34.809313
123,L280038,일운면 망치삼거리,거제교통정보센터,128.6786684,34.8147073
124,L280039,일운면 신촌사거리,거제교통정보센터,128.6993404,34.8352579
125,L280040,일운면 와현해수욕장,거제교통정보센터,128.709425,34.8263
126,L280041,장목면 관포교차로,거제교통정보센터,128.689365,34.9910847
127,L280042,장목면 대금교차로,거제교통정보센터,128.6984487,34.9684732
128,L280043,장목면 외포교차로,거제교통정보센터,128.7102305,34.9399581
129,L280044,장승포동 두모로터리,거제교통정보센터,128.7222678,34.8703941
130,L280035,장승포동 옥림아파트사거리,거제교통정보센터,128.7199567,34.855396
131,L280045,장승포동 장승포소방서앞,거제교통정보센터,128.7297334,34.8711827
132,L280057,장평교차로-01,거제교통정보센터,128.6090561,34.8888116
133,L280058,장평교차로-02,거제교통정보센터,128.6089301,34.888742
134,L280059,장평교차로-03,거제교통정보센터,128.6091999,34.888751
135,L280060,장평교차로-04,거제교통정보센터,128.6090628,34.8887004
136,L280046,장평동 새거제관광휴게소전방,거제교통정보센터,128.5936949,34.8912037
137,L280047,장평동 신촌삼거리,거제교통정보센터,128.6142103,34.8885017
138,L280048,장평동 장평오거리,거제교통정보센터,128.6089338,34.8932442
139,L280076,중곡육교차로(8번교차로)-01,거제교통정보센터,128.6305849,34.8929352
140,L280077,중곡육교차로(8번교차로)-02,거제교통정보센터,128.6303945,34.8927648
141,L280078,중곡육교차로(8번교차로)-03,거제교통정보센터,128.6308454,34.8927965
142,L280079,중곡육교차로(8번교차로)-04,거제교통정보센터,128.6305907,34.8926522
143,L280054,침매터널(거제방향),거제교통정보센터,128.7977039,35.0202051
144,L280053,침매터널(부산방향),거제교통정보센터,128.7894504,35.018093
145,L280055,침매터널입구,거제교통정보센터,128.8090955,35.0224992
146,L280072,터미널사거리(7번교차로)-01,거제교통정보센터,128.6240553,34.8917997
147,L280073,터미널사거리(7번교차로)-02,거제교통정보센터,128.6245292,34.8918406
148,L280074,터미널사거리(7번교차로)-03,거제교통정보센터,128.6241889,34.891996
149,L280075,터미널사거리(7번교차로)-04,거제교통정보센터,128.6243878,34.891635
150,L280064,한전교차로(5번교차로)-01,거제교통정보센터,128.6180151,34.890932
151,L280065,한전교차로(5번교차로)-02,거제교통정보센터,128.6179794,34.8908612
152,L280066,한전교차로(5번교차로)-03,거제교통정보센터,128.6181215,34.8909106
153,L280067,한전교차로(5번교차로)-04,거제교통정보센터,128.6180807,34.8908389
154,E440001,경산네거리,경산교통정보센터,128.734845,35.834296
155,E440002,경산오거리,경산교통정보센터,128.737192,35.823757
156,E440009,계양네거리,경산교통정보센터,128.749202,35.823017
157,E440013,대구카톨릭대입구,경산교통정보센터,128.812032,35.907678
158,E440010,대구한의대입구 삼거리,경산교통정보센터,128.777384,35.812054
159,E440014,동강네거리,경산교통정보센터,128.833411,35.956113
160,E440003,백천교차로,경산교통정보센터,128.741001,35.807648
161,E440012,사동삼거리,경산교통정보센터,128.760183,35.818162
162,E440006,압량네거리,경산교통정보센터,128.761466,35.841519
163,E440008,역전네거리,경산교통정보센터,128.728719,35.820048
164,E440005,영대오거리,경산교통정보센터,128.747056,35.834032
165,E440011,자인교차로,경산교통정보센터,128.811569,35.815966
166,E440004,중산삼거리,경산교통정보센터,128.722551,35.835087
167,E440007,중산지구입구 삼거리,경산교통정보센터,128.716303,35.82456
168,E440015,진량읍사무소,경산교통정보센터,128.818718,35.875016
169,E350001,건천농협네거리,경주교통정보센터,129.103265,35.849555
170,E350002,경주교남단,경주교통정보센터,129.217646,35.851753
171,E350003,경주여고삼거리,경주교통정보센터,129.207758,35.857316
172,E350005,계림중네거리,경주교통정보센터,129.212894,35.863477
173,E350007,괘릉신호대,경주교통정보센터,129.314139,35.757478
174,E350008,교촌교 남단 삼거리,경주교통정보센터,129.214799,35.828513
175,E350009,구어2산업단입구교차로,경주교통정보센터,129.294693,35.709996
176,E350010,구어사거리,경주교통정보센터,129.326516,35.707485
177,E350011,구정로터리,경주교통정보센터,129.294861,35.778132
178,E350012,구황교네거리,경주교통정보센터,129.236485,35.841586
179,E350014,군부대입구신호대(동천1대대),경주교통정보센터,129.234147,35.848392
180,E350015,근화여고,경주교통정보센터,129.225681,35.872438
181,E350016,금성삼거리,경주교통정보센터,129.206144,35.817891
182,E350017,금장교네거리,경주교통정보센터,129.207121,35.865874
183,E350018,금장교차로,경주교통정보센터,129.193903,35.873003
184,E350020,나산천교,경주교통정보센터,129.46192,35.708085
185,E350021,나산초등삼거리신호대,경주교통정보센터,129.471242,35.698658
186,E350022,나정교사거리,경주교통정보센터,129.2024,35.815577
187,E350023,달성네거리,경주교통정보센터,129.243645,36.058059
188,E350025,대종천삼거리(대본삼거리),경주교통정보센터,129.480226,35.744926
189,E350026,도당터널 인근,경주교통정보센터,129.221924,35.824426
190,E350027,동궁원,경주교통정보센터,129.263407,35.851474
191,E350028,동대교네거리,경주교통정보센터,129.202217,35.856301
192,E350029,동천동,경주교통정보센터,129.24804,35.8433
193,E350030,두산위브네거리,경주교통정보센터,129.325063,35.781257
194,E350031,라한셀렉트삼거리,경주교통정보센터,129.278404,35.850715
195,E350032,문산2산단진입로네거리,경주교통정보센터,129.314749,35.672029
196,E350033,박물관네거리,경주교통정보센터,129.229265,35.831332
197,E350034,배반네거리,경주교통정보센터,129.23493,35.827678
198,E350036,보문교삼거리,경주교통정보센터,129.258372,35.846613
199,E350037,보불로삼거리,경주교통정보센터,129.30073,35.831627
200,E350038,불국사농협주유소삼거리,경주교통정보센터,129.308948,35.768722
201,E350039,블루원리조트진입로삼거리,경주교통정보센터,129.306042,35.817746
202,E350040,사천왕사지삼거리,경주교통정보센터,129.241705,35.819085
203,E350042,서라벌네거리,경주교통정보센터,129.207121,35.839281
204,E350043,서라벌대 신호대,경주교통정보센터,129.186234,35.841453
205,E350044,서라벌초입구삼거리,경주교통정보센터,129.278338,35.833722
206,E350045,서천교 서편,경주교통정보센터,129.198999,35.837368
207,E350046,석계교,경주교통정보센터,129.313889,35.679524
208,E350047,석장동 입구 삼거리(동대병원),경주교통정보센터,129.196248,35.859154
209,E350048,석탈해왕릉,경주교통정보센터,129.230843,35.851562
210,E350049,선덕네거리,경주교통정보센터,129.221326,35.836194
211,E350051,소방서 삼거리,경주교통정보센터,129.229003,35.843942
212,E350052,승삼네거리,경주교통정보센터,129.227452,35.877167
213,E350053,시청네거리,경주교통정보센터,129.224215,35.856643
214,E350055,신당교차로,경주교통정보센터,129.235691,35.889041
215,E350056,신한은행네거리,경주교통정보센터,129.211644,35.84459
216,E350057,안강네거리,경주교통정보센터,129.228282,35.991522
217,E350058,양남하서네거리,경주교통정보센터,129.46152,35.677654
218,E350059,양정로삼거리,경주교통정보센터,129.223348,35.849404
219,E350060,역전삼거리,경주교통정보센터,129.217238,35.844778
220,E350061,영마을삼거리,경주교통정보센터,129.200891,35.845162
221,E350062,오릉네거리,경주교통정보센터,129.210532,35.81991
222,E350063,외동교차로,경주교통정보센터,129.331513,35.691071
223,E350064,외동농공단지입구삼거리(다스앞),경주교통정보센터,129.331217,35.695753
224,E350065,용강네거리,경주교통정보센터,129.223793,35.867804
225,E350066,용강현진에버빌 삼거리,경주교통정보센터,129.22331,35.886069
226,E350067,용황지구,경주교통정보센터,129.230477,35.882287
227,E350068,용황휴포레입구삼거리,경주교통정보센터,129.227731,35.883391
228,E350069,읍천항 입구 삼거리,경주교통정보센터,129.473943,35.689558
229,E350070,이안아파트삼거리,경주교통정보센터,129.171775,35.844856
230,E350071,입천교신호대,경주교통정보센터,129.440386,35.791328
231,E350072,전촌네거리(감포119안전센터),경주교통정보센터,129.494027,35.79843
232,E350074,중앙시장네거리,경주교통정보센터,129.206949,35.844856
233,E350075,진리마을삼거리,경주교통정보센터,129.466335,35.681173
234,E350076,천군네거리,경주교통정보센터,129.284486,35.834463
235,E350077,천마총삼거리,경주교통정보센터,129.211728,35.839966
236,E350079,축구공원 앞,경주교통정보센터,129.208408,35.858535
237,E350080,충효교차로,경주교통정보센터,129.162129,35.834167
238,E350081,코아루진입로(국도변),경주교통정보센터,129.258917,35.808468
239,E350082,코오롱삼거리,경주교통정보센터,129.318389,35.785905
240,E350083,콜로세움 3거리,경주교통정보센터,129.268286,35.853727
241,E350084,터미널네거리,경주교통정보센터,129.202507,35.838464
242,E350085,통일전삼거리,경주교통정보센터,129.264563,35.8019
243,E350086,팔우정삼거리,경주교통정보센터,129.217088,35.841134
244,E350087,하동점마을,경주교통정보센터,129.306397,35.813089
245,E350088,현곡초등학교입구삼거리,경주교통정보센터,129.178629,35.885094
246,E350089,현곡푸르지오 입구 신호대,경주교통정보센터,129.173313,35.889533
247,E350090,화천네거리,경주교통정보센터,129.142893,35.799677
248,E350091,황금대교,경주교통정보센터,129.217962,35.882044
249,E350092,황남동주민센터,경주교통정보센터,129.207121,35.833245
250,E350093,황룡사지입구신호대(88카센터),경주교통정보센터,129.229052,35.840044
251,E350094,황성제일타운,경주교통정보센터,129.212614,35.873194
252,E350095,황성지하도네거리,경주교통정보센터,129.220338,35.8601
253,L100001,GS VMS(원당역),고양교통정보센터,126.8460024,37.6521426
254,L100002,MG새마을금고 앞 교차로,고양교통정보센터,126.883548,37.6505775
255,L100004,가라뫼4-2,고양교통정보센터,126.8438406,37.6185057
256,L100007,강선17단지,고양교통정보센터,126.7623599,37.6632475
257,L100009,고양 관산삼거리-2,고양교통정보센터,126.8573508,37.6936197
258,L100010,고양2교,고양교통정보센터,126.9044814,37.7064994
259,L100011,곡산역,고양교통정보센터,126.800924,37.645334
260,L100012,구룡사거리,고양교통정보센터,126.8754376,37.5811156
261,L100013,구룡사거리-2,고양교통정보센터,126.8754423,37.5812402
262,L100014,구산IC,고양교통정보센터,126.6802097,37.6801136
263,L100015,구산IC 주변,고양교통정보센터,126.6938783,37.6699532
264,L100016,국제전시장4,고양교통정보센터,126.7433395,37.6727497
265,L100017,내유초등학교앞,고양교통정보센터,126.8510357,37.7150105
266,L100018,노인복지회관,고양교통정보센터,126.7606868,37.6646156
267,L100021,능곡4,고양교통정보센터,126.8242748,37.6170343
268,L100022,능곡4-2,고양교통정보센터,126.8243087,37.6173202
269,L100023,능곡IC (고양->파주),고양교통정보센터,126.802813,37.6217582
270,L100024,능곡IC-2(제2자유로),고양교통정보센터,126.8031139,37.621871
271,L100025,능곡삼거리,고양교통정보센터,126.8148269,37.6249232
272,L100026,능곡삼거리-2,고양교통정보센터,126.8151434,37.6249508
273,L100027,능곡지하차도상단,고양교통정보센터,126.8338456,37.6241199
274,L100028,능곡지하차도상단4-2,고양교통정보센터,126.8338574,37.6242716
275,L100029,대곡역-1(중앙로),고양교통정보센터,126.8087659,37.6314871
276,L100030,대곡역-2(중앙로),고양교통정보센터,126.8091942,37.631724
277,L100031,대림1차107동,고양교통정보센터,126.8968464,37.6505924
278,L100032,대자삼거리,고양교통정보센터,126.8882755,37.6796962
279,L100033,덕은 리버파크브릿지-1,고양교통정보센터,126.8590004,37.5793207
280,L100034,덕은동VMS 웹카메라,고양교통정보센터,126.8625356,37.5791315
281,L100035,덕은으뜸공원사거리,고양교통정보센터,126.864574,37.578953
282,L100036,도내교차로,고양교통정보센터,126.8606116,37.6291569
283,L100037,도내교차로-2,고양교통정보센터,126.8603952,37.6289822
284,L100038,도내교차로-3,고양교통정보센터,126.8603686,37.6291913
285,L100039,도래울,고양교통정보센터,126.8697668,37.6353133
286,L100040,도래울지하차도,고양교통정보센터,126.8721486,37.6354875
287,L100041,동국대병원4,고양교통정보센터,126.8057058,37.674106
288,L100042,동국대병원4-2,고양교통정보센터,126.8054045,37.6739233
289,L100043,동산삼거리,고양교통정보센터,126.9036948,37.6476955
290,L100044,동산삼거리-2,고양교통정보센터,126.9036286,37.6476385
291,L100045,동산삼거리-3,고양교통정보센터,126.9035481,37.6477489
292,L100046,마두1동4,고양교통정보센터,126.7868987,37.6592574
293,L100047,마두지구대,고양교통정보센터,126.7786629,37.6499723
294,L100048,문촌18단지,고양교통정보센터,126.7549697,37.6671315
295,L100049,문촌19단지4,고양교통정보센터,126.7511494,37.6688764
296,L100050,"밤가시7,8단지 4-1",고양교통정보센터,126.7854113,37.6727174
297,L100051,"밤가시7,8단지 4-2",고양교통정보센터,126.7852581,37.6724801
298,L100052,백마교 사거리,고양교통정보센터,126.7919988,37.6606238
299,L100053,백마주유소4-1,고양교통정보센터,126.7919613,37.6396081
300,L100054,백마주유소4-2,고양교통정보센터,126.7920686,37.6396761
301,L100055,백마주유소4-3,고양교통정보센터,126.7921812,37.6396166
302,L100056,백양초등학교3,고양교통정보센터,126.8376286,37.6341663
303,L100057,법곳IC 서울(↑),고양교통정보센터,126.7279262,37.6628448
304,L100058,법곳IC 파주(↑),고양교통정보센터,126.7243535,37.6639489
305,L100059,법곳IC 회전교차로,고양교통정보센터,126.7250714,37.6634826
306,L100061,북로IC 주변,고양교통정보센터,126.8435992,37.5872129
307,L100062,산들마을4,고양교통정보센터,126.777738,37.6826076
308,L100063,삼성당고개,고양교통정보센터,126.8116299,37.6241681
309,L100064,삼송대림아파트102동앞,고양교통정보센터,126.8974862,37.648853
310,L100065,삼송역7번출구,고양교통정보센터,126.8960256,37.6537311
311,L100066,삼송제일교회 앞 삼거리,고양교통정보센터,126.8809478,37.6543066
312,L100067,서오릉검문소,고양교통정보센터,126.9027015,37.6202427
313,L100068,설문IC-1,고양교통정보센터,126.7890377,37.7203382
314,L100069,설문IC-2,고양교통정보센터,126.7890269,37.7201175
315,L100070,성라공원4,고양교통정보센터,126.8310063,37.6487074
316,L100071,성라공원4-2,고양교통정보센터,126.8309151,37.6484143
317,L100072,성사IC-2,고양교통정보센터,126.8499585,37.6488377
318,L100073,성사동사거리,고양교통정보센터,126.8341282,37.6547477
319,L100074,송산주민센터4,고양교통정보센터,126.7527185,37.6905394
320,L100075,수역이마을(성사동삼거리),고양교통정보센터,126.8457732,37.6652694
321,L100076,스타필드 건너편,고양교통정보센터,126.8953039,37.6453802
322,L100077,스타필드후문(동산마을22단지),고양교통정보센터,126.8912044,37.6468822
323,L100078,식사-1,고양교통정보센터,126.8076225,37.6716299
324,L100079,식사-2,고양교통정보센터,126.8088348,37.6724791
325,L100080,식사-3,고양교통정보센터,126.8116243,37.6732518
326,L100081,식사교앞,고양교통정보센터,126.8110497,37.6686032
327,L100082,식사교앞-2,고양교통정보센터,126.8116076,37.6694014
328,L100083,신원지하차도,고양교통정보센터,126.8920711,37.664196
329,L100084,신평IC,고양교통정보센터,126.7847473,37.6319834
330,L100085,신평IC 교차로,고양교통정보센터,126.7854167,37.6322206
331,L100086,신평연결로 (고양->파주),고양교통정보센터,126.7895955,37.6347867
332,L100087,안곡고등학교,고양교통정보센터,126.7865009,37.6818991
333,L100088,용두동창릉교,고양교통정보센터,126.8754438,37.6338582
334,L100089,용두사거리,고양교통정보센터,126.8821741,37.6299896
335,L100090,용두사거리-2,고양교통정보센터,126.881708,37.6303853
336,L100091,우편집중국3,고양교통정보센터,126.7836647,37.639422
337,L100092,원당역4,고양교통정보센터,126.8422232,37.6529207
338,L100093,원시티,고양교통정보센터,126.7502326,37.6598722
339,L100094,원시티-2,고양교통정보센터,126.7514921,37.6620549
340,L100095,원시티-3,고양교통정보센터,126.7482627,37.6612608
341,L100096,원신동3,고양교통정보센터,126.8477179,37.6665239
342,L100097,원흥역사거리,고양교통정보센터,126.8739123,37.6501124
343,L100098,원흥지구,고양교통정보센터,126.8771829,37.649428
344,L100099,원흥지하차도 교차로,고양교통정보센터,126.873231,37.6479972
345,L100100,이산포IC,고양교통정보센터,126.7217786,37.6571414
346,L100101,이케아사거리,고양교통정보센터,126.8663457,37.6263109
347,L100102,이케아삼거리,고양교통정보센터,126.8638352,37.6274028
348,L100103,이케아주차장입구,고양교통정보센터,126.8630025,37.630674
349,L100104,일산가구단지4,고양교통정보센터,126.7594547,37.6991125
350,L100105,일산교4,고양교통정보센터,126.7771297,37.6779741
351,L100106,일산동고등학교(탄현지구),고양교통정보센터,126.7681286,37.6996046
352,L100107,일산동구청버스정류장,고양교통정보센터,126.7732945,37.6595217
353,L100108,일산시장4,고양교통정보센터,126.7695995,37.6843521
354,L100109,일산시장4-2,고양교통정보센터,126.7698248,37.6842799
355,L100110,일산장애인복지회관,고양교통정보센터,126.7674352,37.701521
356,L100111,일산지하도4,고양교통정보센터,126.7591477,37.6867226
357,L100112,자유로JC,고양교통정보센터,126.7981464,37.6174913
358,L100113,자유로JC 주변,고양교통정보센터,126.7808359,37.6270078
359,L100114,장산IC,고양교통정보센터,126.7072516,37.6826828
360,L100115,장촌공원4,고양교통정보센터,126.7535528,37.6731963
361,L100116,장항4,고양교통정보센터,126.7701063,37.6530932
362,L100117,장항4-2,고양교통정보센터,126.7700598,37.6532957
363,L100118,장항IC,고양교통정보센터,126.7573071,37.6401731
364,L100119,장항IC 주변,고양교통정보센터,126.7703963,37.6326901
365,L100120,종합운동장 사거리,고양교통정보센터,126.7457188,37.6771974
366,L100121,주교동 고양시청_PIS,고양교통정보센터,126.8355311,37.6592606
367,L100122,지축 세븐일레븐 앞,고양교통정보센터,126.9174672,37.6489232
368,L100123,지축 세븐일레븐 앞-2,고양교통정보센터,126.9172312,37.6488935
369,L100124,지축 제이엠건너편,고양교통정보센터,126.9197954,37.652304
370,L100125,지축차량기지 앞 교차로,고양교통정보센터,126.8978353,37.6530825
371,L100126,지축차량기지앞-2,고양교통정보센터,126.8975437,37.6533701
372,L100127,진관동,고양교통정보센터,126.9097878,37.6452443
373,L100128,차병원,고양교통정보센터,126.7747403,37.654763
374,L100129,창릉동 사거리-2,고양교통정보센터,126.8870223,37.6428901
375,L100130,창릉동사거리,고양교통정보센터,126.8878395,37.6431295
376,L100131,킨텍스 그라비스타,고양교통정보센터,126.7467353,37.6633946
377,L100132,킨텍스IC,고양교통정보센터,126.7367346,37.6494244
378,L100133,킨텍스사거리,고양교통정보센터,126.7480047,37.6651251
379,L100134,킨텍스사거리-2,고양교통정보센터,126.7476619,37.6653842
380,L100135,킨텍스사거리-3,고양교통정보센터,126.7487992,37.6651252
381,L100136,킨텍스사거리-4,고양교통정보센터,126.7486574,37.6653323
382,L100137,태극단4,고양교통정보센터,126.7592889,37.692148
383,L100138,토당육교,고양교통정보센터,126.8166537,37.630449
384,L100139,파주 장곡검문소 교차로,고양교통정보센터,126.839994,37.7286607
385,L100140,필리핀참전비,고양교통정보센터,126.8733876,37.6881659
386,L100141,필리핀참전비-2,고양교통정보센터,126.8737874,37.6881777
387,L100142,학림촌,고양교통정보센터,126.7994798,37.6610346
388,L100143,한강자이101동 앞,고양교통정보센터,126.8602396,37.5803729
389,L100144,한류수변공원 앞,고양교통정보센터,126.759807,37.6595069
390,L100145,한류월드IC,고양교통정보센터,126.7487408,37.6453242
391,L100146,한류월드IC-2,고양교통정보센터,126.7483806,37.6450082
392,L100147,항공대역사거리,고양교통정보센터,126.8687689,37.6047904
393,L100148,행신4,고양교통정보센터,126.8338664,37.619308
394,L100149,행신4-2,고양교통정보센터,126.834367,37.6193216
395,L100150,행신지하차도4,고양교통정보센터,126.8491996,37.6166935
396,L100151,행신지하차도4-2,고양교통정보센터,126.8498272,37.6167402
397,L100152,행신지하차도4-3,고양교통정보센터,126.849618,37.6164385
398,L100153,행주IC,고양교통정보센터,126.8181077,37.6058985
399,L100154,행주산성4,고양교통정보센터,126.8212108,37.6101494
400,L100155,행주산성4-2,고양교통정보센터,126.8210257,37.6096713
401,L100156,향동(센트럴타워)-2,고양교통정보센터,126.8900121,37.6011078
402,L100157,향동(중앙로삼거리)-2,고양교통정보센터,126.8821693,37.591638
403,L100158,향동-1-2(센트럴타워),고양교통정보센터,126.8901582,37.6013806
404,L100159,향동2-2,고양교통정보센터,126.8827857,37.5910971
405,L100160,현천IC(파주방면),고양교통정보센터,126.8638567,37.5952062
406,L100161,호반베르디움2218동앞,고양교통정보센터,126.8900979,37.648371
407,L100162,호수주유소,고양교통정보센터,126.7648436,37.6478433
408,L100163,화전4-2,고양교통정보센터,126.8728298,37.5999858
409,L100164,화전사거리,고양교통정보센터,126.8729211,37.5999305
410,L100165,후곡2단지,고양교통정보센터,126.764195,37.6835482
411,L100166,흥도IC-1,고양교통정보센터,126.8544406,37.6227122
412,L100167,흥도IC-2,고양교통정보센터,126.854151,37.6223978
413,L100168,흥도교차로,고양교통정보센터,126.8707077,37.636914
414,L100169,흥도교차로-2,고양교통정보센터,126.8705017,37.6373694
415,L100170,흥도교차로-3,고양교통정보센터,126.8709201,37.6374034
416,L100171,흥도교차로-4,고양교통정보센터,126.8710167,37.6367152
417,L100172,흥도교차로-5,고양교통정보센터,126.8700873,37.6366239
418,E53001,2청사 로터리-1,광양교통정보센터,127.5826599,34.9787772
419,E53002,2청사 로터리-2,광양교통정보센터,127.5830538,34.9787347
420,E53003,2청사 앞 회전교차로,광양교통정보센터,127.582913,34.978924
421,E53004,LF 앞 사거리,광양교통정보센터,127.5655058,34.9642297
422,E53005,골약교차로,광양교통정보센터,127.6797273,34.9435305
423,E53006,광양경찰서 앞 사거리,광양교통정보센터,127.6027599,34.9642412
424,E53007,광양병원 앞 사거리,광양교통정보센터,127.5817062,34.9708707
425,E53008,광양읍사무소 앞 사거리,광양교통정보센터,127.5817682,34.9737298
426,E53009,광영동 부영1차 앞 삼거리,광양교통정보센터,127.7289829,34.9620324
427,E53010,광영동 부영2차 앞 삼거리,광양교통정보센터,127.7296346,34.9597632
428,E53011,광영파출소 앞 사거리,광양교통정보센터,127.7197081,34.962142
429,E53012,금정불고기 앞 사거리,광양교통정보센터,127.6951213,34.9396207
430,E53013,금호교차로,광양교통정보센터,127.7223475,34.9487549
431,E53014,길호 먹거리 타운 앞 사거리,광양교통정보센터,127.6984488,34.9285956
432,E53015,노르웨이 앞 사거리,광양교통정보센터,127.6955373,34.9501955
433,E53016,덕례 사거리,광양교통정보센터,127.5791521,34.9632621
434,E53017,도이마을 앞 삼거리,광양교통정보센터,127.6718367,34.9327588
435,E53018,도이마을 앞 삼거리,광양교통정보센터,127.6717944,34.9327362
436,E53019,마동생태공원앞 사거리,광양교통정보센터,127.6979896,34.9441559
437,E53020,목성중앙로 사거리,광양교통정보센터,127.58915,34.9747774
438,E53021,물관리센터 앞 사거리,광양교통정보센터,127.7013867,34.9390166
439,E53022,서산교 사거리,광양교통정보센터,127.5806328,34.9677586
440,E53023,석곡교 앞 삼거리,광양교통정보센터,127.6197697,35.0137334
441,E53024,석정삼거리,광양교통정보센터,127.6074308,34.965311
442,E53025,석평마을 앞 회전교차로,광양교통정보센터,127.5848405,35.0133687
443,E53026,섬거 사거리,광양교통정보센터,127.7201537,35.01842
444,E53027,성호2차 앞 사거리,광양교통정보센터,127.6891037,34.9310362
445,E53028,수월정,광양교통정보센터,127.7214819,35.0789969
446,E53029,순광로~덕용로 삼거리,광양교통정보센터,127.5542251,34.9649976
447,E53030,신원회전교차로,광양교통정보센터,127.7366691,35.0627815
448,E53031,옥곡육교 삼거리,광양교통정보센터,127.7065717,34.9849389
449,E53032,용강입구 사거리,광양교통정보센터,127.5931555,34.9749673
450,E53033,우시장 사거리,광양교통정보센터,127.5931841,34.9711614
451,E53034,월평교 앞 사거리,광양교통정보센터,127.5809492,34.9562582
452,E53035,의암 사거리,광양교통정보센터,127.7162974,34.9747623
453,E53036,의암 사거리,광양교통정보센터,127.7162588,34.9748059
454,E53037,의암교차로,광양교통정보센터,127.7185797,34.9779632
455,E53038,인동 교차로-1,광양교통정보센터,127.5892822,34.9706915
456,E53039,인동 교차로-2,광양교통정보센터,127.5895147,34.9706633
457,E53040,인동 교차로-3,광양교통정보센터,127.5897212,34.970829
458,E53041,인동교차로,광양교통정보센터,127.5894842,34.9708816
459,E53042,정산교차로,광양교통정보센터,127.676011,34.9496149
460,E53044,제철 삼거리,광양교통정보센터,127.7374589,34.9314658
461,E53043,제철 삼거리,광양교통정보센터,127.7380613,34.9317245
462,E53045,제철소 1문 앞 사거리,광양교통정보센터,127.7261711,34.9317882
463,E53047,중마교 앞 사거리,광양교통정보센터,127.6894367,34.9241042
464,E53046,중마교 앞 사거리,광양교통정보센터,127.6893484,34.9240146
465,E53048,중마동터미널 앞 사거리,광양교통정보센터,127.6981635,34.9359261
466,E53049,진월톨게이트 앞 삼거리,광양교통정보센터,127.7464328,34.9736212
467,E53050,진월톨게이트 앞 삼거리,광양교통정보센터,127.7465131,34.9736985
468,E53051,초남삼거리,광양교통정보센터,127.6226121,34.9211119
469,E53052,칠성초등학교 앞 사거리,광양교통정보센터,127.5776424,34.978471
470,E53053,컨테이너부두 사거리,광양교통정보센터,127.6891541,34.9394323
471,E53054,태인동 1664-1번지 앞 사거리,광양교통정보센터,127.7470549,34.9347964
472,E53055,해돋이식당,광양교통정보센터,127.7131949,35.0823944
473,L310032,각화문흥지구입구,광주광역시,126.934009,35.189613
474,L310002,각화사거리,광주광역시,126.937313,35.18052
475,L310106,계림오거리,광주광역시,126.920793,35.154678
476,L310040,계수사거리,광주광역시,126.856366,35.163001
477,L310050,광산IC사거리,광주광역시,126.825196,35.218538
478,L310059,광주공항사거리,광주광역시,126.81188,35.143939
479,L310003,광주역,광주광역시,126.908765,35.16444
480,L310037,광주청입구,광주광역시,126.801449,35.162464
481,L310102,광천사거리,광주광역시,126.883534,35.16157
482,L310035,광천오거리,광주광역시,126.887503,35.161071
483,L310009,금남로4가역,광주광역시,126.915316,35.150271
484,L310010,금남로5가역,광주광역시,126.909682,35.153687
485,L310085,금호동CBS사거리,광주광역시,126.858892,35.138115
486,L310064,금호삼거리,광주광역시,126.848939,35.132157
487,L310022,남광주사거리,광주광역시,126.922671,35.139421
488,L310018,내남동입구,광주광역시,126.9408,35.093497
489,L310054,농성광장,광주광역시,126.883799,35.153278
490,L310067,대성여고삼거리,광주광역시,126.899282,35.118887
491,L310024,대성초교사거리,광주광역시,126.903394,35.143966
492,L310101,대인광장,광주광역시,126.912276,35.155379
493,L310122,대촌교차로,광주광역시,126.831597,35.079706
494,L310029,도동고개삼거리,광주광역시,126.935081,35.202692
495,L310004,돌고개사거리,광주광역시,126.895846,35.151585
496,L310099,동구청오거리,광주광역시,126.921682,35.145645
497,L310045,동림IC,광주광역시,126.862893,35.1881
498,L310103,동운고가,광주광역시,126.884311,35.170909
499,L310096,두암IC,광주광역시,126.939295,35.16166
500,L310033,말바우사거리,광주광역시,126.922457,35.170768
501,L310025,매일유업사거리,광주광역시,126.780457,35.152323
502,L310093,목련사거리,광주광역시,126.817107,35.171836
503,L310086,무각사삼거리,광주광역시,126.854941,35.152591
504,L310034,무등경기장사거리,광주광역시,126.89048,35.169093
505,L310039,무진대로(유덕교~유덕IC),광주광역시,126.83689,35.16165
506,L310001,문화사거리,광주광역시,126.930945,35.181481
507,L310119,문흥지구입구사거리,광주광역시,126.92891,35.189827
508,L310011,미래로21병원,광주광역시,126.885903,35.140889
509,L310008,민주광장,광주광역시,126.919517,35.147304
510,L310065,백운광장,광주광역시,126.901536,35.133049
511,L310028,본덕교차로,광주광역시,126.770053,35.083481
512,L310117,본촌산단사거리,광주광역시,126.876241,35.19791
513,L310082,북구청사거리,광주광역시,126.912613,35.173758
514,L310073,북부경찰서사거리,광주광역시,126.898109,35.1872
515,L310069,빛고을CC사거리,광주광역시,126.901102,35.1017
516,L310110,산수오거리,광주광역시,126.931527,35.154486
517,L310043,산월IC,광주광역시,126.839512,35.202292
518,L310107,산장입구사거리,광주광역시,126.920765,35.161064
519,L310058,상록공원교차로,광주광역시,126.887919,35.15348
520,L310038,상무교차로,광주광역시,126.81971,35.161285
521,L310056,상무마륵역삼거리,광주광역시,126.841211,35.143101
522,L310057,상무역사거리,광주광역시,126.848664,35.146537
523,L310098,서광주역교차로,광주광역시,126.848038,35.126592
524,L310071,서방사거리,광주광역시,126.919368,35.164592
525,L310055,서창IC,광주광역시,126.832354,35.139805
526,L310030,석곡파출소,광주광역시,126.945131,35.210404
527,L310017,소태IC,광주광역시,126.934543,35.116567
528,L310068,송암고가IC,광주광역시,126.880169,35.106214
529,L310075,송정사랑병원사거리,광주광역시,126.796886,35.134789
530,L310053,송정역,광주광역시,126.789685,35.134543
531,L310027,송정유림마을,광주광역시,126.777912,35.101437
532,L310089,수완골웃교,광주광역시,126.819245,35.202665
533,L310092,수완성덕교사거리,광주광역시,126.823796,35.190413
534,L310111,신가지구입구사거리,광주광역시,126.829475,35.178555
535,L310016,신너릿재입구,광주광역시,126.950336,35.087495
536,L310072,신안교삼거리,광주광역시,126.895925,35.170901
537,L310094,신용교차로,광주광역시,126.866658,35.213917
538,L310019,신우아파트사거리,광주광역시,126.894231,35.140262
539,L310060,쌍촌역사거리,광주광역시,126.873134,35.151559
540,L310005,양동시장사거리,광주광역시,126.902585,35.155611
541,L310021,양림주공사거리,광주광역시,126.915996,35.134367
542,L310087,양산사거리,광주광역시,126.874183,35.211013
543,L310090,어린이교통공원,광주광역시,126.853086,35.217299
544,L310047,연제교차로,광주광역시,126.867,35.206
545,L310013,염주체육관사거리,광주광역시,126.877868,35.137399
546,L310062,영광통사거리,광주광역시,126.794549,35.141
547,L310042,예술고사거리,광주광역시,126.873202,35.181809
548,L310116,오선교차로,광주광역시,126.79334,35.20326
549,L310084,오치사거리,광주광역시,126.905116,35.187043
550,L310046,용두교차로,광주광역시,126.870967,35.224747
551,L310074,용봉IC,광주광역시,126.89862,35.184045
552,L310041,용산IC,광주광역시,126.918236,35.12211
553,L310081,용산교차로,광주광역시,126.892451,35.2391321
554,L310048,우석교,광주광역시,126.856755,35.17288
555,L310088,운남6단지사거리,광주광역시,126.81782,35.179412
556,L310036,운수IC,광주광역시,126.787169,35.160122
557,L310044,운암사거리,광주광역시,126.879364,35.176411
558,L310020,운진각사거리,광주광역시,126.891279,35.14387
559,L310061,운천저수지사거리,광주광역시,126.856313,35.149733
560,L310120,원광대한방병원사거리,광주광역시,126.88675,35.130116
561,L310012,월드컵경기장,광주광역시,126.871624,35.134463
562,L310051,월출교차로,광주광역시,126.881965,35.244804
563,L310006,유동사거리,광주광역시,126.905009,35.156884
564,L310083,일곡교차로,광주광역시,126.901625,35.214617
565,L310076,일곡지구입구,광주광역시,126.899914,35.203191
566,L310007,임동오거리,광주광역시,126.899513,35.158993
567,L310100,장동사거리,광주광역시,126.922164,35.149861
568,L310070,전대입구사거리,광주광역시,126.902887,35.168717
569,L310115,절골,광주광역시,126.781317,35.168738
570,L310108,정부청사입구,광주광역시,126.847906,35.226599
571,L310109,조대사거리,광주광역시,126.925566,35.144216
572,L310124,주월파출소사거리,광주광역시,126.893219,35.133141
573,L310105,중앙대교사거리,광주광역시,126.911922,35.147393
574,L310104,중앙초교사거리,광주광역시,126.917899,35.152012
575,L310118,중외공원삼거리,광주광역시,126.880946,35.181098
576,L310078,지평교차로,광주광역시,126.7276,35.154758
577,L310023,천교사거리,광주광역시,126.906667,35.151121
578,L310091,첨단고가사거리,광주광역시,126.828821,35.212999
579,L310114,첨단과학기술원후문,광주광역시,126.834958,35.228717
580,L310095,첨단우리은행사거리,광주광역시,126.841732,35.217551
581,L310052,첨단은혜학교삼거리,광주광역시,126.8526232,35.2318454
582,L310026,평동산단4번로사거리,광주광역시,126.775618,35.125796
583,L310014,풍금사거리,광주광역시,126.85912,35.132178
584,L310121,풍암IC,광주광역시,126.859951,35.120749
585,L310123,풍암저수지,광주광역시,126.869586,35.125718
586,L310049,하남9번로입구삼거리,광주광역시,126.818353,35.213692
587,L310112,하남부영아파트사거리,광주광역시,126.795054,35.180273
588,L310079,하남산단6번로사거리,광주광역시,126.810109,35.202381
589,L310080,하남홈플러스사거리,광주광역시,126.8049776,35.1746008
590,L310015,학동삼거리,광주광역시,126.928066,35.133491
591,L310097,학운IC,광주광역시,126.939259,35.132294
592,L310063,한국은행사거리,광주광역시,126.847988,35.159106
593,L310077,호남대캠퍼스사거리,광주광역시,126.768629,35.149372
594,L310066,효덕IC,광주광역시,126.896313,35.1117
595,L310031,효죽,광주광역시,126.924404,35.172518
596,L310113,흑석사거리,광주광역시,126.808558,35.180385
597,L410045,4공단양포교네거리,구미교통정보센터,128.43018277,36.13746366
598,L410022,KBS네거리,구미교통정보센터,128.35712,36.119745
599,L410079,LG P6E공장앞(LG디스플레이),구미교통정보센터,128.4059629,36.09812091
600,L410007,LG전자공장사거리,구미교통정보센터,128.385591,36.092854
601,L410019,강변도로삼거리,구미교통정보센터,128.393614,36.092827
602,L410043,공단본부앞(시내),구미교통정보센터,128.376951,36.111055
603,L410044,공단본부앞(인동),구미교통정보센터,128.37719679,36.11104844
604,L410069,광평삼거리,구미교통정보센터,128.366393,36.10211
605,L410040,광평오거리,구미교통정보센터,128.362965,36.10351
606,L410003,괴곡교차로,구미교통정보센터,128.415133,36.165122
607,L410039,구금오공대네거리,구미교통정보센터,128.362939,36.117974
608,L410062,구미IC,구미교통정보센터,128.360397,36.119563
609,L410028,구미고네거리,구미교통정보센터,128.333568,36.135403
610,L410026,구미대학교앞,구미교통정보센터,128.286701,36.149548
611,L410078,구미소망 장로교회 앞,구미교통정보센터,128.3435459,36.1100113
612,L410077,구평영무예다음네거리,구미교통정보센터,128.444737,36.092702
613,L410051,금오공대입구삼거리(금오교),구미교통정보센터,128.398711,36.136412
614,L410018,길수교차로,구미교통정보센터,128.369873,36.19683
615,L410002,남구미대교네거리,구미교통정보센터,128.384447,36.082876
616,L410052,대백마트 앞,구미교통정보센터,128.428654,36.13340881
617,L410080,돌고개,구미교통정보센터,128.412987,36.117445
618,L410001,박정희대통령생가,구미교통정보센터,128.350209,36.088537
619,L410013,봉곡네거리,구미교통정보센터,128.309582,36.140603
620,L410027,봉곡파워마트네거리,구미교통정보센터,128.310198,36.148932
621,L410067,북구미IC주유소삼거리,구미교통정보센터,128.3088188,36.13892819
622,L410074,비산교차로,구미교통정보센터,128.3525743,36.1274706
623,L410084,비산네거리,구미교통정보센터,128.385544,36.122626
624,L410005,사곡 오거리,구미교통정보센터,128.356638,36.104035
625,L410073,삼성SDS 삼거리,구미교통정보센터,128.41028,36.110937
626,L410068,상공회의소네거리,구미교통정보센터,128.352145,36.117869
627,L410055,선산생곡리고개,구미교통정보센터,128.313599,36.26111
628,L410053,선산시외버스터미널사거리,구미교통정보센터,128.304792,36.241733
629,L410025,선산읍무을방면 선산IC,구미교통정보센터,128.282492,36.240478
630,L410054,세무서네거리,구미교통정보센터,128.386154,36.111044
631,L410059,소로골네거리,구미교통정보센터,128.326632,36.137378
632,L410020,송정동 삼거리,구미교통정보센터,128.338924,36.122421
633,L410072,수출탑삼거리,구미교통정보센터,128.36398,36.111034
634,L410023,순천향네거리,구미교통정보센터,128.385906,36.102127
635,L410048,시민운동장 입구,구미교통정보센터,128.3555367,36.11193081
636,L410075,신평네거리,구미교통정보센터,128.362773,36.123406
637,L410086,신평주유소네거리(신평시장방면),구미교통정보센터,128.35990664,36.12464139
638,L410036,신평주유소네거리(주유소방면),구미교통정보센터,128.359733,36.124693
639,L410035,실트론3공장사거리,구미교통정보센터,128.410559,36.092167
640,L410012,아사히글라스삼거리,구미교통정보센터,128.448081,36.147792
641,L410016,양포파출소앞삼거리,구미교통정보센터,128.418488,36.147166
642,L410010,오태 삼거리,구미교통정보센터,128.373793,36.072599
643,L410008,오태교삼거리,구미교통정보센터,128.375656,36.083624
644,L410042,오태동자동차매매상사앞,구미교통정보센터,128.350731,36.07431
645,L410070,오태아울렛앞(박정희로입구)삼거리,구미교통정보센터,128.353642,36.079101
646,L410056,옥계교 삼거리,구미교통정보센터,128.416842,36.134187
647,L410066,옥계지하차도네거리,구미교통정보센터,128.418585,36.136381
648,L410060,우림필유삼거리,구미교통정보센터,128.375546,36.124055
649,L410057,우미린 사거리,구미교통정보센터,128.4348243,36.16113249
650,L410082,우체국 삼거리,구미교통정보센터,128.3429612,36.11757392
651,L410076,원지교(지산고가)네거리,구미교통정보센터,128.343347,36.128849
652,L410034,원평동각산네거리,구미교통정보센터,128.334182,36.124867
653,L410032,원평동금오산네거리,구미교통정보센터,128.3376,36.126352
654,L410021,원평동원평네거리(금오웨딩),구미교통정보센터,128.340234,36.129275
655,L410030,원평동원평네거리(터미널),구미교통정보센터,128.34038529,36.12921846
656,L410031,원평동제2구미교네거리,구미교통정보센터,128.323025,36.13237
657,L410029,원호대우아파트북측,구미교통정보센터,128.32873,36.153873
658,L410004,인동광장교차로,구미교통정보센터,128.416027,36.111003
659,L410024,인동네거리,구미교통정보센터,128.420377,36.105232
660,L410061,인의동도로교통공단앞(구평방면),구미교통정보센터,128.43090351,36.09485189
661,L410049,인의동도로교통공단앞(인동광장방면),구미교통정보센터,128.43073241,36.09490687
662,L410050,임수교네거리,구미교통정보센터,128.406107,36.105533
663,L410011,임수동전자공고앞삼거리,구미교통정보센터,128.401058,36.110928
664,L410047,임오삼거리,구미교통정보센터,128.380499,36.077058
665,L410009,임은삼거리,구미교통정보센터,128.361452,36.087427
666,L410041,적림사거리,구미교통정보센터,128.435779,36.169041
667,L410087,전원리빙필네거리,구미교통정보센터,128.3361384,36.1106551
668,L410085,정도관 삼거리,구미교통정보센터,128.32315448,36.15191938
669,L410071,중앙시장 네거리,구미교통정보센터,128.33206006,36.13351065
670,L410063,지산교차로,구미교통정보센터,128.3544753,36.1374225
671,L410083,지산동지산사거리,구미교통정보센터,128.341628,36.13086
672,L410033,지상뉴매틱앞사거리,구미교통정보센터,128.43484567,36.15407419
673,L410006,참테크사거리,구미교통정보센터,128.446912,36.137746
674,L410046,코오롱네거리,구미교통정보센터,128.366492,36.111009
675,L410058,터미널앞 네거리,구미교통정보센터,128.351776,36.123603
676,L410065,하장2교,구미교통정보센터,128.485949,36.134846
677,L410015,한화시스템 구미사업장 앞,구미교통정보센터,128.3934401,36.102328
678,L410014,항곡삼거리,구미교통정보센터,128.34922,36.185755
679,L410017,해마루공원네거리,구미교통정보센터,128.428724,36.143317
680,L410038,형곡4주공네거리,구미교통정보센터,128.338392,36.111632
681,L410037,형곡네거리,구미교통정보센터,128.338945,36.115472
682,L410081,호반베르디움118동앞,구미교통정보센터,128.4301541,36.14766475
683,L410064,황상동입구 삼거리,구미교통정보센터,128.424607,36.11085
684,E910000,[경부선][부산]경부동탄터널(부산1),국가교통정보센터(고속도로),127.095211,37.204393
685,E910001,[경부선][부산]경부동탄터널(부산2),국가교통정보센터(고속도로),127.095185,37.2024
686,E910002,[경부선][부산]경부동탄터널(부산3),국가교통정보센터(고속도로),127.09522,37.200144
687,E910003,[경부선][부산]경부동탄터널(부산4),국가교통정보센터(고속도로),127.095198,37.19787
688,E910004,[경부선][부산]경부동탄터널(부산5),국가교통정보센터(고속도로),127.095162,37.195621
689,E910005,[경부선][부산]경부동탄터널(입구방음터널),국가교통정보센터(고속도로),127.095186,37.207042
690,E910006,[경부선][부산]경부동탄터널(출구),국가교통정보센터(고속도로),127.095229,37.188535
691,E910007,[경부선][부산]경부동탄터널(출구방음터널),국가교통정보센터(고속도로),127.095223,37.193552
692,E910009,[경부선][부산]대전터널(부산외부1),국가교통정보센터(고속도로),127.459505,36.35468
693,E910008,[경부선][부산]대전터널(부산외부2),국가교통정보센터(고속도로),127.471433,36.346345
694,E910010,[경부선][부산]옥천1터널(부산3),국가교통정보센터(고속도로),127.648687,36.282403
695,E910011,[경부선][부산]황간터널(부산2),국가교통정보센터(고속도로),127.941261,36.211642
696,E910012,[경부선][서울]경부동탄터널(서울1),국가교통정보센터(고속도로),127.095739,37.192276
697,E910013,[경부선][서울]경부동탄터널(서울2),국가교통정보센터(고속도로),127.095739,37.19497299
698,E910014,[경부선][서울]경부동탄터널(서울3),국가교통정보센터(고속도로),127.095739,37.19676971
699,E910015,[경부선][서울]경부동탄터널(서울4),국가교통정보센터(고속도로),127.095739,37.19945908
700,E910016,[경부선][서울]경부동탄터널(서울5),국가교통정보센터(고속도로),127.095739,37.20215225
701,E910017,[경부선][서울]경부동탄터널(입구방음터널),국가교통정보센터(고속도로),127.095698,37.192195
702,E910018,[경부선][서울]경부동탄터널(출구),국가교통정보센터(고속도로),127.09575,37.207194
703,E910019,[경부선][서울]경부동탄터널(출구방음터널),국가교통정보센터(고속도로),127.095739,37.206036
704,E910020,[경부선][서울]경주터널(서울2),국가교통정보센터(고속도로),129.063064,35.87073
705,E910021,[경부선][서울]옥천1터널(서울2),국가교통정보센터(고속도로),127.655006,36.281141
706,E910022,[경부선][서울]황간터널(서울2),국가교통정보센터(고속도로),127.94126,36.211642
707,E910023,[경부선]가락,국가교통정보센터(고속도로),127.374618530273,36.6736335754394
708,E910024,[경부선]가마육교,국가교통정보센터(고속도로),127.387145,36.618703
709,E910025,[경부선]가양대교,국가교통정보센터(고속도로),127.458114624023,36.355785369873
710,E910026,[경부선]감절교,국가교통정보센터(고속도로),127.277427673339,36.7330360412597
711,E910027,[경부선]감천교,국가교통정보센터(고속도로),128.1273712,36.12644462
712,E910028,[경부선]감천교2,국가교통정보센터(고속도로),128.135513305664,36.1243858337402
713,E910029,[경부선]강서,국가교통정보센터(고속도로),127.393901,36.614992
714,E910030,[경부선]강정,국가교통정보센터(고속도로),127.3237076,36.72351456
715,E910031,[경부선]강회육교,국가교통정보센터(고속도로),128.8785447,35.88971039
716,E910032,[경부선]건천IC,국가교통정보센터(고속도로),129.085483,35.84346607
717,E910033,[경부선]건천휴게소,국가교통정보센터(고속도로),129.0997048,35.83252586
718,E910034,[경부선]건천휴게소(부산),국가교통정보센터(고속도로),129.109664916992,35.8310317993164
719,E910037,[경부선]검단,국가교통정보센터(고속도로),128.613122,35.915494
720,E910035,[경부선]검단졸음쉼터(부산),국가교통정보센터(고속도로),128.617630004882,35.9161262512207
721,E910036,[경부선]검단졸음쉼터(서울),국가교통정보센터(고속도로),128.613311767578,35.915355682373
722,E910038,[경부선]격납고,국가교통정보센터(고속도로),129.1059418,35.52709961
723,E910039,[경부선]경산,국가교통정보센터(고속도로),128.788112,35.87683603
724,E910040,[경부선]경산1교,국가교통정보센터(고속도로),128.8389549,35.87977221
725,E910041,[경부선]경산휴게소,국가교통정보센터(고속도로),128.8115805,35.87809076
726,E910042,[경부선]경주IC,국가교통정보센터(고속도로),129.185451,35.807621
727,E910043,[경부선]경주남산,국가교통정보센터(고속도로),129.1915131,35.78187561
728,E910044,[경부선]경주터널,국가교통정보센터(고속도로),129.072144,35.864423
729,E910045,[경부선]경주터널2,국가교통정보센터(고속도로),129.057345,35.876508
730,E910046,[경부선]경주휴게소,국가교통정보센터(고속도로),129.1940688,35.7229378
731,E910047,[경부선]계룡2교,국가교통정보센터(고속도로),127.97028,36.21306
732,E910048,[경부선]계족,국가교통정보센터(고속도로),127.428719,36.376153
733,E910049,[경부선]공세육교,국가교통정보센터(고속도로),127.1042636,37.24348052
734,E910050,[경부선]광명,국가교통정보센터(고속도로),129.171333,35.813176
735,E910051,[경부선]광명교,국가교통정보센터(고속도로),129.15528,35.81833
736,E910052,[경부선]광천,국가교통정보센터(고속도로),128.015162,36.174586
737,E910053,[경부선]광평교,국가교통정보센터(고속도로),128.3622475,36.10278046
738,E910054,[경부선]구미,국가교통정보센터(고속도로),128.359908,36.11184072
739,E910060,[경부선]구미1교,국가교통정보센터(고속도로),128.3280792,36.13458633
740,E910055,[경부선]구서,국가교통정보센터(고속도로),129.1016331,35.2568233
741,E910061,[경부선]구서신현마을,국가교통정보센터(고속도로),129.101944,35.2578392
742,E910056,[경부선]구성2교,국가교통정보센터(고속도로),127.16847,36.794627
743,E910057,[경부선]구성육교,국가교통정보센터(고속도로),127.1661613,36.80091533
744,E910058,[경부선]구암,국가교통정보센터(고속도로),128.935409545898,35.9119606018066
745,E910062,[경부선]구촌교,국가교통정보센터(고속도로),127.831604003906,36.2704124450683
746,E910059,[경부선]국사교,국가교통정보센터(고속도로),127.364799499511,36.6850776672363
747,E910063,[경부선]금강,국가교통정보센터(고속도로),127.66806,36.27944
748,E910064,[경부선]금강1교,국가교통정보센터(고속도로),127.415691,36.461522
749,E910065,[경부선]금강휴게소(광장),국가교통정보센터(고속도로),127.668268,36.279156
750,E910066,[경부선]금계,국가교통정보센터(고속도로),127.349394,36.712319
751,E910067,[경부선]금계2교,국가교통정보센터(고속도로),127.852836608886,36.2548904418945
752,E910068,[경부선]금곡교,국가교통정보센터(고속도로),127.103224,37.34675865
753,E910069,[경부선]금곡정류장,국가교통정보센터(고속도로),127.788421,36.281705
754,E910070,[경부선]금척교,국가교통정보센터(고속도로),129.1171744,35.82987706
755,E910072,[경부선]금토분기점1,국가교통정보센터(고속도로),127.08472,37.4153
756,E910071,[경부선]금토분기점2,국가교통정보센터(고속도로),127.086135864257,37.4141845703125
757,E910073,[경부선]금현동,국가교통정보센터(고속도로),127.084731,37.415971
758,E910074,[경부선]금호2교,국가교통정보센터(고속도로),128.635192871093,35.9169883728027
759,E910075,[경부선]금호3교,국가교통정보센터(고속도로),128.773,35.8803
760,E910076,[경부선]금호분기점,국가교통정보센터(고속도로),128.522714,35.89321
761,E910077,[경부선]금호분기점2,국가교통정보센터(고속도로),128.5242004,35.89289856
762,E910079,[경부선]금호분기점3,국가교통정보센터(고속도로),128.5209503,35.89345932
763,E910078,[경부선]금호분기점4,국가교통정보센터(고속도로),129.01595,35.895544
764,E910080,[경부선]기흥,국가교통정보센터(고속도로),127.104398,37.226449
765,E910081,[경부선]기흥동탄,국가교통정보센터(고속도로),127.101335,37.222297
766,E910082,[경부선]기흥휴게소(부산),국가교통정보센터(고속도로),127.10611,37.23583
767,E910083,[경부선]김천,국가교통정보센터(고속도로),128.0945745,36.13384808
768,E910084,[경부선]김천2,국가교통정보센터(고속도로),128.102416992187,36.1333923339843
769,E910085,[경부선]김천분기점,국가교통정보센터(고속도로),128.2656298,36.1644747
770,E910086,[경부선]김천분기점2,국가교통정보센터(고속도로),128.2667,36.1573
771,E910087,[경부선]낙동강교,국가교통정보센터(고속도로),128.394973754882,36.0697212219238
772,E910088,[경부선]낙동대교,국가교통정보센터(고속도로),128.393092,36.070261
773,E910089,[경부선]남구미,국가교통정보센터(고속도로),128.370386,36.07024932
774,E910090,[경부선]남사육교,국가교통정보센터(고속도로),127.09806,37.12583
775,E910091,[경부선]남사정류장,국가교통정보센터(고속도로),127.125675,37.085919
776,E910092,[경부선]남사졸음쉼터,국가교통정보센터(고속도로),127.122673034667,37.0919647216796
777,E910093,[경부선]남이,국가교통정보센터(고속도로),127.4253944,36.59226396
778,E910094,[경부선]남이고개,국가교통정보센터(고속도로),127.427421,36.576314
779,E910095,[경부선]남이분기점,국가교통정보센터(고속도로),127.42167,36.59556
780,E910096,[경부선]남이분기점2,국가교통정보센터(고속도로),127.415748596191,36.6013946533203
781,E910097,[경부선]남이육교,국가교통정보센터(고속도로),127.432051,36.549726
782,E910098,[경부선]남청주,국가교통정보센터(고속도로),127.430364,36.538302
783,E910099,[경부선]남청주육교,국가교통정보센터(고속도로),127.430225,36.534643
784,E910100,[경부선]내남정류장,국가교통정보센터(고속도로),129.196873,35.76089984
785,E910101,[경부선]내남졸음쉼터,국가교통정보센터(고속도로),129.1946018,35.75106999
786,E910102,[경부선]내원교,국가교통정보센터(고속도로),129.076292,35.442735
787,E910103,[경부선]내원휴게소,국가교통정보센터(고속도로),129.07164,35.43723679
788,E910105,[경부선]노근2교,국가교통정보센터(고속도로),127.87937,36.220352
789,E910106,[경부선]노근육교,국가교통정보센터(고속도로),127.894272,36.216937
790,E910107,[경부선]노근철교,국가교통정보센터(고속도로),127.883999,36.218832
791,E910108,[경부선]노포교,국가교통정보센터(고속도로),129.1019219,35.28603899
792,E910104,[경부선]녹동육교,국가교통정보센터(고속도로),129.0834108,35.29905871
793,E910109,[경부선]농소,국가교통정보센터(고속도로),128.160064697265,36.1304512023925
794,E910110,[경부선]달래내1,국가교통정보센터(고속도로),127.07639,37.42444
795,E910111,[경부선]달래내2,국가교통정보센터(고속도로),127.069449,37.430381
796,E910112,[경부선]대룡,국가교통정보센터(고속도로),129.092834472656,35.2910537719726
797,E910113,[경부선]대림육교,국가교통정보센터(고속도로),128.7421875,35.8721122741699
798,E910114,[경부선]대신,국가교통정보센터(고속도로),128.183219,36.14141
799,E910115,[경부선]대신2교,국가교통정보센터(고속도로),128.1937105,36.15539621
800,E910116,[경부선]대전,국가교통정보센터(고속도로),127.4530556,36.36027778
801,E910117,[경부선]대창정류장,국가교통정보센터(고속도로),128.9050091,35.90314228
802,E910118,[경부선]대평교,국가교통정보센터(고속도로),128.462432861328,35.9394149780273
803,E910119,[경부선]대화,국가교통정보센터(고속도로),127.2529,36.7365
804,E910120,[경부선]덕곡,국가교통정보센터(고속도로),127.9507125,36.21045649
805,E910121,[경부선]덕암,국가교통정보센터(고속도로),127.41759,36.43124
806,E910122,[경부선]덕운육교,국가교통정보센터(고속도로),129.055907,35.390405
807,E910123,[경부선]덕천교,국가교통정보센터(고속도로),128.04524,36.14305
808,E910124,[경부선]도동분기점,국가교통정보센터(고속도로),128.66534,35.912414
809,E910125,[경부선]도동분기점2,국가교통정보센터(고속도로),128.668685913085,35.90966796875
810,E910126,[경부선]도량2교,국가교통정보센터(고속도로),128.3208257,36.13587651
811,E910127,[경부선]도천,국가교통정보센터(고속도로),129.015641,35.895888
812,E910128,[경부선]동김천,국가교통정보센터(고속도로),128.176374,36.136003
813,E910129,[경부선]동내교,국가교통정보센터(고속도로),128.738464355468,35.8740768432617
814,E910130,[경부선]동대구,국가교통정보센터(고속도로),128.697937,35.883294
815,E910131,[경부선]동대구2,국가교통정보센터(고속도로),128.6830597,35.89292908
816,E910132,[경부선]동이,국가교통정보센터(고속도로),127.62596130371,36.2928810119628
817,E910133,[경부선]동이정류장,국가교통정보센터(고속도로),127.6383549,36.29054125
818,E910134,[경부선]동탄분기점,국가교통정보센터(고속도로),127.0958333,37.18194444
819,E910135,[경부선]두서,국가교통정보센터(고속도로),129.16091,35.634644
820,E910136,[경부선]망향휴게소,국가교통정보센터(고속도로),127.185748,36.86200465
821,E910137,[경부선]매봉1육교,국가교통정보센터(고속도로),127.427947998046,36.4719085693359
822,E910138,[경부선]매원,국가교통정보센터(고속도로),128.427026,35.996099
823,E910139,[경부선]매화리,국가교통정보센터(고속도로),127.5897,36.3012
824,E910141,[경부선]모량교,국가교통정보센터(고속도로),129.13623046875,35.8191223144531
825,E910140,[경부선]목천,국가교통정보센터(고속도로),127.218248,36.76017399
826,E910142,[경부선]목천(고정),국가교통정보센터(고속도로),127.218767,36.760002
827,E910143,[경부선]몽단이고개,국가교통정보센터(고속도로),127.37167,36.67889
828,E910144,[경부선]문덕,국가교통정보센터(고속도로),127.1868,36.869
829,E910145,[경부선]문덕육교,국가교통정보센터(고속도로),127.189638,36.88200465
830,E910146,[경부선]미호교,국가교통정보센터(고속도로),129.1806024,35.6807634
831,E910147,[경부선]미호천교,국가교통정보센터(고속도로),127.376944,36.644722
832,E910148,[경부선]반정1교,국가교통정보센터(고속도로),128.996841430664,35.9261207580566
833,E910149,[경부선]방촌,국가교통정보센터(고속도로),128.6779655,35.89673699
834,E910150,[경부선]백록1교,국가교통정보센터(고속도로),129.081390380859,35.4580268859863
835,E910151,[경부선]백현,국가교통정보센터(고속도로),127.103568,37.376041
836,E910152,[경부선]법동,국가교통정보센터(고속도로),127.435306,36.370998
837,E910153,[경부선]병천2교,국가교통정보센터(고속도로),127.3100273,36.72617465
838,E910154,[경부선]보정교,국가교통정보센터(고속도로),127.104102,37.252236
839,E910155,[경부선]봉산정류장,국가교통정보센터(고속도로),128.032784,36.151182
840,E910157,[경부선]부산동,국가교통정보센터(고속도로),127.086496,37.155528
841,E910158,[경부선]부산영업소,국가교통정보센터(고속도로),129.1073715,35.2776357
842,E910159,[경부선]부지,국가교통정보센터(고속도로),129.194091,35.756868
843,E910160,[경부선]북구미IC,국가교통정보센터(고속도로),128.306564331054,36.1410484313964
844,E910156,[경부선]북대구,국가교통정보센터(고속도로),128.5812215,35.90886802
845,E910161,[경부선]북천안,국가교통정보센터(고속도로),127.18901,36.89703
846,E910162,[경부선]비래교,국가교통정보센터(고속도로),127.447563171386,36.3674201965332
847,E910163,[경부선]비룡분기점,국가교통정보센터(고속도로),127.48306,36.3425
848,E910164,[경부선]비상활주로,국가교통정보센터(고속도로),129.105748,35.525502
849,E910165,[경부선]사곡,국가교통정보센터(고속도로),128.361770629882,36.105785369873
850,E910166,[경부선]사복육교,국가교통정보센터(고속도로),128.74938,35.870332
851,E910167,[경부선]사송,국가교통정보센터(고속도로),129.05931,35.320083
852,E910168,[경부선]사정,국가교통정보센터(고속도로),127.3306350708,36.7205848693847
853,E910169,[경부선]산하,국가교통정보센터(고속도로),127.128044128417,37.0801200866699
854,E910170,[경부선]삼양터널,국가교통정보센터(고속도로),127.57528,36.30806
855,E910171,[경부선]삼평터널(서울),국가교통정보센터(고속도로),127.097582,37.403541
856,E910172,[경부선]상갈,국가교통정보센터(고속도로),127.104048,37.266929
857,E910173,[경부선]상북대석,국가교통정보센터(고속도로),129.0568237,35.39230347
858,E910174,[경부선]상서,국가교통정보센터(고속도로),127.4182,36.4494
859,E910175,[경부선]상적교,국가교통정보센터(고속도로),127.060888,37.439058
860,E910176,[경부선]상천교,국가교통정보센터(고속도로),129.100494384765,35.5115242004394
861,E910177,[경부선]새말교,국가교통정보센터(고속도로),129.1932702,35.79191901
862,E910178,[경부선]서당천교,국가교통정보센터(고속도로),129.011045,35.901312
863,E910182,[경부선]서울산,국가교통정보센터(고속도로),129.1235921,35.55280685
864,E910179,[경부선]서울영업소,국가교통정보센터(고속도로),127.1025,37.36556
865,E910183,[경부선]서울영업소-광장,국가교통정보센터(고속도로),127.103317260742,37.3587951660156
866,E910184,[경부선]서울주JC2,국가교통정보센터(고속도로),129.103242,35.517768
867,E910185,[경부선]서초,국가교통정보센터(고속도로),127.02583,37.48306
868,E910180,[경부선]석계정류장,국가교통정보센터(고속도로),129.061998,35.411311
869,E910186,[경부선]석문암(활천),국가교통정보센터(고속도로),129.1901855,35.70988846
870,E910187,[경부선]석산,국가교통정보센터(고속도로),129.046112060546,35.3271331787109
871,E910188,[경부선]석실육교,국가교통정보센터(고속도로),127.42650604248,36.5838470458984
872,E910181,[경부선]석적교,국가교통정보센터(고속도로),128.408615,36.049821
873,E910189,[경부선]선동,국가교통정보센터(고속도로),127.43111,36.48056
874,E910190,[경부선]선동교,국가교통정보센터(고속도로),129.104049682617,35.261978149414
875,E910191,[경부선]선산육교,국가교통정보센터(고속도로),128.338150024414,36.1311798095703
876,E910193,[경부선]성남1,국가교통정보센터(고속도로),127.243467,36.741756
877,E910192,[경부선]성남2,국가교통정보센터(고속도로),127.227661132812,36.7454185485839
878,E910194,[경부선]성천교,국가교통정보센터(고속도로),129.0846404,35.46612216
879,E910196,[경부선]소계2교,국가교통정보센터(고속도로),127.922859191894,36.2216682434082
880,E910197,[경부선]소도교,국가교통정보센터(고속도로),127.615966,36.291881
881,E910198,[경부선]소토,국가교통정보센터(고속도로),129.053756713867,35.3845977783203
882,E910195,[경부선]속창육교,국가교통정보센터(고속도로),127.284674,36.734244
883,E910199,[경부선]송선2교,국가교통정보센터(고속도로),128.294708251953,36.1459236145019
884,E910200,[경부선]송천,국가교통정보센터(고속도로),128.268754,36.158757
885,E910201,[경부선]송촌,국가교통정보센터(고속도로),127.44181,36.37008
886,E910202,[경부선]송포,국가교통정보센터(고속도로),128.98389,35.93333
887,E910203,[경부선]수락,국가교통정보센터(고속도로),127.3519555,36.69816221
888,E910204,[경부선]수원,국가교통정보센터(고속도로),127.103583,37.26395
889,E910205,[경부선]수의,국가교통정보센터(고속도로),127.40861,36.60583
890,E910206,[경부선]승두교,국가교통정보센터(고속도로),127.16083,36.98083
891,E910207,[경부선]신갈BS,국가교통정보센터(고속도로),127.104068,37.273917
892,E910208,[경부선]신갈분기점,국가교통정보센터(고속도로),127.10389,37.29111
893,E910209,[경부선]신갈분기점2,국가교통정보센터(고속도로),127.1058333,37.28
894,E910210,[경부선]신계,국가교통정보센터(고속도로),127.204247,36.766359
895,E910211,[경부선]신대철교,국가교통정보센터(고속도로),127.418274,36.397516
896,E910212,[경부선]신동재,국가교통정보센터(고속도로),128.48194,35.92667
897,E910213,[경부선]신부,국가교통정보센터(고속도로),127.166282653808,36.82027053833
898,E910214,[경부선]신사,국가교통정보센터(고속도로),127.222518920898,36.7470245361328
899,E910216,[경부선]신상1교,국가교통정보센터(고속도로),127.487174987792,36.3455657958984
900,E910215,[경부선]신상2교,국가교통정보센터(고속도로),127.49583,36.35056
901,E910217,[경부선]신전1교,국가교통정보센터(고속도로),129.068087,35.431579
902,E910218,[경부선]신촌,국가교통정보센터(고속도로),128.145097,36.127237
903,E910219,[경부선]신탄진,국가교통정보센터(고속도로),127.4200026,36.43966887
904,E910220,[경부선]신탄진쉼터(부산),국가교통정보센터(고속도로),127.41706085205,36.4251899719238
905,E910221,[경부선]신탄진휴게소,국가교통정보센터(고속도로),127.416833,36.425763
906,E910222,[경부선]신평,국가교통정보센터(고속도로),129.079238891601,35.8568572998046
907,E910223,[경부선]아포교,국가교통정보센터(고속도로),128.278965,36.15294701
908,E910224,[경부선]아화,국가교통정보센터(고속도로),129.030899047851,35.8923225402832
909,E910225,[경부선]아화교,국가교통정보센터(고속도로),129.0536065,35.8821552
910,E910226,[경부선]안서철육교,국가교통정보센터(고속도로),127.1765027,36.84422465
911,E910227,[경부선]안서철육교(고정),국가교통정보센터(고속도로),127.17592,36.843882
912,E910228,[경부선]안성,국가교통정보센터(고속도로),127.1539126,36.99453918
913,E910229,[경부선]안성분기점1,국가교통정보센터(고속도로),127.13806,37.04028
914,E910230,[경부선]안성분기점2,국가교통정보센터(고속도로),127.1380556,37.04027778
915,E910231,[경부선]안성천교,국가교통정보센터(고속도로),127.16667,36.97361
916,E910232,[경부선]안성휴게소(부산),국가교통정보센터(고속도로),127.14417,37.01667
917,E910233,[경부선]안성휴게소(서울),국가교통정보센터(고속도로),127.135,37.06972
918,E910234,[경부선]안성휴게소2,국가교통정보센터(고속도로),127.130950927734,37.0752563476562
919,E910235,[경부선]안심,국가교통정보센터(고속도로),128.744995117187,35.870677947998
920,E910236,[경부선]양산,국가교통정보센터(고속도로),129.051197,35.375832
921,E910237,[경부선]양산북정,국가교통정보센터(고속도로),129.0454102,35.35681915
922,E910238,[경부선]양산분기점,국가교통정보센터(고속도로),129.041624,35.332121
923,E910239,[경부선]양산분기점2,국가교통정보센터(고속도로),129.03962,35.337767
924,E910240,[경부선]양산정류장,국가교통정보센터(고속도로),129.045631,35.346841
925,E910241,[경부선]양산졸음쉼터,국가교통정보센터(고속도로),129.041061401367,35.3408050537109
926,E910242,[경부선]양산휴게소,국가교통정보센터(고속도로),129.054335,35.323948
927,E910243,[경부선]양재,국가교통정보센터(고속도로),127.042004,37.461626
928,E910244,[경부선]양지,국가교통정보센터(고속도로),127.418209,36.466091
929,E910245,[경부선]언양분기점,국가교통정보센터(고속도로),129.13174,35.573007
930,E910246,[경부선]언양분기점2,국가교통정보센터(고속도로),129.130926,35.569479
931,E910247,[경부선]언양휴게소,국가교통정보센터(고속도로),129.1358333,35.59055556
932,E910248,[경부선]언양휴게소2,국가교통정보센터(고속도로),129.14117,35.600025
933,E910249,[경부선]연곡,국가교통정보센터(고속도로),127.18194,36.95556
934,E910250,[경부선]연봉,국가교통정보센터(고속도로),127.188018798828,36.9479675292968
935,E910251,[경부선]연축육교,국가교통정보센터(고속도로),127.4249851,36.38667
936,E910252,[경부선]연화재,국가교통정보센터(고속도로),128.4511764,35.96619995
937,E910253,[경부선]영동,국가교통정보센터(고속도로),127.8267176,36.27234884
938,E910254,[경부선]영동1터널(서울)-외부,국가교통정보센터(고속도로),127.729748,36.273964
939,E910256,[경부선]영동2(서울1/1),국가교통정보센터(고속도로),127.772115,36.270949
940,E910257,[경부선]영동2터널(부산외부1),국가교통정보센터(고속도로),127.757882,36.267773
941,E910255,[경부선]영동3터널(서울외부1),국가교통정보센터(고속도로),127.784055,36.278921
942,E910258,[경부선]영천,국가교통정보센터(고속도로),128.9514782,35.92225757
943,E910259,[경부선]영천분기점,국가교통정보센터(고속도로),129.0056239,35.91917546
944,E910260,[경부선]영천정류장,국가교통정보센터(고속도로),128.971384,35.931011
945,E910261,[경부선]오산,국가교통정보센터(고속도로),127.08417,37.14222
946,E910277,[경부선]오태교,국가교통정보센터(고속도로),128.3630829,36.07082367
947,E910262,[경부선]옥산,국가교통정보센터(고속도로),127.371177673339,36.6580429077148
948,E910263,[경부선]옥산분기점,국가교통정보센터(고속도로),127.34694,36.704169
949,E910264,[경부선]옥산휴게소,국가교통정보센터(고속도로),127.370775,36.658894
950,E910265,[경부선]옥천,국가교통정보센터(고속도로),127.55111,36.32083
951,E910266,[경부선]옥천1,국가교통정보센터(고속도로),127.561237,36.314564
952,E910272,[경부선]옥천1터널(부산)-1/3,국가교통정보센터(고속도로),127.649839,36.282267
953,E910273,[경부선]옥천1터널(서울)-1/3,국가교통정보센터(고속도로),127.653401,36.281264
954,E910271,[경부선]옥천2터널(부산)-외부,국가교통정보센터(고속도로),127.686198,36.281001
955,E910269,[경부선]옥천3터널(부산)-외부,국가교통정보센터(고속도로),127.692597,36.280034
956,E910270,[경부선]옥천3터널(서울)-외부,국가교통정보센터(고속도로),127.708498,36.27604
957,E910267,[경부선]옥천4터널(부산)-2/4,국가교통정보센터(고속도로),127.720644,36.274942
958,E910268,[경부선]옥천4터널(서울)-2/4,국가교통정보센터(고속도로),127.724152,36.274561
959,E910274,[경부선]옥천쉼터(부산),국가교통정보센터(고속도로),127.540100097656,36.3286476135253
960,E910275,[경부선]옥천쉼터(서울),국가교통정보센터(고속도로),127.529602050781,36.3353385925292
961,E910276,[경부선]옥천휴게소(부산),국가교통정보센터(고속도로),127.60139,36.295
962,E910278,[경부선]왜관,국가교통정보센터(고속도로),128.432585,35.976341
963,E910279,[경부선]외동천교,국가교통정보센터(고속도로),127.109972,37.118007
964,E910280,[경부선]외송1교,국가교통정보센터(고속도로),129.068333,35.312778
965,E910281,[경부선]외천,국가교통정보센터(고속도로),127.4318623,36.54463224
966,E910282,[경부선]외천교,국가교통정보센터(고속도로),128.552184,35.89835053
967,E910283,[경부선]용산,국가교통정보센터(고속도로),127.8380709,36.26545386
968,E910284,[경부선]용원,국가교통정보센터(고속도로),127.2173,36.7601
969,E910285,[경부선]용장초교,국가교통정보센터(고속도로),129.192342,35.779713
970,E910286,[경부선]용정교_경부선,국가교통정보센터(고속도로),127.189358,36.91283465
971,E910287,[경부선]우록,국가교통정보센터(고속도로),127.4287519,36.50867074
972,E910288,[경부선]우천2교,국가교통정보센터(고속도로),127.870559692382,36.2299156188964
973,E910289,[경부선]원곡,국가교통정보센터(고속도로),127.135994,37.05147533
974,E910290,[경부선]원곡졸음쉼터,국가교통정보센터(고속도로),127.152229309082,36.99951171875
975,E910291,[경부선]원동,국가교통정보센터(고속도로),127.090648,37.131212
976,E910292,[경부선]원지동,국가교통정보센터(고속도로),127.060749,37.440057
977,E910293,[경부선]원평1교,국가교통정보센터(고속도로),128.3504028,36.12504959
978,E910294,[경부선]율동1교,국가교통정보센터(고속도로),129.1784014,35.81213146
979,E910295,[경부선]율암2교,국가교통정보센터(고속도로),128.7105345,35.87710102
980,E910296,[경부선]읍내,국가교통정보센터(고속도로),127.426769,36.382683
981,E910297,[경부선]응원,국가교통정보센터(고속도로),127.18276977539,36.7685508728027
982,E910298,[경부선]응원고개,국가교통정보센터(고속도로),127.201448,36.76633532
983,E910299,[경부선]이상육교,국가교통정보센터(고속도로),129.0773926,35.44678497
984,E910300,[경부선]이조천교,국가교통정보센터(고속도로),129.195203,35.74179644
985,E910301,[경부선]이조천교2,국가교통정보센터(고속도로),129.195325,35.739841
986,E910302,[경부선]인보2교,국가교통정보센터(고속도로),129.16822,35.651962
987,E910303,[경부선]인보교,국가교통정보센터(고속도로),129.1630952,35.64170848
988,E910304,[경부선]인보정류장,국가교통정보센터(고속도로),129.176064,35.669535
989,E910305,[경부선]인의교,국가교통정보센터(고속도로),128.0650616,36.13820852
990,E910309,[경부선]임오교,국가교통정보센터(고속도로),128.384977,36.070085
991,E910306,[경부선]입장,국가교통정보센터(고속도로),127.189358,36.92672465
992,E910307,[경부선]입장거봉포도휴게소,국가교통정보센터(고속도로),127.189918,36.94283465
993,E910308,[경부선]입장쉼터(부산),국가교통정보센터(고속도로),127.189010620117,36.9131050109863
994,E910310,[경부선]작동교,국가교통정보센터(고속도로),128.235012,36.16040402
995,E910311,[경부선]작천교,국가교통정보센터(고속도로),129.1172638,35.54358292
996,E910312,[경부선]전읍교,국가교통정보센터(고속도로),129.171340942382,35.6575088500976
997,E910313,[경부선]죽암교,국가교통정보센터(고속도로),127.43278,36.52222
998,E910314,[경부선]죽암휴게소,국가교통정보센터(고속도로),127.429948,36.494798
999,E910315,[경부선]죽전,국가교통정보센터(고속도로),127.103746,37.314971
1000,E910316,[경부선]죽전교,국가교통정보센터(고속도로),127.429237365722,36.513988494873
1001,E910317,[경부선]죽전휴게소(서울),국가교통정보센터(고속도로),127.10361,37.33278
1002,E910318,[경부선]증약,국가교통정보센터(고속도로),127.52667,36.33694
1003,E910319,[경부선]증약터널,국가교통정보센터(고속도로),127.522275,36.34413359
1004,E910320,[경부선]증약터널(부산)-3/3,국가교통정보센터(고속도로),127.5142365,36.3496933
1005,E910321,[경부선]증약터널(부산)-외부,국가교통정보센터(고속도로),127.509458,36.350408
1006,E910322,[경부선]증약터널(서울)-2/3,국가교통정보센터(고속도로),127.516372,36.348764
1007,E910323,[경부선]증약터널(서울)-외부,국가교통정보센터(고속도로),127.524605,36.340651
1008,E910326,[경부선]지천,국가교통정보센터(고속도로),128.4921875,35.9060668945312
1009,E910324,[경부선]지천철육교,국가교통정보센터(고속도로),128.502555,35.894291
1010,E910325,[경부선]직지사,국가교통정보센터(고속도로),128.018600463867,36.1634483337402
1011,E910327,[경부선]진위천교,국가교통정보센터(고속도로),127.11528,37.10806
1012,E910328,[경부선]천삼휴게소,국가교통정보센터(고속도로),127.173233,36.786573
1013,E910329,[경부선]천수천교,국가교통정보센터(고속도로),127.35778,36.6875
1014,E910330,[경부선]천안,국가교통정보센터(고속도로),127.168774,36.82569999
1015,E910331,[경부선]천안분기점,국가교통정보센터(고속도로),127.17944,36.77139
1016,E910332,[경부선]천안호두휴게소,국가교통정보센터(고속도로),127.263774,36.73156399
1017,E910333,[경부선]천전1교,국가교통정보센터(고속도로),129.1520166,35.61756231
1018,E910334,[경부선]천전육교,국가교통정보센터(고속도로),129.1468346,35.61101204
1019,E910335,[경부선]청성,국가교통정보센터(고속도로),127.749227,36.270014
1020,E910336,[경부선]청성쉼터(서울),국가교통정보센터(고속도로),127.738014221191,36.2722473144531
1021,E910337,[경부선]청주,국가교통정보센터(고속도로),127.385,36.62306
1022,E910338,[경부선]청주분기점,국가교통정보센터(고속도로),127.431884765625,36.5607795715332
1023,E910339,[경부선]청주분기점(고정),국가교통정보센터(고속도로),127.434722,36.563722
1024,E910340,[경부선]청주분기점2,국가교통정보센터(고속도로),127.4284438,36.57079428
1025,E910341,[경부선]청주휴게소,국가교통정보센터(고속도로),127.34889,36.71306
1026,E910342,[경부선]청천2교,국가교통정보센터(고속도로),128.765924,35.87699152
1027,E910343,[경부선]초곡교,국가교통정보센터(고속도로),128.167761,36.130283
1028,E910344,[경부선]추풍령,국가교통정보센터(고속도로),128.001052856445,36.2048454284667
1029,E910345,[경부선]추풍령대교,국가교통정보센터(고속도로),128.0067705,36.19336961
1030,E910346,[경부선]추풍령대교2,국가교통정보센터(고속도로),128.013778686523,36.1790084838867
1031,E910347,[경부선]추풍령쉼터(부산),국가교통정보센터(고속도로),127.990379333496,36.2108001708984
1032,E910348,[경부선]추풍령쉼터(서울),국가교통정보센터(고속도로),127.988159179687,36.2108650207519
1033,E910349,[경부선]추풍령정류장,국가교통정보센터(고속도로),127.996947,36.210554
1034,E910350,[경부선]추풍령휴게소,국가교통정보센터(고속도로),128.00214,36.197067
1035,E910351,[경부선]추풍령휴게소(서울),국가교통정보센터(고속도로),128.0019938,36.2005207
1036,E910352,[경부선]칠곡휴게소,국가교통정보센터(고속도로),128.4305438,36.0192011
1037,E910353,[경부선]통도사,국가교통정보센터(고속도로),129.094185,35.497566
1038,E910354,[경부선]통도사2,국가교통정보센터(고속도로),129.0964156,35.501544
1039,E910356,[경부선]판교1,국가교통정보센터(고속도로),127.100437,37.399693
1040,E910355,[경부선]판교2,국가교통정보센터(고속도로),127.1010817,37.3956205
1041,E910357,[경부선]판교3,국가교통정보센터(고속도로),127.096383,37.40385976
1042,E910358,[경부선]판교분기점,국가교통정보센터(고속도로),127.094315,37.406538
1043,E910359,[경부선]평사휴게소,국가교통정보센터(고속도로),128.850984,35.882381
1044,E910360,[경부선]평사휴게소(부산),국가교통정보센터(고속도로),128.8695326,35.8866145
1045,E910361,[경부선]포남교,국가교통정보센터(고속도로),128.41068,36.04470264
1046,E910362,[경부선]포남리,국가교통정보센터(고속도로),128.416854858398,36.026798248291
1047,E910363,[경부선]하북정교,국가교통정보센터(고속도로),129.045272827148,35.3586158752441
1048,E910364,[경부선]하암육교,국가교통정보센터(고속도로),127.174494,36.833965
1049,E910366,[경부선]하정교,국가교통정보센터(고속도로),129.1071,35.26759
1050,E910365,[경부선]학천철육교,국가교통정보센터(고속도로),127.3809914,36.63304032
1051,E910367,[경부선]한곡1교,국가교통정보센터(고속도로),127.805,36.27944
1052,E910368,[경부선]한곡3교,국가교통정보센터(고속도로),127.820159912109,36.2736930847167
1053,E910369,[경부선]현도,국가교통정보센터(고속도로),127.43098449707,36.5285835266113
1054,E910370,[경부선]호남육교,국가교통정보센터(고속도로),128.9266148,35.90377717
1055,E910371,[경부선]활천1교,국가교통정보센터(고속도로),129.188182,35.705656
1056,E910372,[경부선]활천IC,국가교통정보센터(고속도로),129.191284179687,35.71337890625
1057,E910373,[경부선]활천교,국가교통정보센터(고속도로),129.186296,35.699749
1058,E910374,[경부선]황간,국가교통정보센터(고속도로),127.9156368,36.22247401
1059,E910375,[경부선]황간터널,국가교통정보센터(고속도로),127.9289145,36.21810348
1060,E910376,[경부선]황간터널(서울)-1/3,국가교통정보센터(고속도로),127.942433,36.211516
1061,E910377,[경부선]황간터널(서울)-3/3,국가교통정보센터(고속도로),127.9293,36.21789
1062,E910378,[경부선]황간휴게소,국가교통정보센터(고속도로),127.85361,36.24861
1063,E910379,[경부선]회덕,국가교통정보센터(고속도로),127.419464111328,36.4049758911132
1064,E910380,[경부선]회덕분기점,국가교통정보센터(고속도로),127.4195286,36.40459813
1065,E910381,[경부선]회덕분기점(고정),국가교통정보센터(고속도로),127.421181,36.408839
1066,E910382,[경부선]회덕분기점2,국가교통정보센터(고속도로),127.421928405761,36.4171867370605
1067,E910383,[경부선]회포,국가교통정보센터(고속도로),127.863387,36.232538
1068,E910384,[경부선]회포2,국가교통정보센터(고속도로),127.855257,36.23752133
1069,E910385,[경인선]가정동,국가교통정보센터(고속도로),126.685272216796,37.5231742858886
1070,E910386,[경인선]도당,국가교통정보센터(고속도로),126.793976,37.522464
1071,E910387,[경인선]도당2,국가교통정보센터(고속도로),126.8042,37.52122
1072,E910388,[경인선]도당육교,국가교통정보센터(고속도로),126.791435241699,37.5226325988769
1073,E910389,[경인선]부천,국가교통정보센터(고속도로),126.7771814,37.52427166
1074,E910390,[경인선]부평,국가교통정보센터(고속도로),126.72167,37.52361
1075,E910391,[경인선]서운분기점2,국가교통정보센터(고속도로),126.756515502929,37.524070739746
1076,E910392,[경인선]신월,국가교통정보센터(고속도로),126.8158529,37.52247501
1077,E910393,[경인선]신월-1,국가교통정보센터(고속도로),126.819481,37.523105
1078,E910394,[경인선]신월2,국가교통정보센터(고속도로),126.82817,37.524419
1079,E910395,[경인선]인천영업소,국가교통정보센터(고속도로),126.7479838,37.52410863
1080,E910396,[경인선]청천교,국가교통정보센터(고속도로),126.689968,37.523303
1081,E910397,[경인선]효성,국가교통정보센터(고속도로),126.704767,37.523644
1082,E910398,[고창담양선][고창]문수산터널(고창외부),국가교통정보센터(고속도로),126.750901,35.352601
1083,E910399,[고창담양선][고창]장성2터널(고창외부),국가교통정보센터(고속도로),126.824926,35.311989
1084,E910400,[고창담양선][고창]장성3터널(고창외부),국가교통정보센터(고속도로),126.847264,35.279273
1085,E910401,[고창담양선][담양]문수산터널(담양외부),국가교통정보센터(고속도로),126.709002,35.375375
1086,E910402,[고창담양선][담양]문수산터널(담양외부2),국가교통정보센터(고속도로),126.746888,35.354452
1087,E910403,[고창담양선][담양]장성2터널(담양외부),국가교통정보센터(고속도로),126.811225,35.324721
1088,E910404,[고창담양선][담양]장성3터널(담양외부),국가교통정보센터(고속도로),126.823923,35.313153
1089,E910405,[고창담양선]고수(절토부),국가교통정보센터(고속도로),126.683462,35.397772
1090,E910406,[고창담양선]남고창,국가교통정보센터(고속도로),126.673056,35.403333
1091,E910407,[고창담양선]대덕분기점,국가교통정보센터(고속도로),127.01165,35.24208
1092,E910408,[고창담양선]문수산터널(22/23)_담양,국가교통정보센터(고속도로),126.7110367,35.37413025
1093,E910409,[고창담양선]문수산터널(고창23),국가교통정보센터(고속도로),126.74617,35.35509872
1094,E910410,[고창담양선]문수산터널고창#9,국가교통정보센터(고속도로),126.717153,35.371205
1095,E910411,[고창담양선]문수산터널담양#6,국가교통정보센터(고속도로),126.731144,35.363296
1096,E910413,[고창담양선]부흥교,국가교통정보센터(고속도로),126.79444,35.33944
1097,E910412,[고창담양선]북광주,국가교통정보센터(고속도로),126.8926185,35.26179395
1098,E910414,[고창담양선]상림육교,국가교통정보센터(고속도로),126.86472,35.26722
1099,E910415,[고창담양선]와우,국가교통정보센터(고속도로),126.9375,35.2475
1100,E910416,[고창담양선]용강2교,국가교통정보센터(고속도로),126.9147578,35.2521165
1101,E910417,[고창담양선]은사교,국가교통정보센터(고속도로),126.698215,35.382637
1102,E910418,[고창담양선]장산2교,국가교통정보센터(고속도로),127.018072,35.253312
1103,E910419,[고창담양선]장성3터널(고창15),국가교통정보센터(고속도로),126.8442383,35.28334045
1104,E910420,[고창담양선]장성3터널(담양15),국가교통정보센터(고속도로),126.8246689,35.3118515
1105,E910421,[고창담양선]장성3터널고창#9,국가교통정보센터(고속도로),126.833637,35.298612
1106,E910422,[고창담양선]장성3터널담양#2,국가교통정보센터(고속도로),126.834818,35.296835
1107,E910423,[고창담양선]장성물류,국가교통정보센터(고속도로),126.76167,35.35
1108,E910424,[고창담양선]장성분기점,국가교통정보센터(고속도로),126.80167,35.33167
1109,E910425,[고창담양선]장화교,국가교통정보센터(고속도로),127.0005279,35.2466991
1110,E910426,[고창담양선]진원,국가교통정보센터(고속도로),126.847564,35.278005
1111,E910427,[고창담양선]해곡,국가교통정보센터(고속도로),126.979377746582,35.2522888183593
1112,E910428,[광주대구선][광주]담양2터널(광주4),국가교통정보센터(고속도로),127.005392,35.31415
1113,E910429,[광주대구선]가남2교,국가교통정보센터(고속도로),127.14569,35.36257
1114,E910430,[광주대구선]가야1터널(외부광주),국가교통정보센터(고속도로),128.10550848,35.70961479
1115,E910431,[광주대구선]가야1터널(외부대구),국가교통정보센터(고속도로),128.086735,35.707942
1116,E910432,[광주대구선]가야2터널(외부대구),국가교통정보센터(고속도로),128.117442,35.708192
1117,E910433,[광주대구선]가조,국가교통정보센터(고속도로),128.019299,35.702414
1118,E910434,[광주대구선]가조터널(외부대구),국가교통정보센터(고속도로),128.062133,35.706575
1119,E910435,[광주대구선]갈계,국가교통정보센터(고속도로),127.59882,35.49272
1120,E910436,[광주대구선]강천산휴게소(광주),국가교통정보센터(고속도로),127.09554,35.36262
1121,E910437,[광주대구선]강천산휴게소(대구),국가교통정보센터(고속도로),127.105323,35.364859
1122,E910438,[광주대구선]거창,국가교통정보센터(고속도로),127.934595,35.67887
1123,E910439,[광주대구선]거창휴게소,국가교통정보센터(고속도로),128.056464,35.707293
1124,E910440,[광주대구선]건곡교,국가교통정보센터(고속도로),127.16503,35.36857
1125,E910441,[광주대구선]고령,국가교통정보센터(고속도로),128.242459,35.700729
1126,E910442,[광주대구선]고령분기점,국가교통정보센터(고속도로),128.3786111,35.75888889
1127,E910443,[광주대구선]고례1교,국가교통정보센터(고속도로),127.08394,35.35195
1128,E910444,[광주대구선]고죽1교,국가교통정보센터(고속도로),127.40848,35.43608
1129,E910445,[광주대구선]광치천교,국가교통정보센터(고속도로),127.38179,35.43146
1130,E910446,[광주대구선]광평천교,국가교통정보센터(고속도로),127.696779,35.543438
1131,E910447,[광주대구선]교룡육교,국가교통정보센터(고속도로),127.36684,35.42846
1132,E910448,[광주대구선]교산,국가교통정보센터(고속도로),127.73271,35.53489
1133,E910449,[광주대구선]금성교,국가교통정보센터(고속도로),127.0349659,35.3276133
1134,E910450,[광주대구선]금포2교,국가교통정보센터(고속도로),128.4195486,35.7693403
1135,E910451,[광주대구선]금포리,국가교통정보센터(고속도로),128.4372121,35.7743647
1136,E910452,[광주대구선]금포리2,국가교통정보센터(고속도로),128.444659,35.778115
1137,E910453,[광주대구선]기곡,국가교통정보센터(고속도로),126.9730546,35.2654039
1138,E910454,[광주대구선]기산2교,국가교통정보센터(고속도로),128.333568,35.745129
1139,E910455,[광주대구선]기산리,국가교통정보센터(고속도로),128.296833,35.723391
1140,E910456,[광주대구선]기족교,국가교통정보센터(고속도로),128.350391,35.750144
1141,E910457,[광주대구선]남계교,국가교통정보센터(고속도로),127.45267,35.46083
1142,E910458,[광주대구선]남상,국가교통정보센터(고속도로),127.874137878417,35.59419631958
1143,E910459,[광주대구선]남원,국가교통정보센터(고속도로),127.39515,35.42975
1144,E910460,[광주대구선]남원분기점,국가교통정보센터(고속도로),127.30717,35.40491
1145,E910461,[광주대구선]남원휴게소,국가교통정보센터(고속도로),127.34564,35.41695
1146,E910462,[광주대구선]내동1교,국가교통정보센터(고속도로),127.2860909,35.3907194
1147,E910463,[광주대구선]내동교,국가교통정보센터(고속도로),127.44443,35.45413
1148,E910464,[광주대구선]논공교,국가교통정보센터(고속도로),128.4313889,35.77
1149,E910465,[광주대구선]논공교2,국가교통정보센터(고속도로),128.427292,35.768286
1150,E910467,[광주대구선]논공교3,국가교통정보센터(고속도로),128.4285584,35.76866913
1151,E910466,[광주대구선]논공교4,국가교통정보센터(고속도로),128.430269,35.769574
1152,E910468,[광주대구선]논공휴게소,국가교통정보센터(고속도로),128.4025731,35.76619805
1153,E910469,[광주대구선]논공휴게소2,국가교통정보센터(고속도로),128.408724,35.767818
1154,E910470,[광주대구선]담양,국가교통정보센터(고속도로),126.9778458,35.27782982
1155,E910473,[광주대구선]담양1터널,국가교통정보센터(고속도로),127.0211163,35.323416
1156,E910471,[광주대구선]담양2터널,국가교통정보센터(고속도로),127.0092989,35.3179174
1157,E910472,[광주대구선]담양2터널(외부),국가교통정보센터(고속도로),126.9973771,35.3048932
1158,E910474,[광주대구선]담양분기점,국가교통정보센터(고속도로),126.96916667,35.25194444
1159,E910475,[광주대구선]당동,국가교통정보센터(고속도로),127.574684143066,35.4830665588378
1160,E910476,[광주대구선]대곡,국가교통정보센터(고속도로),127.02778484,35.32507684
1161,E910477,[광주대구선]대곡리,국가교통정보센터(고속도로),127.0628,35.33562
1162,E910478,[광주대구선]대기,국가교통정보센터(고속도로),127.49298,35.487224
1163,E910479,[광주대구선]대덕,국가교통정보센터(고속도로),127.7154,35.54169
1164,E910480,[광주대구선]대산천교,국가교통정보센터(고속도로),127.926552,35.659381
1165,E910481,[광주대구선]동고령,국가교통정보센터(고속도로),128.3625,35.75083333
1166,E910482,[광주대구선]동남원,국가교통정보센터(고속도로),127.47828,35.47605
1167,E910483,[광주대구선]동례교,국가교통정보센터(고속도로),128.008742,35.701927
1168,E910484,[광주대구선]두산,국가교통정보센터(고속도로),127.721305847167,35.5398979187011
1169,E910485,[광주대구선]둔동리,국가교통정보센터(고속도로),127.881912,35.606225
1170,E910486,[광주대구선]둔마1교,국가교통정보센터(고속도로),127.957158,35.703922
1171,E910487,[광주대구선]둔마2교,국가교통정보센터(고속도로),127.962651,35.706849
1172,E910488,[광주대구선]무촌1교,국가교통정보센터(고속도로),127.910545,35.639608
1173,E910489,[광주대구선]무촌2교,국가교통정보센터(고속도로),127.91518,35.641701
1174,E910490,[광주대구선]방축1교,국가교통정보센터(고속도로),127.071,35.34378
1175,E910491,[광주대구선]백전2터널,국가교통정보센터(고속도로),127.6359737,35.53147359
1176,E910492,[광주대구선]백전교,국가교통정보센터(고속도로),127.64073,35.53373
1177,E910493,[광주대구선]번암1터널,국가교통정보센터(고속도로),127.53068,35.48508
1178,E910494,[광주대구선]번암교,국가교통정보센터(고속도로),127.54473,35.47478
1179,E910495,[광주대구선]병곡1터널,국가교통정보센터(고속도로),127.677,35.54053
1180,E910496,[광주대구선]봉서교,국가교통정보센터(고속도로),127.0475,35.33333333
1181,E910497,[광주대구선]부절교,국가교통정보센터(고속도로),127.4672,35.47119
1182,E910498,[광주대구선]사부1교,국가교통정보센터(고속도로),128.307197,35.736438
1183,E910499,[광주대구선]사치터널,국가교통정보센터(고속도로),127.557945,35.476656
1184,E910500,[광주대구선]산곡,국가교통정보센터(고속도로),127.364135742187,35.4263572692871
1185,E910501,[광주대구선]산동1터널,국가교통정보센터(고속도로),127.49019,35.48642
1186,E910502,[광주대구선]산동2터널,국가교통정보센터(고속도로),127.49831,35.489
1187,E910503,[광주대구선]산동3터널(광주),국가교통정보센터(고속도로),127.50047,35.49019
1188,E910504,[광주대구선]산동3터널(대구),국가교통정보센터(고속도로),127.49916,35.48988
1189,E910505,[광주대구선]산동4터널,국가교통정보센터(고속도로),127.50383,35.49104
1190,E910506,[광주대구선]산동5터널,국가교통정보센터(고속도로),127.50953,35.49068
1191,E910507,[광주대구선]산동5터널(대구),국가교통정보센터(고속도로),127.5081024,35.4908459
1192,E910508,[광주대구선]산동6터널,국가교통정보센터(고속도로),127.517671,35.489783
1193,E910509,[광주대구선]산동6터널(대구),국가교통정보센터(고속도로),127.5158527,35.4898172
1194,E910510,[광주대구선]산동7터널,국가교통정보센터(고속도로),127.52297,35.48881
1195,E910511,[광주대구선]살피재터널(외부광주),국가교통정보센터(고속도로),127.97405,35.70933
1196,E910512,[광주대구선]살피재터널(외부대구),국가교통정보센터(고속도로),127.98897,35.70468
1197,E910513,[광주대구선]생태터널,국가교통정보센터(고속도로),127.36093,35.42178
1198,E910514,[광주대구선]송변교,국가교통정보센터(고속도로),127.924449,35.648955
1199,E910515,[광주대구선]순창,국가교통정보센터(고속도로),127.13339,35.36401
1200,E910516,[광주대구선]식정1교,국가교통정보센터(고속도로),127.417434692382,35.4382858276367
1201,E910517,[광주대구선]쌍림터널(외부광주),국가교통정보센터(고속도로),128.217044,35.705649
1202,E910518,[광주대구선]안림천교,국가교통정보센터(고속도로),128.25748,35.703059
1203,E910520,[광주대구선]야로2터널(외부광주),국가교통정보센터(고속도로),128.149373,35.694549
1204,E910519,[광주대구선]야로3터널(외부대구),국가교통정보센터(고속도로),128.20211,35.70053
1205,E910521,[광주대구선]야로대교1,국가교통정보센터(고속도로),128.163263,35.692244
1206,E910522,[광주대구선]야로대교2,국가교통정보센터(고속도로),128.18014,35.696309
1207,E910523,[광주대구선]양전교,국가교통정보센터(고속도로),128.297929,35.724838
1208,E910524,[광주대구선]양전리1,국가교통정보센터(고속도로),128.292246,35.713681
1209,E910525,[광주대구선]양전리2,국가교통정보센터(고속도로),128.296275,35.721422
1210,E910530,[광주대구선]오계교,국가교통정보센터(고속도로),127.897155,35.627331
1211,E910531,[광주대구선]오례천교,국가교통정보센터(고속도로),126.9827494,35.2908058
1212,E910526,[광주대구선]옥계1교,국가교통정보센터(고속도로),127.65573,35.53836
1213,E910527,[광주대구선]옥율천교,국가교통정보센터(고속도로),127.32609,35.4129
1214,E910528,[광주대구선]옥택천1교,국가교통정보센터(고속도로),127.20457,35.37249
1215,E910529,[광주대구선]옥포분기점,국가교통정보센터(고속도로),128.4513889,35.78138889
1216,E910532,[광주대구선]외이2교,국가교통정보센터(고속도로),127.18478,35.36604
1217,E910533,[광주대구선]요천,국가교통정보센터(고속도로),127.454036,35.468184
1218,E910534,[광주대구선]요천교,국가교통정보센터(고속도로),127.42909,35.44243
1219,E910535,[광주대구선]용동천1교,국가교통정보센터(고속도로),128.201818,35.695096
1220,E910536,[광주대구선]우명교,국가교통정보센터(고속도로),127.794387,35.548702
1221,E910537,[광주대구선]원평교,국가교통정보센터(고속도로),127.779023,35.539693
1222,E910538,[광주대구선]월막리,국가교통정보센터(고속도로),128.194694,35.696141
1223,E910539,[광주대구선]의지,국가교통정보센터(고속도로),127.61871,35.52331
1224,E910540,[광주대구선]일부육교,국가교통정보센터(고속도로),128.03492,35.706666
1225,E910541,[광주대구선]입암,국가교통정보센터(고속도로),127.22246,35.38124
1226,E910542,[광주대구선]정장교,국가교통정보센터(고속도로),127.931841,35.676064
1227,E910543,[광주대구선]주산1교,국가교통정보센터(고속도로),126.9625848,35.2405117
1228,E910544,[광주대구선]죽산교,국가교통정보센터(고속도로),127.843203,35.566927
1229,E910545,[광주대구선]죽산천교,국가교통정보센터(고속도로),127.838182,35.560294
1230,E910546,[광주대구선]지곡,국가교통정보센터(고속도로),127.760938,35.532314
1231,E910547,[광주대구선]지리산,국가교통정보센터(고속도로),127.58885,35.48363
1232,E910548,[광주대구선]지리산휴게소,국가교통정보센터(고속도로),127.56355,35.4801
1233,E910549,[광주대구선]청계,국가교통정보센터(고속도로),127.6046,35.50873
1234,E910550,[광주대구선]춘전1육교,국가교통정보센터(고속도로),127.854962,35.582356
1235,E910551,[광주대구선]춘전2육교,국가교통정보센터(고속도로),127.856561,35.583979
1236,E910552,[광주대구선]춘전리,국가교통정보센터(고속도로),127.852816,35.580052
1237,E910553,[광주대구선]춘전재토석류,국가교통정보센터(고속도로),127.8593908,35.5863511
1238,E910554,[광주대구선]평촌교,국가교통정보센터(고속도로),127.2417,35.38387
1239,E910555,[광주대구선]풍촌교,국가교통정보센터(고속도로),127.29502,35.40067
1240,E910556,[광주대구선]학동,국가교통정보센터(고속도로),126.973817,35.271403
1241,E910557,[광주대구선]함양,국가교통정보센터(고속도로),127.749608,35.532803
1242,E910558,[광주대구선]함양분기점,국가교통정보센터(고속도로),127.769735,35.535003
1243,E910559,[광주대구선]함양산삼골휴게소,국가교통정보센터(고속도로),127.808463,35.551076
1244,E910560,[광주대구선]해인사,국가교통정보센터(고속도로),128.183622,35.697466
1245,E910561,[광주대구선]황강천교,국가교통정보센터(고속도로),127.942824,35.694233
1246,E910562,[광주대구선]회천대교,국가교통정보센터(고속도로),128.285632,35.711701
1247,E910563,[광주외곽순환선]고룡,국가교통정보센터(고속도로),126.773918,35.213531
1248,E910564,[광주외곽순환선]고룡1교,국가교통정보센터(고속도로),126.765777,35.203591
1249,E910565,[광주외곽순환선]고룡2교,국가교통정보센터(고속도로),126.767818,35.207616
1250,E910566,[광주외곽순환선]남광산,국가교통정보센터(고속도로),126.752916,35.189053
1251,E910567,[광주외곽순환선]남광산영업소,국가교통정보센터(고속도로),126.756016,35.191701
1252,E910568,[광주외곽순환선]남장성,국가교통정보센터(고속도로),126.790169,35.223977
1253,E910569,[광주외곽순환선]남장성분기점,국가교통정보센터(고속도로),126.797527,35.256277
1254,E910570,[광주외곽순환선]남장성영업소,국가교통정보센터(고속도로),126.793422,35.222708
1255,E910571,[광주외곽순환선]녹진,국가교통정보센터(고속도로),126.794688,35.245197
1256,E910572,[광주외곽순환선]산막교,국가교통정보센터(고속도로),126.762494,35.197036
1257,E910573,[광주외곽순환선]진무2교,국가교통정보센터(고속도로),126.782149,35.217406
1258,E910574,[광주외곽순환선]평산1교,국가교통정보센터(고속도로),126.793657,35.236315
1259,E910575,[광주외곽순환선]행정,국가교통정보센터(고속도로),126.792847,35.230128
1260,E910576,[구리포천선]감암1교(포천),국가교통정보센터(고속도로),127.186052,37.854348
1261,E910577,[구리포천선]구리터널관리사무소,국가교통정보센터(고속도로),127.114753,37.605437
1262,E910578,[구리포천선]남별내IC,국가교통정보센터(고속도로),127.1380926,37.67359068
1263,E910579,[구리포천선]민락IC,국가교통정보센터(고속도로),127.121812,37.748925
1264,E910580,[구리포천선]방축1교(구리),국가교통정보센터(고속도로),127.160027,37.834359
1265,E910581,[구리포천선]별내2교,국가교통정보센터(고속도로),127.133719,37.655671
1266,E910582,[구리포천선]별내휴게소,국가교통정보센터(고속도로),127.1270427,37.69271861
1267,E910583,[구리포천선]석문령터널동측,국가교통정보센터(고속도로),127.131704,37.825673
1268,E910584,[구리포천선]석문령터널서측,국가교통정보센터(고속도로),127.109755,37.833544
1269,E910585,[구리포천선]선단IC교(구리),국가교통정보센터(고속도로),127.168671,37.845656
1270,E910586,[구리포천선]소흘IC,국가교통정보센터(고속도로),127.131448,37.796055
1271,E910587,[구리포천선]소흘JC,국가교통정보센터(고속도로),127.141844,37.815119
1272,E910588,[구리포천선]신북TG,국가교통정보센터(고속도로),127.2259354,37.8987764
1273,E910589,[구리포천선]양주IC,국가교통정보센터(고속도로),127.088967,37.841291
1274,E910590,[구리포천선]옥정IC,국가교통정보센터(고속도로),127.101883,37.839389
1275,E910591,[구리포천선]용암천1교,국가교통정보센터(고속도로),127.128938,37.638727
1276,E910592,[구리포천선]유교교(구리),국가교통정보센터(고속도로),127.198988,37.868699
1277,E910593,[구리포천선]이동교1교,국가교통정보센터(고속도로),127.1226351,37.78123278
1278,E910594,[구리포천선]중랑IC교,국가교통정보센터(고속도로),127.1142728,37.61344992
1279,E910595,[구리포천선]포천IC남측,국가교통정보센터(고속도로),127.213113,37.876723
1280,E910596,[구리포천선]포천IC북측,국가교통정보센터(고속도로),127.222655,37.886845
1281,E910598,[남해1지선]내서분기점,국가교통정보센터(고속도로),128.5148788,35.2587783
1282,E910599,[남해1지선]동마산,국가교통정보센터(고속도로),128.5958575,35.25234172
1283,E910619,[남해1지선]두곡교,국가교통정보센터(고속도로),128.545684814453,35.2384719848632
1284,E910600,[남해1지선]두척천교,국가교통정보센터(고속도로),128.53805,35.24079
1285,E910620,[남해1지선]마산영업소,국가교통정보센터(고속도로),128.608215332031,35.2609252929687
1286,E910621,[남해1지선]산인,국가교통정보센터(고속도로),128.485046386718,35.2703208923339
1287,E910601,[남해1지선]산인고개,국가교통정보센터(고속도로),128.4889271,35.26525245
1288,E910602,[남해1지선]서마산,국가교통정보센터(고속도로),128.5616695,35.23510319
1289,E910622,[남해1지선]용강,국가교통정보센터(고속도로),128.63638305664,35.2732353210449
1290,E910603,[남해1지선]용담1,국가교통정보센터(고속도로),128.49171,35.26341
1291,E910604,[남해1지선]용담2,국가교통정보센터(고속도로),128.50597,35.26411
1292,E910610,[남해1지선]용담육교,국가교통정보센터(고속도로),128.498188,35.263167
1293,E910611,[남해1지선]중리육교,국가교통정보센터(고속도로),128.520833,35.248889
1294,E910612,[남해1지선]창원고개,국가교통정보센터(고속도로),128.6306331,35.27044731
1295,E910613,[남해1지선]합성교,국가교통정보센터(고속도로),128.5741039,35.24435684
1296,E910605,[남해2지선]가락,국가교통정보센터(고속도로),128.8964925,35.1650027
1297,E910623,[남해2지선]서낙동강교,국가교통정보센터(고속도로),128.905054,35.163921
1298,E910614,[남해2지선]서부산,국가교통정보센터(고속도로),128.94535,35.15716
1299,E910597,[남해2지선]서부산낙동강교(종점),국가교통정보센터(고속도로),128.972074,35.152833
1300,E910615,[남해2지선]서부산영업소,국가교통정보센터(고속도로),128.8716714,35.17214326
1301,E910606,[남해2지선]서부산종점,국가교통정보센터(고속도로),128.954121,35.155353
1302,E910624,[남해2지선]수가육교,국가교통정보센터(고속도로),128.880319,35.16839
1303,E910616,[남해2지선]순아교,국가교통정보센터(고속도로),128.92316,35.16065
1304,E910625,[남해2지선]용산교,국가교통정보센터(고속도로),128.819353,35.188601
1305,E910617,[남해2지선]용산육교,국가교통정보센터(고속도로),128.8229226,35.17827686
1306,E910626,[남해2지선]응달육교,국가교통정보센터(고속도로),128.835428,35.176586
1307,E910607,[남해2지선]장유,국가교통정보센터(고속도로),128.8082262,35.19730292
1308,E910608,[남해2지선]장유휴게소,국가교통정보센터(고속도로),128.794952,35.208638
1309,E910609,[남해2지선]제1농로육교,국가교통정보센터(고속도로),128.93967,35.15832
1310,E910618,[남해2지선]태정육교,국가교통정보센터(고속도로),128.8542882,35.17822236
1311,E910627,[남해선(영암순천)]도안1교,국가교통정보센터(고속도로),127.13333,34.811928
1312,E910628,[남해선][부산]창원1터널(부산외부1),국가교통정보센터(고속도로),128.556108,35.290901
1313,E910629,[남해선][부산]하동터널(부산11),국가교통정보센터(고속도로),127.794733,34.989059
1314,E910630,[남해선][부산]함안2터널(부산외부),국가교통정보센터(고속도로),128.528839111328,35.2841300964355
1315,E910631,[남해선][순천]고흥터널(순천외부),국가교통정보센터(고속도로),127.363197,34.824603
1316,E910632,[남해선][순천]장동1터널(순천외부),국가교통정보센터(고속도로),126.969653,34.738651
1317,E910633,[남해선][순천]조성2터널(순천외부),국가교통정보센터(고속도로),127.242574,34.828752
1318,E910634,[남해선][순천]초암산터널(순천외부),국가교통정보센터(고속도로),127.196723,34.820346
1319,E910635,[남해선][순천]하동터널(순천11),국가교통정보센터(고속도로),127.796461,34.989252
1320,E910637,[남해선][영암]강진2터널(영암외부),국가교통정보센터(고속도로),126.791568,34.685911
1321,E910636,[남해선][영암]강진3터널(영암외부),국가교통정보센터(고속도로),126.810326,34.684053
1322,E910638,[남해선][영암]벌교3터널(영암외부),국가교통정보센터(고속도로),127.340965,34.823939
1323,E910639,[남해선][영암]별량3터널(영암외부),국가교통정보센터(고속도로),127.435011,34.875101
1324,E910640,[남해선][영암]장동1터널(영암외부),국가교통정보센터(고속도로),126.989481,34.754964
1325,E910641,[남해선]가덕천,국가교통정보센터(고속도로),128.282186,35.269937
1326,E910642,[남해선]가야천교,국가교통정보센터(고속도로),128.411375,35.284969
1327,E910643,[남해선]가좌육교1,국가교통정보센터(고속도로),128.11436,35.15917
1328,E910644,[남해선]가화천교,국가교통정보센터(고속도로),128.034337,35.080161
1329,E910645,[남해선]강진1터널,국가교통정보센터(고속도로),126.7346089,34.697629
1330,E910646,[남해선]강진1터널,국가교통정보센터(고속도로),126.746474,34.697216
1331,E910647,[남해선]강진2터널순천외부,국가교통정보센터(고속도로),126.777571,34.685884
1332,E910648,[남해선]강진4터널순천외부,국가교통정보센터(고속도로),126.836323,34.681141
1333,E910649,[남해선]강진4터널영암외부,국가교통정보센터(고속도로),126.857095,34.688333
1334,E910650,[남해선]강진무위사,국가교통정보센터(고속도로),126.7130526,34.69781727
1335,E910651,[남해선]개양육교,국가교통정보센터(고속도로),128.104971,35.149031
1336,E910652,[남해선]검정교,국가교통정보센터(고속도로),128.025001,35.076998
1337,E910653,[남해선]곤양,국가교통정보센터(고속도로),127.9651789,35.05606994
1338,E910654,[남해선]광곡천교,국가교통정보센터(고속도로),127.0641367,34.8076548
1339,E910655,[남해선]광양,국가교통정보센터(고속도로),127.60417,34.9725
1340,E910656,[남해선]광양졸음쉼터,국가교통정보센터(고속도로),127.584266662597,34.9867973327636
1341,E910657,[남해선]광양터널,국가교통정보센터(고속도로),127.6611,34.96918
1342,E910658,[남해선]구룡교,국가교통정보센터(고속도로),128.6401672,35.27521515
1343,E910659,[남해선]구상,국가교통정보센터(고속도로),127.550102233886,34.991283416748
1344,E910660,[남해선]군북,국가교통정보센터(고속도로),128.32499,35.28146
1345,E910661,[남해선]군북교,국가교통정보센터(고속도로),128.315708,35.2796
1346,E910662,[남해선]금곡,국가교통정보센터(고속도로),128.2667,35.21713
1347,E910663,[남해선]금당교,국가교통정보센터(고속도로),127.85202,35.0216
1348,E910664,[남해선]김해육교,국가교통정보센터(고속도로),128.885902,35.224079
1349,E910665,[남해선]김해졸음쉼터,국가교통정보센터(고속도로),128.87423,35.22148
1350,E910666,[남해선]김해터널,국가교통정보센터(고속도로),128.748812,35.268612
1351,E910667,[남해선]김해터널(부산)-외부,국가교통정보센터(고속도로),128.732625,35.277074
1352,E910668,[남해선]남산철교,국가교통정보센터(고속도로),128.6630005,35.27056547
1353,E910669,[남해선]남순천영업소,국가교통정보센터(고속도로),127.44831,34.88259
1354,E910670,[남해선]남양2교,국가교통정보센터(고속도로),127.148794,34.808275
1355,E910671,[남해선]남해금계1교,국가교통정보센터(고속도로),126.59207,34.7303436
1356,E910672,[남해선]남해금계2교,국가교통정보센터(고속도로),126.6020219,34.7279723
1357,E910673,[남해선]남해수암교,국가교통정보센터(고속도로),126.7263345,34.6955435
1358,E910674,[남해선]남해청룡1교,국가교통정보센터(고속도로),126.563631,34.737234
1359,E910675,[남해선]내안교,국가교통정보센터(고속도로),126.89325,34.701658
1360,E910676,[남해선]냉정분기점,국가교통정보센터(고속도로),128.795401,35.219931
1361,E910677,[남해선]냉정분기점1,국가교통정보센터(고속도로),128.789966,35.222132
1362,E910678,[남해선]대련교,국가교통정보센터(고속도로),127.039453,34.7803825
1363,E910679,[남해선]대저,국가교통정보센터(고속도로),128.96634,35.21973
1364,E910680,[남해선]대저2,국가교통정보센터(고속도로),128.951571,35.222929
1365,E910681,[남해선]덕산,국가교통정보센터(고속도로),128.66893005371,35.2718200683593
1366,E910682,[남해선]덕산육교,국가교통정보센터(고속도로),128.6793685,35.27534372
1367,E910683,[남해선]덕정,국가교통정보센터(고속도로),127.472646,34.893823
1368,E910684,[남해선]덕정3교,국가교통정보센터(고속도로),127.466078,34.890866
1369,E910685,[남해선]덕천,국가교통정보센터(고속도로),127.8263,35.00498
1370,E910686,[남해선]덕천종점,국가교통정보센터(고속도로),128.977165,35.219089
1371,E910688,[남해선]도롱교차로,국가교통정보센터(고속도로),127.529387,34.904569
1372,E910687,[남해선]독천교,국가교통정보센터(고속도로),126.55212,34.73782
1373,E910689,[남해선]동광양,국가교통정보센터(고속도로),127.6471,34.96491
1374,E910690,[남해선]동김해,국가교통정보센터(고속도로),128.900466,35.225335
1375,E910691,[남해선]동석교,국가교통정보센터(고속도로),127.56278,34.98780875
1376,E910692,[남해선]동창원,국가교통정보센터(고속도로),128.6946006,35.27795479
1377,E910693,[남해선]마동교,국가교통정보센터(고속도로),127.308319091796,34.8342018127441
1378,E910694,[남해선]망덕,국가교통정보센터(고속도로),127.736645,34.980587
1379,E910695,[남해선]망덕교,국가교통정보센터(고속도로),128.8350527,35.223038
1380,E910696,[남해선]명교,국가교통정보센터(고속도로),127.85486,35.022478
1381,E910699,[남해선]무기,국가교통정보센터(고속도로),128.5341339,35.28530502
1382,E910697,[남해선]묵곡,국가교통정보센터(고속도로),128.017639160156,35.074836730957
1383,E910698,[남해선]묵동1교,국가교통정보센터(고속도로),126.65975,34.703806
1384,E910700,[남해선]문산,국가교통정보센터(고속도로),128.1604,35.17233
1385,E910701,[남해선]미력1터널,국가교통정보센터(고속도로),127.073399,34.812849
1386,E910702,[남해선]박곡,국가교통정보센터(고속도로),128.27693,35.26023
1387,E910703,[남해선]박곡2,국가교통정보센터(고속도로),128.299136,35.276779
1388,E910704,[남해선]박곡교,국가교통정보센터(고속도로),128.27543,35.25624
1389,E910705,[남해선]방촌육교,국가교통정보센터(고속도로),128.240487,35.198711
1390,E910706,[남해선]백련,국가교통정보센터(고속도로),127.88109,35.03832
1391,E910707,[남해선]벌교,국가교통정보센터(고속도로),127.301058,34.835019
1392,E910708,"[남해선]벌교1,2터널",국가교통정보센터(고속도로),127.2729694,34.832725
1393,E910709,[남해선]벌교2터널,국가교통정보센터(고속도로),127.285983,34.835108
1394,E910710,[남해선]벌교3터널순천외부,국가교통정보센터(고속도로),127.316906,34.829826
1395,E910711,[남해선]벌교대교,국가교통정보센터(고속도로),127.377375,34.823203
1396,E910712,[남해선]벌교대교,국가교통정보센터(고속도로),127.39227,34.82968
1397,E910713,[남해선]별량1터널순천외부,국가교통정보센터(고속도로),127.401425,34.843648
1398,E910714,[남해선]별량2터널순천외부1/2,국가교통정보센터(고속도로),127.41154,34.85805
1399,E910715,[남해선]별량2터널순천외부2/2,국가교통정보센터(고속도로),127.425493,34.867445
1400,E910716,[남해선]보성,국가교통정보센터(고속도로),127.104394,34.813881
1401,E910717,[남해선]보성터널순천외부,국가교통정보센터(고속도로),127.01466,34.76743
1402,E910718,[남해선]보성터널영암외부,국가교통정보센터(고속도로),127.03274,34.77647
1403,E910719,[남해선]보성휴게소,국가교통정보센터(고속도로),127.12745,34.813031
1404,E910720,[남해선]보성휴게소,국가교통정보센터(고속도로),127.183403,34.80955
1405,E910721,[남해선]봉강교,국가교통정보센터(고속도로),127.582092285156,34.9869308471679
1406,E910724,[남해선]부산천교,국가교통정보센터(고속도로),126.95925,34.735239
1407,E910722,[남해선]북부산영업소,국가교통정보센터(고속도로),128.942391,35.222052
1408,E910723,[남해선]북창원,국가교통정보센터(고속도로),128.6048319,35.28652609
1409,E910725,[남해선]불암교,국가교통정보센터(고속도로),128.93288,35.222213
1410,E910726,[남해선]사다,국가교통정보센터(고속도로),128.08560180664,35.1130561828613
1411,E910727,[남해선]사도,국가교통정보센터(고속도로),128.317411,35.279508
1412,E910728,[남해선]사천,국가교통정보센터(고속도로),128.093782,35.119382
1413,E910729,[남해선]사천휴게소,국가교통정보센터(고속도로),128.0007959,35.07328456
1414,E910730,[남해선]산인분기점,국가교통정보센터(고속도로),128.4809753,35.27256372
1415,E910731,[남해선]산인터널(부산1),국가교통정보센터(고속도로),128.441407,35.272565
1416,E910732,[남해선]산인터널(순천1),국가교통정보센터(고속도로),128.459183,35.271476
1417,E910733,[남해선]삼당,국가교통정보센터(고속도로),126.792028,34.685518
1418,E910734,[남해선]상월2교,국가교통정보센터(고속도로),126.624861,34.720833
1419,E910735,[남해선]상월천교,국가교통정보센터(고속도로),126.6304816,34.7112827
1420,E910736,[남해선]서김해,국가교통정보센터(고속도로),128.8500414,35.22047161
1421,E910737,[남해선]서순천,국가교통정보센터(고속도로),127.4828424,35.00323479
1422,E910738,[남해선]서영암,국가교통정보센터(고속도로),126.52936,34.75316
1423,E910739,[남해선]서영암영업소,국가교통정보센터(고속도로),126.571583,34.737917
1424,E910740,[남해선]서정,국가교통정보센터(고속도로),127.956993103027,35.0532188415527
1425,E910741,[남해선]선소,국가교통정보센터(고속도로),127.761039733886,34.9798507690429
1426,E910742,[남해선]선유,국가교통정보센터(고속도로),127.66421508789,34.9745254516601
1427,E910743,[남해선]선평교,국가교통정보센터(고속도로),127.497864,34.992033
1428,E910744,[남해선]섬진강휴게소,국가교통정보센터(고속도로),127.77112,34.986133
1429,E910745,[남해선]성불,국가교통정보센터(고속도로),126.856319,34.687826
1430,E910746,[남해선]성전교,국가교통정보센터(고속도로),126.69898,34.69657
1431,E910747,[남해선]성평교,국가교통정보센터(고속도로),127.843368530273,35.014720916748
1432,E910748,[남해선]소문,국가교통정보센터(고속도로),128.140274047851,35.1667366027832
1433,E910749,[남해선]수남,국가교통정보센터(고속도로),127.173736572265,34.8058204650878
1434,E910750,[남해선]수남1교,국가교통정보센터(고속도로),127.166011,34.805581
1435,E910751,[남해선]수어천교,국가교통정보센터(고속도로),127.721529,34.988536
1436,E910752,[남해선]순천,국가교통정보센터(고속도로),127.5164295,34.98736526
1437,E910753,[남해선]순천만,국가교통정보센터(고속도로),127.482269,34.897767
1438,E910754,[남해선]순천만1교,국가교통정보센터(고속도로),127.497981,34.896883
1439,E910755,[남해선]순천분기점,국가교통정보센터(고속도로),127.5375,34.99111111
1440,E910756,[남해선]승산,국가교통정보센터(고속도로),128.27195739746,35.2226486206054
1441,E910757,[남해선]신금,국가교통정보센터(고속도로),127.709327697753,34.9860725402832
1442,E910758,[남해선]신덕2교,국가교통정보센터(고속도로),126.53657,34.74642
1443,E910759,[남해선]안심교,국가교통정보센터(고속도로),127.865987,35.026993
1444,E910760,[남해선]압곡,국가교통정보센터(고속도로),127.525161743164,34.989818572998
1445,E910761,[남해선]양동,국가교통정보센터(고속도로),128.81309,35.22126
1446,E910762,[남해선]양동육교,국가교통정보센터(고속도로),128.805942,35.219716
1447,E910763,[남해선]억만교,국가교통정보센터(고속도로),127.6265414,34.9630613
1448,E910764,[남해선]영암휴게소,국가교통정보센터(고속도로),126.6402985,34.70727857
1449,E910765,[남해선]영암휴게소,국가교통정보센터(고속도로),126.6352453,34.7081341
1450,E910766,[남해선]옥곡,국가교통정보센터(고속도로),127.704631,34.987096
1451,E910768,[남해선]용강1육교,국가교통정보센터(고속도로),127.606903076171,34.9697456359863
1452,E910767,[남해선]용강2육교,국가교통정보센터(고속도로),127.614143371582,34.9630470275878
1453,E910769,[남해선]용잠,국가교통정보센터(고속도로),128.687799,35.276061
1454,E910770,[남해선]용정,국가교통정보센터(고속도로),128.52417,35.28336
1455,E910771,[남해선]용호,국가교통정보센터(고속도로),127.054578,34.799165
1456,E910772,[남해선]용호교,국가교통정보센터(고속도로),127.0484653,34.7939873
1457,E910773,[남해선]원계교,국가교통정보센터(고속도로),128.07441,35.10709
1458,E910774,[남해선]원월교,국가교통정보센터(고속도로),127.687522888183,34.990493774414
1459,E910775,[남해선]원월철육교,국가교통정보센터(고속도로),127.67867,34.98881
1460,E910776,[남해선]월평1교,국가교통정보센터(고속도로),126.6809455,34.6984671
1461,E910777,[남해선]장동1터널외부(순천),국가교통정보센터(고속도로),126.988319,34.75349
1462,E910778,[남해선]장동1터널외부(영암),국가교통정보센터(고속도로),126.970943,34.739718
1463,E910779,"[남해선]장동2,3터널",국가교통정보센터(고속도로),126.9995,34.763167
1464,E910780,[남해선]장지,국가교통정보센터(고속도로),128.34072,35.29257
1465,E910781,[남해선]장지1교,국가교통정보센터(고속도로),128.349427,35.291751
1466,E910782,[남해선]장흥,국가교통정보센터(고속도로),126.907028,34.708694
1467,E910783,"[남해선]장흥1,2터널",국가교통정보센터(고속도로),126.869284,34.693088
1468,E910784,"[남해선]장흥2,3터널",국가교통정보센터(고속도로),126.88275,34.6963333
1469,E910785,"[남해선]제암산1,2터널",국가교통정보센터(고속도로),126.9413889,34.72972222
1470,E910786,[남해선]조성2터널영암외부,국가교통정보센터(고속도로),127.26469,34.83055
1471,E910787,[남해선]주촌교,국가교통정보센터(고속도로),128.841651,35.221417
1472,E910788,[남해선]죽림,국가교통정보센터(고속도로),127.650485,34.963449
1473,E910789,[남해선]죽평,국가교통정보센터(고속도로),127.492691040039,34.9977531433105
1474,E910790,[남해선]지곡,국가교통정보센터(고속도로),127.57554,34.986498
1475,E910791,[남해선]지본교,국가교통정보센터(고속도로),127.505096435546,34.9904441833496
1476,E910792,[남해선]지수,국가교통정보센터(고속도로),128.2715734,35.22796237
1477,E910793,[남해선]지수금곡,국가교통정보센터(고속도로),128.256791,35.207307
1478,E910794,[남해선]지수청담,국가교통정보센터(고속도로),128.274543,35.23729048
1479,E910795,[남해선]진교,국가교통정보센터(고속도로),127.9048822,35.04152473
1480,E910796,[남해선]진교교,국가교통정보센터(고속도로),127.8902292,35.04027408
1481,E910797,[남해선]진교터널,국가교통정보센터(고속도로),127.936918,35.054778
1482,E910798,[남해선]진례,국가교통정보센터(고속도로),128.7550549,35.26118207
1483,E910799,[남해선]진례분기점,국가교통정보센터(고속도로),128.77293395996,35.2297744750976
1484,E910800,[남해선]진례분기점2,국가교통정보센터(고속도로),128.784427,35.225994
1485,E910801,[남해선]진례천교,국가교통정보센터(고속도로),128.7725167,35.22973751
1486,E910802,[남해선]진성,국가교통정보센터(고속도로),128.22847,35.194607
1487,E910803,[남해선]진영분기점,국가교통정보센터(고속도로),128.705801,35.279242
1488,E910804,[남해선]진영휴게소,국가교통정보센터(고속도로),128.7316205,35.27783621
1489,E910805,[남해선]진월,국가교통정보센터(고속도로),127.7482084,34.98016219
1490,E910806,[남해선]진정천교,국가교통정보센터(고속도로),127.802261352539,34.9909515380859
1491,E910807,[남해선]진주,국가교통정보센터(고속도로),128.129245,35.164611
1492,E910810,[남해선]진주1터널(부산1),국가교통정보센터(고속도로),128.180279,35.174191
1493,E910808,[남해선]진주1터널(순천),국가교통정보센터(고속도로),128.191877,35.180163
1494,E910811,[남해선]진주1터널(순천1),국가교통정보센터(고속도로),128.183198,35.175699
1495,E910812,[남해선]진주1터널외부#2,국가교통정보센터(고속도로),128.174359,35.172385
1496,E910809,[남해선]진주2터널,국가교통정보센터(고속도로),128.220072,35.182883
1497,E910813,[남해선]진주2터널(외부2),국가교통정보센터(고속도로),128.197467,35.180882
1498,E910814,[남해선]진주2터널외부#1,국가교통정보센터(고속도로),128.211141,35.182102
1499,E910816,[남해선]진주분기점1,국가교통정보센터(고속도로),128.097832,35.138265
1500,E910815,[남해선]진주분기점2,국가교통정보센터(고속도로),128.099285,35.143003
1501,E910817,[남해선]창원1터널,국가교통정보센터(고속도로),128.552432,35.291759
1502,E910818,[남해선]창원1터널(부산)-7/12,국가교통정보센터(고속도로),128.580356,35.289234
1503,E910819,[남해선]창원1터널(부산)-외부-2/2,국가교통정보센터(고속도로),128.59586,35.28761
1504,E910820,[남해선]창원1터널(순천)-7/12,국가교통정보센터(고속도로),128.574434,35.289742
1505,E910821,[남해선]창원2터널(부산)-외부,국가교통정보센터(고속도로),128.618558,35.282341
1506,E910822,[남해선]창원2터널(순천)-외부,국가교통정보센터(고속도로),128.63655,35.27581
1507,E910823,[남해선]창원분기점,국가교통정보센터(고속도로),128.647722,35.27514
1508,E910824,[남해선]청담,국가교통정보센터(고속도로),128.275021,35.24761
1509,E910825,[남해선]청룡교,국가교통정보센터(고속도로),127.674949645996,34.9805831909179
1510,E910826,[남해선]초암산,국가교통정보센터(고속도로),127.196708679199,34.8204383850097
1511,E910827,[남해선]초암산터널순천#4/9,국가교통정보센터(고속도로),127.205065,34.825324
1512,E910828,[남해선]초암산터널영암#7/9,국가교통정보센터(고속도로),127.21236,34.82779
1513,E910829,[남해선]초암산터널영암외부,국가교통정보센터(고속도로),127.220772,34.82853
1514,E910830,[남해선]초전2교,국가교통정보센터(고속도로),128.760613,35.243908
1515,E910831,[남해선]축내,국가교통정보센터(고속도로),127.24285,34.828918
1516,E910832,[남해선]축동2,국가교통정보센터(고속도로),128.04638671875,35.0872955322265
1517,E910833,[남해선]축동정류장,국가교통정보센터(고속도로),128.055918,35.088476
1518,E910834,[남해선]칠원분기점,국가교통정보센터(고속도로),128.5068257,35.286789
1519,E910835,[남해선]탑리,국가교통정보센터(고속도로),128.068298339843,35.0989189147949
1520,E910836,[남해선]탑리교,국가교통정보센터(고속도로),128.065891,35.095225
1521,E910837,[남해선]토마육교,국가교통정보센터(고속도로),126.8169993,34.6821334
1522,E910838,[남해선]평기1교,국가교통정보센터(고속도로),126.7581672,34.69241717
1523,E910839,[남해선]하동,국가교통정보센터(고속도로),127.8140637,35.00265681
1524,E910840,[남해선]하동금성,국가교통정보센터(고속도로),127.7801796,34.98891823
1525,E910841,[남해선]하산,국가교통정보센터(고속도로),126.972191,34.740206
1526,E910842,[남해선]하삼교,국가교통정보센터(고속도로),127.83707,35.005276
1527,E910843,[남해선]하선교,국가교통정보센터(고속도로),127.66892,34.976691
1528,E910844,[남해선]함안,국가교통정보센터(고속도로),128.4001259,35.28771462
1529,E910846,[남해선]함안1터널(부산)-외부,국가교통정보센터(고속도로),128.487874,35.276508
1530,E910847,[남해선]함안1터널(순천)-외부,국가교통정보센터(고속도로),128.494705,35.280789
1531,E910845,[남해선]함안2터널,국가교통정보센터(고속도로),128.536501,35.285675
1532,E910848,[남해선]함안고개,국가교통정보센터(고속도로),128.367789,35.293031
1533,E910849,[남해선]함안천교,국가교통정보센터(고속도로),128.423642,35.28148574
1534,E910850,[남해선]해룡교,국가교통정보센터(고속도로),127.519024,34.9014849
1535,E910851,[남해선]해룡터널순천외부1/2,국가교통정보센터(고속도로),127.52931,34.90449
1536,E910852,[남해선]해룡터널영암외부,국가교통정보센터(고속도로),127.54434,34.91293
1537,E910853,[남해선]해반천교,국가교통정보센터(고속도로),128.876174926757,35.2220497131347
1538,E910854,[남해선]호계1교,국가교통정보센터(고속도로),126.9286111,34.71527778
1539,E910855,[남해선]환덕2,국가교통정보센터(고속도로),127.99510192871,35.0691146850585
1540,E910856,[남해선]환덕교,국가교통정보센터(고속도로),127.9899428,35.0656314
1541,E910857,[남해선제1지선]광려천교,국가교통정보센터(고속도로),128.518264770507,35.2534408569335
1542,E910858,[남해선제1지선]구암1교,국가교통정보센터(고속도로),128.58250427246,35.2456321716308
1543,E910859,[남해선제1지선]산인영업소,국가교통정보센터(고속도로),128.4809875,35.27142715
1544,E910860,[남해선제1지선]솔티고개,국가교통정보센터(고속도로),128.568878173828,35.2396659851074
1545,E910861,[남해선제1지선]의창교,국가교통정보센터(고속도로),128.612667,35.264969
1546,E910862,[남해선제1지선]초계교,국가교통정보센터(고속도로),128.601521,35.256193
1547,E910863,[남해선제2지선]능동교,국가교통정보센터(고속도로),128.803969,35.199227
1548,E910864,[남해선제2지선]용곡육교,국가교통정보센터(고속도로),128.855804443359,35.1784896850585
1549,E910865,[남해선제2지선]율하천교,국가교통정보센터(고속도로),128.830123901367,35.1755409240722
1550,E910866,[남해선제2지선]조만강교,국가교통정보센터(고속도로),128.888534545898,35.1651763916015
1551,E910867,[당진대전선]고덕,국가교통정보센터(고속도로),126.7051924,36.76184204
1552,E910868,[당진대전선]공주,국가교통정보센터(고속도로),127.12026,36.49077
1553,E910869,[당진대전선]공주분기점,국가교통정보센터(고속도로),127.0916699,36.48552369
1554,E910870,[당진대전선]공주휴게소,국가교통정보센터(고속도로),127.16417,36.49749
1555,E910871,[당진대전선]금남쉼터(대전),국가교통정보센터(고속도로),127.255402,36.448985
1556,E910872,[당진대전선]남세종,국가교통정보센터(고속도로),127.2909882,36.42473978
1557,E910873,[당진대전선]녹문교,국가교통정보센터(고속도로),126.8559223,36.60880764
1558,E910874,[당진대전선]녹천1교,국가교통정보센터(고속도로),126.9395157,36.57900202
1559,E910875,[당진대전선]당진분기점,국가교통정보센터(고속도로),126.6222222,36.84555556
1560,E910876,[당진대전선]대덕,국가교통정보센터(고속도로),126.8845718,36.59080369
1561,E910877,[당진대전선]대덕2,국가교통정보센터(고속도로),126.87228,36.592809
1562,E910878,[당진대전선]대천리,국가교통정보센터(고속도로),126.69472,36.77778
1563,E910879,[당진대전선]도계,국가교통정보센터(고속도로),128.174453735351,36.3741264343261
1564,E910880,[당진대전선]동대,국가교통정보센터(고속도로),127.053458,36.483814
1565,E910881,[당진대전선]마곡사,국가교통정보센터(고속도로),127.0252208,36.49409742
1566,E910882,[당진대전선]면천,국가교통정보센터(고속도로),126.647778,36.82305
1567,E910883,[당진대전선]면천휴게소,국가교통정보센터(고속도로),126.677779,36.791615
1568,E910884,[당진대전선]목천,국가교통정보센터(고속도로),127.130047,36.495367
1569,E910885,[당진대전선]사기소교,국가교통정보센터(고속도로),126.6299405,36.83689047
1570,E910886,[당진대전선]산학,국가교통정보센터(고속도로),127.23884,36.48191
1571,E910887,[당진대전선]삽교천교,국가교통정보센터(고속도로),126.7431621,36.72306975
1572,E910888,[당진대전선]상장,국가교통정보센터(고속도로),126.7174242,36.7473517
1573,E910889,[당진대전선]서공주분기점,국가교통정보센터(고속도로),127.0625528,36.48545782
1574,E910890,[당진대전선]서세종,국가교통정보센터(고속도로),127.19435,36.49527
1575,E910891,[당진대전선]성하,국가교통정보센터(고속도로),126.654813,36.814101
1576,E910892,[당진대전선]손지,국가교통정보센터(고속도로),126.8207839,36.65062584
1577,E910893,[당진대전선]송원,국가교통정보센터(고속도로),127.2495982,36.46588602
1578,E910894,[당진대전선]승지교,국가교통정보센터(고속도로),126.955159,36.57328
1579,E910895,[당진대전선]승지교(고정),국가교통정보센터(고속도로),126.956361,36.572645
1580,E910896,[당진대전선]신양,국가교통정보센터(고속도로),126.8675923,36.59546764
1581,E910897,[당진대전선]신웅,국가교통정보센터(고속도로),127.1088241,36.48552363
1582,E910898,[당진대전선]신장,국가교통정보센터(고속도로),126.7946625,36.66477203
1583,E910899,[당진대전선]신풍휴게소,국가교통정보센터(고속도로),127.0016667,36.51444444
1584,E910900,[당진대전선]안산,국가교통정보센터(고속도로),127.300362,36.404651
1585,E910901,[당진대전선]양막,국가교통정보센터(고속도로),126.763321,36.709331
1586,E910902,[당진대전선]영곡,국가교통정보센터(고속도로),127.25847,36.44696
1587,E910903,[당진대전선]영곡2,국가교통정보센터(고속도로),127.252704,36.451899
1588,E910904,[당진대전선]예산,국가교통정보센터(고속도로),126.7753821,36.67722987
1589,E910905,[당진대전선]예산(고정),국가교통정보센터(고속도로),126.773925,36.679071
1590,E910906,[당진대전선]예산휴게소,국가교통정보센터(고속도로),126.8421793,36.62269212
1591,E910907,[당진대전선]용담,국가교통정보센터(고속도로),127.282226,36.431136
1592,E910908,[당진대전선]용리,국가교통정보센터(고속도로),126.7313,36.73041
1593,E910909,[당진대전선]용수천교,국가교통정보센터(고속도로),127.2760079,36.43406786
1594,E910910,[당진대전선]원동1교,국가교통정보센터(고속도로),126.661708,36.804488
1595,E910911,[당진대전선]월미,국가교통정보센터(고속도로),127.115159,36.487535
1596,E910912,[당진대전선]유구,국가교통정보센터(고속도로),126.971769,36.56761521
1597,E910913,[당진대전선]유구2,국가교통정보센터(고속도로),126.978381,36.563088
1598,E910914,[당진대전선]유성분기점,국가교통정보센터(고속도로),127.335673,36.391031
1599,E910915,[당진대전선]유성터널,국가교통정보센터(고속도로),127.316765,36.395555
1600,E910916,[당진대전선]은용,국가교통정보센터(고속도로),127.2158103,36.48824764
1601,E910917,[당진대전선]좌방리,국가교통정보센터(고속도로),126.7698782,36.69067189
1602,E910918,[당진대전선]차동2교,국가교통정보센터(고속도로),126.9159518,36.58934773
1603,E910919,[당진대전선]청룡,국가교통정보센터(고속도로),127.1422562,36.49541167
1604,E910920,[당진대전선]탄방교,국가교통정보센터(고속도로),126.835336,36.63327401
1605,E910921,[당진대전선]통천교,국가교통정보센터(고속도로),127.0388308,36.48687742
1606,E910922,[당진대전선]평소,국가교통정보센터(고속도로),126.997356,36.526129
1607,E910923,[당진대전선]하봉,국가교통정보센터(고속도로),127.1815382,36.50069167
1608,E910924,[당진대전선]해월1교,국가교통정보센터(고속도로),127.0108301,36.50611981
1609,E910925,[당진대전선]화흥2교,국가교통정보센터(고속도로),126.99083,36.54288205
1610,E910926,[당진대전선]화흥3교,국가교통정보센터(고속도로),126.9966041,36.53021413
1611,E910928,[당진청주선][아산]풍세1터널(당진)-1/2,국가교통정보센터(고속도로),127.1252,36.7636
1612,E910927,[당진청주선][아산]풍세1터널(당진)-2/2,국가교통정보센터(고속도로),127.12346,36.763724
1613,E910929,[당진청주선][천안]풍세1터널(청주)-1/2,국가교통정보센터(고속도로),127.122425,36.763516
1614,E910930,[당진청주선][천안]풍세1터널(청주)-2/2,국가교통정보센터(고속도로),127.1237,36.7634
1615,E910931,[당진청주선]구룡생태육교,국가교통정보센터(고속도로),127.155468,36.760645
1616,E910932,[당진청주선]동남터널(당진)-1/1,국가교통정보센터(고속도로),127.1631665,36.76395792
1617,E910933,[당진청주선]동남터널(청주)-1/1,국가교통정보센터(고속도로),127.1632727,36.76387442
1618,E910934,[당진청주선]배방터널(당진)-1/1,국가교통정보센터(고속도로),127.1027275,36.76927897
1619,E910935,[당진청주선]배방터널(청주)-1/1,국가교통정보센터(고속도로),127.1028057,36.76913473
1620,E910936,[당진청주선]삼성교,국가교통정보센터(고속도로),127.168465,36.767723
1621,E910937,[당진청주선]삼성육교,국가교통정보센터(고속도로),127.173818,36.76909
1622,E910940,[당진청주선]서천안,국가교통정보센터(고속도로),127.147116,36.760132
1623,E910938,[당진청주선]석두2교,국가교통정보센터(고속도로),126.989782,36.815327
1624,E910939,[당진청주선]석정3교,국가교통정보센터(고속도로),127.008883,36.804437
1625,E910941,[당진청주선]아산,국가교통정보센터(고속도로),126.971854,36.82312
1626,E910942,[당진청주선]아산현충사,국가교통정보센터(고속도로),127.050676,36.787821
1627,E910943,[당진청주선]염치2터널,국가교통정보센터(고속도로),126.979538,36.820391
1628,E910944,[당진청주선]염치2터널(당진)-1/1,국가교통정보센터(고속도로),126.9850599,36.8183227
1629,E910945,[당진청주선]염치2터널(청주)-1/1,국가교통정보센터(고속도로),126.9848694,36.81804783
1630,E910946,[당진청주선]응원교,국가교통정보센터(고속도로),127.178723,36.768179
1631,E910947,[당진청주선]풍세1터널(청주)-외부,국가교통정보센터(고속도로),127.116442,36.764933
1632,E910948,[당진청주선]풍세2터널(당진)-1/1,국가교통정보센터(고속도로),127.13161123642965,36.7626588532462
1633,E910949,[당진청주선]풍세2터널(당진)-외부,국가교통정보센터(고속도로),127.136885,36.761778
1634,E910950,[당진청주선]풍세2터널(청주)-1/1,국가교통정보센터(고속도로),127.13151,36.76237962
1635,E910954,[당진청주선]현충사대교,국가교통정보센터(고속도로),127.073796,36.782124
1636,E910951,[당진청주선]현충사대교시점,국가교통정보센터(고속도로),127.063434,36.786258
1637,E910952,[당진청주선]현충사대교종점,국가교통정보센터(고속도로),127.088507,36.773764
1638,E910953,[당진청주선]현충사대교주탑,국가교통정보센터(고속도로),127.08259,36.777649
1639,E910955,[당진청주선]현충사지하차도,국가교통정보센터(고속도로),127.031317,36.797126
1640,E910956,[당진청주선]현충지하차도(당진)-1/1,국가교통정보센터(고속도로),127.0267,36.8005
1641,E910957,[당진청주선]현충지하차도(청주)-1/1,국가교통정보센터(고속도로),127.027,36.8001
1642,E910968,[대구부산선]가곡터널,국가교통정보센터(고속도로),128.774444,35.475556
1643,E910958,[대구부산선]가천쉼터,국가교통정보센터(고속도로),128.689167,35.848333
1644,E910969,[대구부산선]고정1터널,국가교통정보센터(고속도로),128.795556,35.521111
1645,E910959,[대구부산선]고정2터널(대구),국가교통정보센터(고속도로),128.7925,35.542778
1646,E910960,[대구부산선]고정2터널(부산),국가교통정보센터(고속도로),128.791944,35.5425
1647,E910970,[대구부산선]고정3터널,국가교통정보센터(고속도로),128.784444,35.561389
1648,E910971,[대구부산선]고정대교,국가교통정보센터(고속도로),128.775556,35.571944
1649,E910972,[대구부산선]금시교,국가교통정보센터(고속도로),128.784722,35.496389
1650,E910973,[대구부산선]낙동대교,국가교통정보센터(고속도로),128.833056,35.393611
1651,E910975,[대구부산선]남천대교,국가교통정보센터(고속도로),128.732222,35.800278
1652,E910974,[대구부산선]남천원리,국가교통정보센터(고속도로),128.7375,35.741667
1653,E910976,[대구부산선]남천터널,국가교통정보센터(고속도로),128.735278,35.789444
1654,E910961,[대구부산선]남천하도,국가교통정보센터(고속도로),128.742222,35.716944
1655,E910962,[대구부산선]대동분기점,국가교통정보센터(고속도로),128.984722,35.284444
1656,E910977,[대구부산선]대포천교,국가교통정보센터(고속도로),128.953611,35.316389
1657,E910963,[대구부산선]덕산쉼터,국가교통정보센터(고속도로),128.973333,35.301944
1658,E910978,[대구부산선]동대구IC,국가교통정보센터(고속도로),128.686111,35.866667
1659,E910964,[대구부산선]동대구분기점,국가교통정보센터(고속도로),128.6925,35.885833
1660,E910979,[대구부산선]무척산터널(대구),국가교통정보센터(고속도로),128.879722,35.356389
1661,E910980,[대구부산선]무척산터널(부산),국가교통정보센터(고속도로),128.8796415,35.35671726
1662,E910981,[대구부산선]밀양IC,국가교통정보센터(고속도로),128.791667,35.502222
1663,E910982,[대구부산선]밀양강교,국가교통정보센터(고속도로),128.797778,35.411111
1664,E910983,[대구부산선]밀양대교,국가교통정보센터(고속도로),128.773056,35.462778
1665,E910984,[대구부산선]삼랑진IC,국가교통정보센터(고속도로),128.821111,35.4
1666,E910985,[대구부산선]삼성2교,국가교통정보센터(고속도로),128.729722,35.764722
1667,E910987,[대구부산선]상동2터널,국가교통정보센터(고속도로),128.935833,35.332778
1668,E910988,[대구부산선]상동IC,국가교통정보센터(고속도로),128.942778,35.318889
1669,E910986,[대구부산선]상동감로,국가교통정보센터(고속도로),128.924444,35.348056
1670,E910989,[대구부산선]생림1터널,국가교통정보센터(고속도로),128.854722,35.365833
1671,E910965,[대구부산선]생림2터널(대구),국가교통정보센터(고속도로),128.840833,35.385
1672,E910966,[대구부산선]생림2터널(부산),국가교통정보센터(고속도로),128.840556,35.384722
1673,E910990,[대구부산선]송읍교,국가교통정보센터(고속도로),128.745278,35.671944
1674,E910991,[대구부산선]수성IC,국가교통정보센터(고속도로),128.6925,35.835278
1675,E910967,[대구부산선]수성욱수,국가교통정보센터(고속도로),128.709685,35.825591
1676,E910992,[대구부산선]옥곡1교,국가교통정보센터(고속도로),128.730278,35.8075
1677,E910993,[대구부산선]용산터널,국가교통정보센터(고속도로),128.901111,35.359444
1678,E910995,[대구부산선]청도1터널,국가교통정보센터(고속도로),128.770278,35.58
1679,E910996,[대구부산선]청도2터널,국가교통정보센터(고속도로),128.739444,35.695833
1680,E910997,[대구부산선]청도IC,국가교통정보센터(고속도로),128.747222,35.653333
1681,E910994,[대구부산선]청도원정,국가교통정보센터(고속도로),128.766111,35.616111
1682,E910998,[대구부산선]청도천5교,국가교통정보센터(고속도로),128.754167,35.636389
1683,E910999,[대구부산선]청도휴게소,국가교통정보센터(고속도로),128.768889,35.598056
1684,E911000,[대구부산선]평촌교,국가교통정보센터(고속도로),128.785278,35.425278
1685,E911002,[대구외곽순환선][달서]다사터널(달서)1/3,국가교통정보센터(고속도로),128.472969,35.89933961
1686,E911001,[대구외곽순환선][달서]다사터널(달서)2/3,국가교통정보센터(고속도로),128.4716667,35.89666667
1687,E911003,[대구외곽순환선][달서]도동1터널(달서)-1/1,국가교통정보센터(고속도로),128.664969,35.925777
1688,E911005,[대구외곽순환선][달서]도동2터널(달서)-1/4,국가교통정보센터(고속도로),128.67125,35.922514
1689,E911004,[대구외곽순환선][달서]도동2터널(달서)-2/4,국가교통정보센터(고속도로),128.6712503,35.9225141
1690,E911007,[대구외곽순환선][달서]도동3터널(달서)-1/3,국가교통정보센터(고속도로),128.6760559,35.91482735
1691,E911006,[대구외곽순환선][달서]도동3터널(달서)-2/3,국가교통정보센터(고속도로),128.675097,35.916734
1692,E911009,[대구외곽순환선][달서]둔산2터널(달서)-1/2,국가교통정보센터(고속도로),128.699242,35.897671
1693,E911008,[대구외곽순환선][달서]둔산2터널(달서)-2/2,국가교통정보센터(고속도로),128.6990046,35.89806825
1694,E911011,[대구외곽순환선][달서]연경터널(달서)-3/6,국가교통정보센터(고속도로),128.6254884,35.93838556
1695,E911010,[대구외곽순환선][달서]연경터널(달서)-4/6,국가교통정보센터(고속도로),128.6226315,35.9390079
1696,E911012,[대구외곽순환선][달서]연경터널(달서)-외부2/2,국가교통정보센터(고속도로),128.6208998,35.9395312
1697,E911013,[대구외곽순환선][달서]연호2교(달서)-1/1,국가교통정보센터(고속도로),128.5229401,35.9222828
1698,E911015,[대구외곽순환선][달서]지천터널(달서)-1/2,국가교통정보센터(고속도로),128.5243955,35.92370003
1699,E911014,[대구외곽순환선][달서]지천터널(달서)-2/2,국가교통정보센터(고속도로),128.5237652,35.92318311
1700,E911016,[대구외곽순환선][상매]다사터널(상매)1/3,국가교통정보센터(고속도로),128.4708333,35.89361111
1701,E911017,[대구외곽순환선][상매]다사터널(상매)2/3,국가교통정보센터(고속도로),128.47189,35.89609967
1702,E911018,[대구외곽순환선][상매]다사터널(상매)3/3,국가교통정보센터(고속도로),128.4727499,35.89797705
1703,E911019,[대구외곽순환선][상매]도동1터널(상매)-1/1,국가교통정보센터(고속도로),128.6649685,35.9257771
1704,E911020,[대구외곽순환선][상매]도동1터널(상매)-외부1/1,국가교통정보센터(고속도로),128.66905,35.9239
1705,E911021,[대구외곽순환선][상매]도동2터널(상매)-4/4,국가교통정보센터(고속도로),128.6704095,35.92221869
1706,E911022,[대구외곽순환선][상매]도동3터널(상매)-3/3,국가교통정보센터(고속도로),128.6750972,35.9167335
1707,E911023,[대구외곽순환선][상매]둔산2터널(상매)-1/2,국가교통정보센터(고속도로),128.6992065,35.89766665
1708,E911024,[대구외곽순환선][상매]둔산2터널(상매)-2/2,국가교통정보센터(고속도로),128.6992418,35.8976705
1709,E911025,[대구외곽순환선][상매]매곡2교(상매)1/1,국가교통정보센터(고속도로),128.4625,35.868333
1710,E911026,[대구외곽순환선][상매]봉무2교(상매)-1/1,국가교통정보센터(고속도로),128.6579118,35.928471
1711,E911027,[대구외곽순환선][상매]연경터널(상매)-4/6,국가교통정보센터(고속도로),128.6230726,35.93925969
1712,E911028,[대구외곽순환선][상매]연호2교(상매)-1/1,국가교통정보센터(고속도로),128.5235323,35.92266791
1713,E911029,[대구외곽순환선][상매]지천터널(상매)-1/2,국가교통정보센터(고속도로),128.5241849,35.92311471
1714,E911030,[대구외곽순환선]관음교1,국가교통정보센터(고속도로),128.538405,35.942601
1715,E911031,[대구외곽순환선]관음교2,국가교통정보센터(고속도로),128.5461496,35.9483792
1716,E911032,[대구외곽순환선]금호강교(남단),국가교통정보센터(고속도로),128.4736111,35.84027778
1717,E911033,[대구외곽순환선]금호강교(북단),국가교통정보센터(고속도로),128.4683333,35.84638889
1718,E911034,[대구외곽순환선]낙산교,국가교통정보센터(고속도로),128.526665,35.925907
1719,E911035,[대구외곽순환선]남칠곡영업소,국가교통정보센터(고속도로),128.5072222,35.91194444
1720,E911036,[대구외곽순환선]다사나들목,국가교통정보센터(고속도로),128.4711111,35.85916667
1721,E911037,[대구외곽순환선]다사터널,국가교통정보센터(고속도로),128.4697222,35.89194444
1722,E911038,[대구외곽순환선]동명동호나들목,국가교통정보센터(고속도로),128.5560895,35.9601848
1723,E911039,[대구외곽순환선]둔산나들목,국가교통정보센터(고속도로),128.6905576,35.9013632
1724,E911040,[대구외곽순환선]매곡1교,국가교통정보센터(고속도로),128.467203,35.86506707
1725,E911041,[대구외곽순환선]봉무졸음쉼터,국가교통정보센터(고속도로),128.653018,35.931706
1726,E911042,[대구외곽순환선]북다사나들목,국가교통정보센터(고속도로),128.4655556,35.88611111
1727,E911043,[대구외곽순환선]북달성영업소,국가교통정보센터(고속도로),128.4583333,35.87138889
1728,E911044,[대구외곽순환선]상매분기점,국가교통정보센터(고속도로),128.701474,35.894408
1729,E911045,[대구외곽순환선]서변나들목,국가교통정보센터(고속도로),128.5984538,35.93268
1730,E911046,[대구외곽순환선]성서산업단지,국가교통정보센터(고속도로),128.4811111,35.83527778
1731,E911047,[대구외곽순환선]연경영업소,국가교통정보센터(고속도로),128.61488,35.938838
1732,E911048,[대구외곽순환선]연호1교,국가교통정보센터(고속도로),128.5127778,35.91555556
1733,E911049,[대구외곽순환선]오산교,국가교통정보센터(고속도로),128.4797222,35.905
1734,E911050,[대구외곽순환선]오산리,국가교통정보센터(고속도로),128.5025,35.90972222
1735,E911051,[대구외곽순환선]읍내교,국가교통정보센터(고속도로),128.5489442,35.9530267
1736,E911052,[대구외곽순환선]이천2교,국가교통정보센터(고속도로),128.4588889,35.87944444
1737,E911053,[대구외곽순환선]지천나들목,국가교통정보센터(고속도로),128.529352,35.929876
1738,E911054,[대구외곽순환선]칠곡분기점,국가교통정보센터(고속도로),128.4886111,35.90666667
1739,E911055,[대구외곽순환선]파군재나들목,국가교통정보센터(고속도로),128.6411773,35.936568
1740,E911056,[대구포항선]다산1교,국가교통정보센터(고속도로),129.2521667,36.05080414
1741,E911057,[대구포항선]석촌리,국가교통정보센터(고속도로),128.870132446289,36.0050239562988
1742,E911058,[대구포항선]수성리,국가교통정보센터(고속도로),129.102706909179,36.055736541748
1743,E911059,[대구포항선]암기2교,국가교통정보센터(고속도로),128.8867645,36.01820755
1744,E911060,[대구포항선]포항1,국가교통정보센터(고속도로),129.3177,36.0422
1745,E911061,[대구포항선]화남육교,국가교통정보센터(고속도로),128.9429,36.03923
1746,E911062,[대전남부선][산내]안영1터널(산내외부),국가교통정보센터(고속도로),127.362116,36.288203
1747,E911063,[대전남부선][서대전]구봉터널(서대전외부),국가교통정보센터(고속도로),127.359046,36.28926
1748,E911064,[대전남부선]구봉,국가교통정보센터(고속도로),127.334342956542,36.291690826416
1749,E911065,[대전남부선]구완터널,국가교통정보센터(고속도로),127.4248498,36.27839151
1750,E911066,[대전남부선]무수교,국가교통정보센터(고속도로),127.39695739746,36.2772369384765
1751,E911067,[대전남부선]안영,국가교통정보센터(고속도로),127.3794038,36.28320716
1752,E911068,[대전남부선]이사1교,국가교통정보센터(고속도로),127.445095,36.279473
1753,E911069,[대전남부순환선]무수2교,국가교통정보센터(고속도로),127.402107238769,36.2756805419921
1754,E911070,[대전당진선]고덕2,국가교통정보센터(고속도로),126.7059,36.7617
1755,E911071,[대전당진선]당진분기점2,국가교통정보센터(고속도로),126.6184472,36.85076825
1756,E911072,[대전당진선]반석,국가교통정보센터(고속도로),127.29685974121,36.4086761474609
1757,E911073,[대전당진선]분천,국가교통정보센터(고속도로),126.758338928222,36.7146835327148
1758,E911074,[대전당진선]서세종2,국가교통정보센터(고속도로),127.188232421875,36.4993286132812
1759,E911075,[대전당진선]송정,국가교통정보센터(고속도로),127.151451110839,36.4946212768554
1760,E911076,[대전당진선]월곡,국가교통정보센터(고속도로),126.7782745,36.67416382
1761,E911077,[대전당진선]차동,국가교통정보센터(고속도로),126.9208014,36.5884699
1762,E911078,[대전당진선]차동2교시점,국가교통정보센터(고속도로),126.91836,36.589284
1763,E911079,[대전당진선]해월교종점,국가교통정보센터(고속도로),127.00318,36.51376
1764,E911080,[대전당진선]호계,국가교통정보센터(고속도로),127.01897,36.499041
1765,E911081,[대전당진선]호계교,국가교통정보센터(고속도로),127.018284,36.499352
1766,E911082,[대전당진선]화흥,국가교통정보센터(고속도로),126.991104125976,36.5416374206542
1767,E911083,[동해선(울산포항)]대종천교남단,국가교통정보센터(고속도로),129.42703,35.797996
1768,E911084,[동해선(울산포항)]문무대왕1(2/34)_포항,국가교통정보센터(고속도로),129.3343335,35.7405786
1769,E911085,[동해선(울산포항)]문무대왕1(29/33)_부산,국가교통정보센터(고속도로),129.4081976,35.76965744
1770,E911086,[동해선(울산포항)]문무대왕1(3/33)_부산,국가교통정보센터(고속도로),129.40802,35.76993179
1771,E911087,[동해선(울산포항)]문무대왕1(31/34)_포항,국가교통정보센터(고속도로),129.3342557,35.74075131
1772,E911088,[동해선(울산포항)]외동2터널(1/13)_포항,국가교통정보센터(고속도로),129.2889961,35.68421573
1773,E911089,[동해선(울산포항)]외동2터널(10/13)_포항,국가교통정보센터(고속도로),129.28860095637586,35.68429984
1774,E911090,[동해선(울산포항)]외동2터널(3/14)_부산,국가교통정보센터(고속도로),129.28644513665196,35.71119882
1775,E911091,[동해선(울산포항)]외동2터널(9/14)_부산,국가교통정보센터(고속도로),129.2868536,35.71118655
1776,E911092,[동해선][근덕]양양1터널(근덕외부),국가교통정보센터(고속도로),128.5819,38.0889
1777,E911093,[동해선][근덕]청대터널(근덕외부),국가교통정보센터(고속도로),128.5597,38.18
1778,E911094,[동해선][속초]양양2터널(속초외부),국가교통정보센터(고속도로),128.583,38.1112
1779,E911095,[동해선][속초]청대터널(속초외부),국가교통정보센터(고속도로),128.5841,38.1722
1780,E911096,[동해선][울산]다운1터널(울산외부1),국가교통정보센터(고속도로),129.26357,35.56993
1781,E911097,[동해선][울산]범서4터널(울산외부1),국가교통정보센터(고속도로),129.29506,35.651035
1782,E911098,[동해선][울산]오천5터널(울산외부2),국가교통정보센터(고속도로),129.39322,35.905327
1783,E911099,[동해선][울산]오천7터널(울산외부1),국가교통정보센터(고속도로),129.39493,35.911625
1784,E911101,[동해선][울산]외동2터널(울산외부1),국가교통정보센터(고속도로),129.28636,35.711403
1785,E911100,[동해선][울산]외동3터널(울산외부1),국가교통정보센터(고속도로),129.28668,35.711952
1786,E911102,[동해선][포항]다운4터널(포항외부1),국가교통정보센터(고속도로),129.27686,35.578503
1787,E911103,[동해선][포항]범서1터널(포항외부1),국가교통정보센터(고속도로),129.28317,35.58766
1788,E911104,[동해선][포항]범서2터널(포항외부1),국가교통정보센터(고속도로),129.2835,35.597477
1789,E911105,[동해선][포항]범서3터널(포항외부1),국가교통정보센터(고속도로),129.2859221,35.62115532
1790,E911107,[동해선][포항]범서3터널(포항외부2),국가교통정보센터(고속도로),129.2905781,35.62653401
1791,E911106,[동해선][포항]범서3터널(포항외부3),국가교통정보센터(고속도로),129.2909209,35.6263653
1792,E911109,[동해선][포항]오천1터널(포항외부1),국가교통정보센터(고속도로),129.400413,35.868312
1793,E911108,[동해선][포항]오천2터널(포항외부1),국가교통정보센터(고속도로),129.39987,35.86994
1794,E911111,[동해선][포항]오천3터널(포항외부1),국가교통정보센터(고속도로),129.3969058,35.87306007
1795,E911110,[동해선][포항]오천3터널(포항외부2),국가교통정보센터(고속도로),129.3971823,35.87323475
1796,E911112,[동해선][포항]오천4터널(포항외부1),국가교통정보센터(고속도로),129.391633,35.880757
1797,E911114,[동해선][포항]오천6터널(포항외부1),국가교통정보센터(고속도로),129.393979,35.905386
1798,E911113,[동해선][포항]오천6터널(포항외부2),국가교통정보센터(고속도로),129.3944562,35.90943735
1799,E911115,[동해선][포항]오천6터널(포항외부3),국가교통정보센터(고속도로),129.39482093686595,35.90941206
1800,E911116,[동해선][포항]외동2터널(포항외부1),국가교통정보센터(고속도로),129.28908,35.684048
1801,E911117,[동해선]강동1교,국가교통정보센터(고속도로),129.0126841,37.66041191
1802,E911118,[동해선]강동2교,국가교통정보센터(고속도로),128.91908,37.68747
1803,E911119,[동해선]강릉,국가교통정보센터(고속도로),128.8392672,37.74932457
1804,E911120,[동해선]강릉1터널,국가교통정보센터(고속도로),129.01714,37.63671
1805,E911121,[동해선]강릉4터널(근덕외부),국가교통정보센터(고속도로),128.976003,37.68393782
1806,E911122,[동해선]강릉4터널(속초)-외부,국가교통정보센터(고속도로),128.99351,37.681
1807,E911123,[동해선]강릉5터널(근덕7),국가교통정보센터(고속도로),128.959083,37.688966
1808,E911124,[동해선]강릉5터널(근덕외부),국가교통정보센터(고속도로),128.93937,37.68902
1809,E911125,[동해선]강릉5터널(속초)-외부,국가교통정보센터(고속도로),128.9732339,37.68499089
1810,E911126,[동해선]강릉5터널(속초4),국가교통정보센터(고속도로),128.949148,37.68995
1811,E911127,[동해선]강릉분기점,국가교통정보센터(고속도로),128.834702,37.77278
1812,E911128,[동해선]거마천교,국가교통정보센터(고속도로),128.580809,38.096291
1813,E911129,[동해선]견불,국가교통정보센터(고속도로),128.76028,37.93889
1814,E911130,[동해선]견불교,국가교통정보센터(고속도로),128.764083862304,37.9370155334472
1815,E911131,[동해선]구름천교,국가교통정보센터(고속도로),128.5806,38.1345
1816,E911132,[동해선]구정1교,국가교통정보센터(고속도로),128.873397827148,37.7009201049804
1817,E911133,[동해선]구정2교,국가교통정보센터(고속도로),128.863937377929,37.7056198120117
1818,E911134,[동해선]구정휴게소,국가교통정보센터(고속도로),128.85814,37.71738
1819,E911135,[동해선]귀운1교,국가교통정보센터(고속도로),129.095866,37.473366
1820,E911136,[동해선]근덕,국가교통정보센터(고속도로),129.210784,37.394494
1821,E911137,[동해선]근덕터널(근덕7),국가교통정보센터(고속도로),129.1912604,37.40854689
1822,E911138,[동해선]근덕터널(근덕외부),국가교통정보센터(고속도로),129.199936,37.399496
1823,E911139,[동해선]근덕터널(속초6),국가교통정보센터(고속도로),129.1914284,37.40869242
1824,E911140,[동해선]낙풍3교,국가교통정보센터(고속도로),129.022262573242,37.6308288574218
1825,E911141,[동해선]남강릉,국가교통정보센터(고속도로),128.8904393,37.69458313
1826,E911142,[동해선]남경주,국가교통정보센터(고속도로),129.3147,35.732366
1827,E911143,[동해선]남대천대교,국가교통정보센터(고속도로),128.84844,37.7265
1828,E911144,[동해선]남양교,국가교통정보센터(고속도로),129.161963,37.424724
1829,E911145,[동해선]남양양,국가교통정보센터(고속도로),128.792188,37.909796
1830,E911146,[동해선]남양터널(근덕외부),국가교통정보센터(고속도로),129.153838,37.432465
1831,E911147,[동해선]남포항,국가교통정보센터(고속도로),129.389374,35.945201
1832,E911148,[동해선]냉천3교,국가교통정보센터(고속도로),129.2886963,35.71534734
1833,E911149,[동해선]노동,국가교통정보센터(고속도로),128.817321777343,37.8201522827148
1834,E911150,[동해선]노동1교,국가교통정보센터(고속도로),128.833312988281,37.7875900268554
1835,E911151,[동해선]노동3교,국가교통정보센터(고속도로),128.82639,37.79889
1836,E911152,[동해선]노학1교,국가교통정보센터(고속도로),128.5488,38.1802
1837,E911153,[동해선]노학2교,국가교통정보센터(고속도로),128.5378,38.1884
1838,E911154,[동해선]다운2교,국가교통정보센터(고속도로),129.2663589,35.57242822
1839,E911155,[동해선]대종천교,국가교통정보센터(고속도로),129.4240103,35.80524255
1840,E911156,[동해선]도문1교,국가교통정보센터(고속도로),128.587,38.1675
1841,E911157,[동해선]동경주,국가교통정보센터(고속도로),129.424752,35.782912
1842,E911158,[동해선]동해,국가교통정보센터(고속도로),129.09611,37.51868
1843,E911159,[동해선]동해1,국가교통정보센터(고속도로),129.09571,37.51303
1844,E911160,[동해선]동해터널,국가교통정보센터(고속도로),129.0951168,37.53464341
1845,E911161,[동해선]동해휴게소,국가교통정보센터(고속도로),129.0750948,37.60178304
1846,E911162,[동해선]두산교,국가교통정보센터(고속도로),129.2818728,35.60776327
1847,E911163,[동해선]등봉2교,국가교통정보센터(고속도로),129.114982,37.454478
1848,E911164,[동해선]말곡교,국가교통정보센터(고속도로),128.67947,38.03205
1849,E911165,[동해선]망상,국가교통정보센터(고속도로),129.09217,37.58612
1850,E911166,[동해선]망상1,국가교통정보센터(고속도로),129.09353,37.58237
1851,E911167,[동해선]망상2교,국가교통정보센터(고속도로),129.086029052734,37.591983795166
1852,E911168,[동해선]문덕,국가교통정보센터(고속도로),129.392464,35.950621
1853,E911170,[동해선]문무대왕1(16/33)_부산,국가교통정보센터(고속도로),129.368602,35.753873
1854,E911169,[동해선]문무대왕1(17/34)_포항,국가교통정보센터(고속도로),129.370198,35.759561
1855,E911171,[동해선]문무대왕1(외부)_부산,국가교통정보센터(고속도로),129.413502,35.771517
1856,E911172,[동해선]문무대왕1(외부)_포항,국가교통정보센터(고속도로),129.330491,35.738957
1857,E911173,[동해선]문무대왕3(외부2)_포항,국가교통정보센터(고속도로),129.4121849,35.7713615
1858,E911174,[동해선]문무대왕3(외부3)_포항,국가교통정보센터(고속도로),129.40955,35.832996
1859,E911175,[동해선]문무대왕3(포항외부1),국가교통정보센터(고속도로),129.409862,35.829288
1860,E911177,[동해선]문무대왕5(외부1),국가교통정보센터(고속도로),129.408326,35.842211
1861,E911176,[동해선]문무대왕5(외부2)_포항,국가교통정보센터(고속도로),129.40852,35.84353
1862,E911178,[동해선]물치천교,국가교통정보센터(고속도로),128.5793,38.1205
1863,E911179,[동해선]발한1교,국가교통정보센터(고속도로),129.093032836914,37.5439643859863
1864,E911180,[동해선]발한4교,국가교통정보센터(고속도로),129.0979717,37.55734116
1865,E911181,[동해선]범서,국가교통정보센터(고속도로),129.2816367,35.61053707
1866,E911182,[동해선]범서대교,국가교통정보센터(고속도로),129.2567,35.562314
1867,E911183,[동해선]북강릉,국가교통정보센터(고속도로),128.81416,37.834868
1868,E911184,[동해선]북강릉1,국가교통정보센터(고속도로),128.81464,37.83477
1869,E911185,[동해선]북강릉영업소,국가교통정보센터(고속도로),128.82569,37.83646
1870,E911186,[동해선]북양양IC,국가교통정보센터(고속도로),128.586781,38.155313
1871,E911187,[동해선]사직터널,국가교통정보센터(고속도로),129.165404,37.419848
1872,E911188,[동해선]사천교,국가교통정보센터(고속도로),128.8308,37.7931
1873,E911189,[동해선]산성우1교,국가교통정보센터(고속도로),129.01480102539,37.6473731994628
1874,E911190,[동해선]산성우6교,국가교통정보센터(고속도로),129.008483886718,37.6728057861328
1875,E911191,[동해선]삼척IC,국가교통정보센터(고속도로),129.128872,37.451312
1876,E911192,[동해선]상광정,국가교통정보센터(고속도로),128.708484,38.014136
1877,E911193,[동해선]상양혈교,국가교통정보센터(고속도로),128.660578,38.040045
1878,E911194,[동해선]상양혈육교,국가교통정보센터(고속도로),128.670641,38.033684
1879,E911195,[동해선]상왕도1교,국가교통정보센터(고속도로),128.640182,38.050123
1880,E911196,[동해선]석교1교,국가교통정보센터(고속도로),128.814193725585,37.8306541442871
1881,E911197,[동해선]속초IC,국가교통정보센터(고속도로),128.5246,38.2001
1882,E911198,[동해선]송림2교,국가교통정보센터(고속도로),128.8139648,37.85836029
1883,E911199,[동해선]쇄운교,국가교통정보센터(고속도로),129.090535,37.489111
1884,E911200,[동해선]쇄운교2,국가교통정보센터(고속도로),129.089614868164,37.4918365478515
1885,E911201,[동해선]시무내천교,국가교통정보센터(고속도로),129.426888,35.789518
1886,E911202,[동해선]신광천교,국가교통정보센터(고속도로),129.390919,35.948119
1887,E911203,[동해선]양양IC,국가교통정보센터(고속도로),128.594295,38.072656
1888,E911204,[동해선]양양교,국가교통정보센터(고속도로),128.62076,38.05994
1889,E911206,[동해선]어단1교1,국가교통정보센터(고속도로),128.895743,37.691628
1890,E911205,[동해선]어단2교,국가교통정보센터(고속도로),128.904388427734,37.6883316040039
1891,E911210,[동해선]오십천대교,국가교통정보센터(고속도로),129.145145,37.442663
1892,E911207,[동해선]옥계,국가교통정보센터(고속도로),129.0352641,37.62228
1893,E911208,[동해선]옥계1,국가교통정보센터(고속도로),129.03305,37.62478
1894,E911209,[동해선]옥계휴게소,국가교통정보센터(고속도로),129.0636735,37.61198231
1895,E911211,[동해선]외동1교,국가교통정보센터(고속도로),129.2874732,35.67420323
1896,E911212,[동해선]위촌2교,국가교통정보센터(고속도로),128.837509155273,37.7626457214355
1897,E911213,[동해선]인구,국가교통정보센터(고속도로),128.745694,37.965361
1898,E911214,[동해선]임호정,국가교통정보센터(고속도로),128.778511,37.929729
1899,E911215,[동해선]입천,국가교통정보센터(고속도로),129.409503,35.83078929
1900,E911216,[동해선]잔교,국가교통정보센터(고속도로),128.715415,38.00136
1901,E911217,[동해선]잔교교,국가교통정보센터(고속도로),128.715835571289,37.9992408752441
1902,E911218,[동해선]장덕교,국가교통정보센터(고속도로),128.80806,37.87056
1903,E911219,[동해선]적노교,국가교통정보센터(고속도로),129.176208,37.415031
1904,E911220,[동해선]주수천교,국가교통정보센터(고속도로),129.048309326171,37.615436553955
1905,E911221,[동해선]지가터널,국가교통정보센터(고속도로),129.105426,37.462249
1906,E911222,[동해선]지흥1교,국가교통정보센터(고속도로),129.094033,37.505504
1907,E911223,[동해선]초구교,국가교통정보센터(고속도로),129.098388671875,37.5684089660644
1908,E911224,[동해선]하조대,국가교통정보센터(고속도로),128.696808,38.023869
1909,E911225,[동해선]항곡교,국가교통정보센터(고속도로),129.095001220703,37.5271873474121
1910,E911226,[동해선]향호1교,국가교통정보센터(고속도로),128.796066284179,37.8933410644531
1911,E911227,[동해선]향호2교,국가교통정보센터(고속도로),128.793899536132,37.9003372192382
1912,E911228,[동해선]향호리,국가교통정보센터(고속도로),128.79972,37.883889
1913,E911229,[동해선]현남터널(외부),국가교통정보센터(고속도로),128.73339,37.97286
1914,E911230,[동해선]현북터널외부,국가교통정보센터(고속도로),128.72087,37.98975
1915,E911231,[동해선]후천교,국가교통정보센터(고속도로),128.5893,38.0759
1916,E911232,[무안광주선][광주]노안터널(광주외부),국가교통정보센터(고속도로),126.660948,35.084062
1917,E911233,[무안광주선][광주]보평터널(광주외부),국가교통정보센터(고속도로),126.460352,35.017836
1918,E911234,[무안광주선][광주]어등산호남대터널(광주외부),국가교통정보센터(고속도로),126.758691,35.146748
1919,E911235,[무안광주선][광주]함평나비터널(광주외부),국가교통정보센터(고속도로),126.567081,35.061442
1920,E911236,[무안광주선][무안]노안터널(무안외부),국가교통정보센터(고속도로),126.682275,35.096976
1921,E911237,[무안광주선][무안]보평터널(무안외부),국가교통정보센터(고속도로),126.478394,35.027922
1922,E911238,[무안광주선][무안]어등산호남대터널(무안외부),국가교통정보센터(고속도로),126.778587,35.159386
1923,E911239,[무안광주선][무안]함평나비터널(무안외부),국가교통정보센터(고속도로),126.585763,35.066855
1924,E911240,[무안광주선]계림육교,국가교통정보센터(고속도로),126.713881,35.109768
1925,E911241,[무안광주선]광산교,국가교통정보센터(고속도로),126.74307,35.13111
1926,E911242,[무안광주선]나주,국가교통정보센터(고속도로),126.69849,35.10273
1927,E911243,[무안광주선]대도2교,국가교통정보센터(고속도로),126.639473,35.076954
1928,E911244,[무안광주선]동광산,국가교통정보센터(고속도로),126.7531909,35.1434294
1929,E911245,[무안광주선]동산,국가교통정보센터(고속도로),126.721599,35.110358
1930,E911246,[무안광주선]동산육교,국가교통정보센터(고속도로),126.42528,35.01111
1931,E911247,[무안광주선]동함평,국가교통정보센터(고속도로),126.54611,35.05139
1932,E911248,[무안광주선]마산,국가교통정보센터(고속도로),126.558677673339,35.0592536926269
1933,E911249,[무안광주선]무안공항,국가교통정보센터(고속도로),126.39194,35.00278
1934,E911250,[무안광주선]문평,국가교통정보센터(고속도로),126.60139,35.06778
1935,E911251,[무안광주선]북무안,국가교통정보센터(고속도로),126.44316,35.016389
1936,E911252,[무안광주선]서광산,국가교통정보센터(고속도로),126.732431,35.118964
1937,E911253,[무안광주선]용곡,국가교통정보센터(고속도로),126.738041,35.123266
1938,E911254,[무안광주선]월산,국가교통정보센터(고속도로),126.536521911621,35.0445899963378
1939,E911255,[무안광주선]자풍,국가교통정보센터(고속도로),126.483523,35.027341
1940,E911256,[무안광주선]함평JCT1교,국가교통정보센터(고속도로),126.48368,35.029114
1941,E911257,[무안광주선]함평나비휴게소,국가교통정보센터(고속도로),126.51056,35.03806
1942,E911258,[무안광주선]현경,국가교통정보센터(고속도로),126.410804,35.006185
1943,E911259,[부산외곽선][기장]금정산터널(기장22고정),국가교통정보센터(고속도로),129.0205091,35.27451614
1944,E911260,[부산외곽선][기장]신어산터널(기장1),국가교통정보센터(고속도로),128.9286804,35.29189301
1945,E911261,[부산외곽선][기장]신어산터널(기장15),국가교통정보센터(고속도로),128.9451141,35.28464508
1946,E911262,[부산외곽선][기장]신어산터널(기장18),국가교통정보센터(고속도로),128.959137,35.27597046
1947,E911263,[부산외곽선][기장]신어산터널(기장8),국가교통정보센터(고속도로),128.9414063,35.28657532
1948,E911264,[부산외곽선][창원]금정산터널(창원15고정),국가교통정보센터(고속도로),129.0867803,35.29455178
1949,E911265,[부산외곽선][창원]신어산터널(창원1),국가교통정보센터(고속도로),128.9679108,35.27223587
1950,E911266,[부산외곽선][창원]신어산터널(창원18),국가교통정보센터(고속도로),128.9375458,35.28829575
1951,E911267,[부산외곽선][창원]신어산터널(창원8),국가교통정보센터(고속도로),128.9554901,35.2779808
1952,E911268,[부산외곽선]광재IC,국가교통정보센터(고속도로),128.897171020507,35.3053169250488
1953,E911269,[부산외곽선]광재IC(램프),국가교통정보센터(고속도로),128.892522,35.304158
1954,E911270,[부산외곽선]금정IC,국가교통정보센터(고속도로),129.118718,35.283396
1955,E911271,[부산외곽선]금정IC(램프),국가교통정보센터(고속도로),129.112786,35.280956
1956,E911272,[부산외곽선]금정산터널(기장30),국가교통정보센터(고속도로),129.0199708,35.2742976
1957,E911273,[부산외곽선]금정산터널(기장9),국가교통정보센터(고속도로),129.0887716,35.29355543
1958,E911274,[부산외곽선]금정산터널(창원30),국가교통정보센터(고속도로),129.0198116,35.27452554
1959,E911275,[부산외곽선]금정산터널(창원8),국가교통정보센터(고속도로),129.0891453,35.29376975
1960,E911276,[부산외곽선]기장일광영업소,국가교통정보센터(고속도로),129.228199,35.278264
1961,E911277,[부산외곽선]김해휴게소,국가교통정보센터(고속도로),129.003616333007,35.2710456848144
1962,E911278,[부산외곽선]나전2교,국가교통정보센터(고속도로),128.875869750976,35.2962684631347
1963,E911279,[부산외곽선]노포JC,국가교통정보센터(고속도로),129.100561,35.287817
1964,E911280,[부산외곽선]대감JCT,국가교통정보센터(고속도로),128.986099243164,35.2699394226074
1965,E911281,[부산외곽선]대포천교,국가교통정보센터(고속도로),128.909408569335,35.3021774291992
1966,E911282,[부산외곽선]백길교,국가교통정보센터(고속도로),129.153741,35.282751
1967,E911283,[부산외곽선]연구교,국가교통정보센터(고속도로),129.169364,35.279212
1968,E911284,[부산외곽선]와여1교,국가교통정보센터(고속도로),129.1506,35.28353
1969,E911285,[부산외곽선]용천교,국가교통정보센터(고속도로),129.213151,35.282888
1970,E911288,[부산외곽선]진영IC,국가교통정보센터(고속도로),128.768417358398,35.2998352050781
1971,E911286,[부산외곽선]진영JC(램프),국가교통정보센터(고속도로),128.719886,35.281006
1972,E911287,[부산외곽선]진영JCT,국가교통정보센터(고속도로),128.72085571289,35.2804298400878
1973,E911290,[부산외곽선]철마2터널,국가교통정보센터(고속도로),129.134877,35.287095
1974,E911289,[부산외곽선]철마3터널,국가교통정보센터(고속도로),129.178597,35.278306
1975,E911291,[부산외곽선]철마IC,국가교통정보센터(고속도로),129.143478393554,35.2855987548828
1976,E911292,[부산외곽선]하계교,국가교통정보센터(고속도로),128.724990844726,35.2867164611816
1977,E911293,[부산외곽선]한림IC,국가교통정보센터(고속도로),128.815734863281,35.2947044372558
1978,E911295,[부산울산선]고래진1교,국가교통정보센터(고속도로),129.1968513,35.18101854
1979,E911294,[부산울산선]고래진2교,국가교통정보센터(고속도로),129.20389,35.19333
1980,E911296,[부산울산선]고산육교,국가교통정보센터(고속도로),129.27778,35.43556
1981,E911297,[부산울산선]남창천교,국가교통정보센터(고속도로),129.27194,35.42306
1982,E911298,[부산울산선]내리교,국가교통정보센터(고속도로),129.20194,35.20417
1983,E911299,[부산울산선]대운천교,국가교통정보센터(고속도로),129.25194,35.39722
1984,E911300,[부산울산선]만화교,국가교통정보센터(고속도로),129.20639,35.25639
1985,E911301,[부산울산선]망양,국가교통정보센터(고속도로),129.2816667,35.44555556
1986,E911302,[부산울산선]문수,국가교통정보센터(고속도로),129.2493063,35.51841092
1987,E911303,[부산울산선]삼정리,국가교통정보센터(고속도로),129.25472,35.50583
1988,E911304,[부산울산선]삼정천교,국가교통정보센터(고속도로),129.27306,35.49194
1989,E911305,[부산울산선]온양,국가교통정보센터(고속도로),129.2603207,35.41346266
1990,E911306,[부산울산선]용소교,국가교통정보센터(고속도로),129.202138,35.24556
1991,E911307,[부산울산선]울산분기점1,국가교통정보센터(고속도로),129.24944,35.55361
1992,E911308,[부산울산선]울산분기점2,국가교통정보센터(고속도로),129.24583,35.55667
1993,E911309,[부산울산선]원리1교,국가교통정보센터(고속도로),129.2275258,35.29973313
1994,E911310,[부산울산선]일광,국가교통정보센터(고속도로),129.22833,35.28528
1995,E911311,[부산울산선]장안,국가교통정보센터(고속도로),129.23778,35.32889
1996,E911312,[부산울산선]장안리,국가교통정보센터(고속도로),129.2525,35.36361
1997,E911313,[부산울산선]장안천교,국가교통정보센터(고속도로),129.25083,35.34611
1998,E911314,[부산울산선]장안휴게소,국가교통정보센터(고속도로),129.2473412,35.38076314
1999,E911315,[부산울산선]좌광천교,국가교통정보센터(고속도로),129.23194,35.31778
2000,E911316,[부산울산선]청강2교,국가교통정보센터(고속도로),129.20889,35.22417
2001,E911317,[부산울산선]청강3교,국가교통정보센터(고속도로),129.20694,35.2325
2002,E911318,[부산울산선]청량,국가교통정보센터(고속도로),129.2819249,35.47858338
2003,E911319,[부산울산선]해운대,국가교통정보센터(고속도로),129.18417,35.17806
2004,E911320,[부산울산선]회야대교,국가교통정보센터(고속도로),129.283096,35.466328
2005,E911321,[부산울산선]횡계리,국가교통정보센터(고속도로),129.21861,35.26972
2006,E911322,[부산항신항선]남문대교,국가교통정보센터(고속도로),128.76629,35.104
2007,E911323,[부산항신항선]대청IC,국가교통정보센터(고속도로),128.78503,35.176
2008,E911324,[부산항신항선]소사천1교,국가교통정보센터(고속도로),128.7722,35.125
2009,E911325,[부산항신항선]장유1교,국가교통정보센터(고속도로),128.7855,35.18
2010,E911326,[부산항신항선]장유1터널진입부,국가교통정보센터(고속도로),128.78629,35.186
2011,E911327,[부산항신항선]장유2터널(김해),국가교통정보센터(고속도로),128.78355,35.203
2012,E911328,[부산항신항선]장유2터널(신항),국가교통정보센터(고속도로),128.77508,35.219
2013,E911329,[부산항신항선]제2배후도로시점,국가교통정보센터(고속도로),128.76526,35.094
2014,E911330,[부산항신항선]진례분기점,국가교통정보센터(고속도로),128.77335,35.228
2015,E911331,[부산항신항선]진해영업소,국가교통정보센터(고속도로),128.77555,35.14
2016,E911332,[상주영천선]가천교,국가교통정보센터(고속도로),128.7958263,36.0497656
2017,E911333,[상주영천선]가호교,국가교통정보센터(고속도로),128.6848607,36.0829918
2018,E911334,[상주영천선]고현천교,국가교통정보센터(고속도로),128.929255,36.013973
2019,E911335,[상주영천선]군위JCT,국가교통정보센터(고속도로),128.565445,36.16131
2020,E911336,[상주영천선]군위무정차영업소,국가교통정보센터(고속도로),128.559353,36.155013
2021,E911337,[상주영천선]군위분기점,국가교통정보센터(고속도로),128.547581,36.162911
2022,E911338,[상주영천선]군위애플졸음쉼터,국가교통정보센터(고속도로),128.497527,36.234194
2023,E911339,[상주영천선]군위영천(휴),국가교통정보센터(고속도로),128.706625,36.072776
2024,E911340,[상주영천선]군위왜가리,국가교통정보센터(고속도로),128.5102185,36.2214247
2025,E911343,[상주영천선]군위터널(상주),국가교통정보센터(고속도로),128.4310028,36.2648411
2026,E911344,[상주영천선]군위터널(영천),국가교통정보센터(고속도로),128.4139166,36.2718162
2027,E911341,"[상주영천선]군위터널1(영천,입구)",국가교통정보센터(고속도로),128.4176666,36.2707021
2028,E911342,"[상주영천선]군위터널20(상주,입구)",국가교통정보센터(고속도로),128.4271344,36.2673295
2029,E911345,[상주영천선]금매교,국가교통정보센터(고속도로),128.6159411,36.1257928
2030,E911346,[상주영천선]낙동JCT,국가교통정보센터(고속도로),128.238613,36.36639
2031,E911347,[상주영천선]낙동의성휴게소,국가교통정보센터(고속도로),128.2984636,36.344854
2032,E911348,[상주영천선]다곡1교,국가교통정보센터(고속도로),128.390817,36.281296
2033,E911350,[상주영천선]달산1교,국가교통정보센터(고속도로),128.462286,36.255211
2034,E911349,[상주영천선]달산2교,국가교통정보센터(고속도로),128.44081,36.258798
2035,E911351,[상주영천선]대곡교,국가교통정보센터(고속도로),129.019835,35.9470957
2036,E911352,[상주영천선]대성교,국가교통정보센터(고속도로),129.010921,35.962819
2037,E911353,[상주영천선]도개IC,국가교통정보센터(고속도로),128.320815,36.31554
2038,E911354,[상주영천선]도개교(1),국가교통정보센터(고속도로),128.35236,36.295112
2039,E911355,[상주영천선]도개교(2),국가교통정보센터(고속도로),128.370219,36.287903
2040,E911356,[상주영천선]동군위IC,국가교통정보센터(고속도로),128.66653,36.092992
2041,E911357,[상주영천선]동영천IC,국가교통정보센터(고속도로),128.9600361,35.992647
2042,E911358,[상주영천선]목골교,국가교통정보센터(고속도로),128.991075,35.970851
2043,E911359,[상주영천선]부산교,국가교통정보센터(고속도로),128.741776,36.0616717
2044,E911360,[상주영천선]북안IC,국가교통정보센터(고속도로),129.0131821,35.9305512
2045,E911363,[상주영천선]불로터널(상주),국가교통정보센터(고속도로),128.559945,36.166752
2046,E911361,"[상주영천선]불로터널2(영천,입구)",국가교통정보센터(고속도로),128.5520804,36.1723151
2047,E911362,"[상주영천선]불로터널7(상주,입구)",국가교통정보센터(고속도로),128.5565737,36.1690932
2048,E911365,[상주영천선]산법터널(상주),국가교통정보센터(고속도로),128.5139583,36.2113575
2049,E911364,"[상주영천선]산법터널1(영천,입구)",국가교통정보센터(고속도로),128.5116687,36.2165406
2050,E911366,[상주영천선]산하교,국가교통정보센터(고속도로),128.9720493,35.9787201
2051,E911367,[상주영천선]삼국유사군위(휴),국가교통정보센터(고속도로),128.7024166,36.0746843
2052,E911368,[상주영천선]삼부천교,국가교통정보센터(고속도로),128.8915656,36.0263449
2053,E911369,[상주영천선]상원교,국가교통정보센터(고속도로),128.257428,36.37203
2054,E911370,[상주영천선]상주JCT,국가교통정보센터(고속도로),128.2808267,36.3719266
2055,E911371,[상주영천선]상촌교,국가교통정보센터(고속도로),128.2685848,36.3752186
2056,E911372,[상주영천선]서군위IC,국가교통정보센터(고속도로),128.481188,36.245651
2057,E911373,[상주영천선]신개교,국가교통정보센터(고속도로),128.310669,36.330555
2058,E911374,[상주영천선]신녕IC,국가교통정보센터(고속도로),128.814023,36.042011
2059,E911375,[상주영천선]영천분기점,국가교통정보센터(고속도로),129.004536,35.921833
2060,E911376,[상주영천선]영천졸음쉼터,국가교통정보센터(고속도로),128.909206,36.017365
2061,E911377,[상주영천선]오로교,국가교통정보센터(고속도로),128.53448,36.190841
2062,E911378,[상주영천선]오미교,국가교통정보센터(고속도로),128.9456535,36.003823
2063,E911379,[상주영천선]오실교,국가교통정보센터(고속도로),128.538525,36.181366
2064,E911380,[상주영천선]원당교(1),국가교통정보센터(고속도로),128.3367632,36.3051448
2065,E911381,[상주영천선]원당교(2),국가교통정보센터(고속도로),128.348812,36.298252
2066,E911382,[상주영천선]장곡교,국가교통정보센터(고속도로),128.2887788,36.3605022
2067,E911383,[상주영천선]장기교,국가교통정보센터(고속도로),128.6008453,36.1372367
2068,E911386,[상주영천선]중구터널(영천),국가교통정보센터(고속도로),128.571473,36.155558
2069,E911384,"[상주영천선]중구터널1(영천,입구)",국가교통정보센터(고속도로),128.5758322,36.1529016
2070,E911385,"[상주영천선]중구터널6(상주,입구)",국가교통정보센터(고속도로),128.5790046,36.1507816
2071,E911387,[상주영천선]중들교,국가교통정보센터(고속도로),128.84813,36.046389
2072,E911388,[상주영천선]창정교,국가교통정보센터(고속도로),128.834291,36.043959
2073,E911389,[상주영천선]창평교,국가교통정보센터(고속도로),128.650814,36.10569
2074,E911390,[상주영천선]치산교,국가교통정보센터(고속도로),128.721609,36.068931
2075,E911393,[상주영천선]평호터널(영천),국가교통정보센터(고속도로),128.5162831,36.2083267
2076,E911391,"[상주영천선]평호터널2(영천,입구)",국가교통정보센터(고속도로),128.5186545,36.2062676
2077,E911392,"[상주영천선]평호터널38(상주,입구)",국가교통정보센터(고속도로),128.5323502,36.1937273
2078,E911394,[상주영천선]화계교,국가교통정보센터(고속도로),128.6331105,36.1156824
2079,E911395,[상주영천선]화남2교,국가교통정보센터(고속도로),128.7622749,36.0608197
2080,E911396,[상주영천선]화남교,국가교통정보센터(고속도로),128.781212,36.059712
2081,E911397,[상주영천선]화산JCT,국가교통정보센터(고속도로),128.8774312,36.0361594
2082,E911398,[상주영천선]화산무정차영업소,국가교통정보센터(고속도로),128.886315,36.025139
2083,E911399,[상주영천선]효령교,국가교통정보센터(고속도로),128.57869,36.15105
2084,E911402,[상주영천선]효령터널(상주),국가교통정보센터(고속도로),128.5918415,36.142588
2085,E911400,"[상주영천선]효령터널1(영천,입구)",국가교통정보센터(고속도로),128.5804819,36.1498948
2086,E911401,"[상주영천선]효령터널19(상주,입구)",국가교통정보센터(고속도로),128.5884682,36.1446287
2087,E911403,[상주영천선]효지교,국가교통정보센터(고속도로),128.8578606,36.0456617
2088,E911404,[서부내륙선(평택부여)]곡교천1교,국가교통정보센터(고속도로),126.895614,36.823963
2089,E911405,[서부내륙선(평택부여)]공세교,국가교통정보센터(고속도로),126.915437,36.890007
2090,E911406,[서부내륙선(평택부여)]광시1교,국가교통정보센터(고속도로),126.767214,36.550206
2091,E911407,[서부내륙선(평택부여)]광시2생태터널,국가교통정보센터(고속도로),126.775453,36.572372
2092,E911408,[서부내륙선(평택부여)]구룡천교,국가교통정보센터(고속도로),126.791782,36.402859
2093,E911409,[서부내륙선(평택부여)]권관2교,국가교통정보센터(고속도로),126.914981,36.924535
2094,E911410,[서부내륙선(평택부여)]남양1터널,국가교통정보센터(고속도로),126.792561,36.388286
2095,E911412,[서부내륙선(평택부여)]남양1터널(부여방면),국가교통정보센터(고속도로),126.793438,36.382472
2096,E911413,[서부내륙선(평택부여)]남양1터널(평택방면),국가교통정보센터(고속도로),126.794068,36.380924
2097,E911411,[서부내륙선(평택부여)]남양2터널,국가교통정보센터(고속도로),126.790119,36.416183
2098,E911414,[서부내륙선(평택부여)]남양2터널(부여방면),국가교통정보센터(고속도로),126.791323,36.408415
2099,E911415,[서부내륙선(평택부여)]남양2터널(평택방면),국가교통정보센터(고속도로),126.791658,36.405903
2100,E911416,[서부내륙선(평택부여)]노전천교,국가교통정보센터(고속도로),126.76781,36.533083
2101,E911417,[서부내륙선(평택부여)]대양1교,국가교통정보센터(고속도로),126.814499,36.334835
2102,E911418,[서부내륙선(평택부여)]대흥2터널,국가교통정보센터(고속도로),126.778468,36.613098
2103,E911419,[서부내륙선(평택부여)]대흥터널(부여방면),국가교통정보센터(고속도로),126.778595,36.617245
2104,E911420,[서부내륙선(평택부여)]대흥터널(평택방면),국가교통정보센터(고속도로),126.778486,36.613368
2105,E911421,[서부내륙선(평택부여)]도고천교,국가교통정보센터(고속도로),126.859903,36.767718
2106,E911422,[서부내륙선(평택부여)]도흥생태터널,국가교통정보센터(고속도로),126.906118,36.84222
2107,E911423,[서부내륙선(평택부여)]무한천2교,국가교통정보센터(고속도로),126.842122,36.757109
2108,E911424,[서부내륙선(평택부여)]본선도대천교,국가교통정보센터(고속도로),126.938677,36.945734
2109,E911425,[서부내륙선(평택부여)]본선안중IC,국가교통정보센터(고속도로),126.953163,36.959078
2110,E911426,[서부내륙선(평택부여)]본선안중TG,국가교통정보센터(고속도로),126.925678,36.934037
2111,E911427,[서부내륙선(평택부여)]봉수산터널(부여방면)_80,국가교통정보센터(고속도로),126.776349,36.577808
2112,E911428,[서부내륙선(평택부여)]봉수산터널(부여방면)_81,국가교통정보센터(고속도로),126.777184,36.583231
2113,E911429,[서부내륙선(평택부여)]봉수산터널(부여방면)_82,국가교통정보센터(고속도로),126.777961,36.593183
2114,E911430,[서부내륙선(평택부여)]봉수산터널(부여방면)_83,국가교통정보센터(고속도로),126.777905,36.599532
2115,E911431,[서부내륙선(평택부여)]봉수산터널(부여방면)_84,국가교통정보센터(고속도로),126.77791,36.605886
2116,E911432,[서부내륙선(평택부여)]봉수산터널(평택방면)_80,국가교통정보센터(고속도로),126.77627,36.576359
2117,E911433,[서부내륙선(평택부여)]봉수산터널(평택방면)_81,국가교통정보센터(고속도로),126.7816913,36.57742619
2118,E911434,[서부내륙선(평택부여)]봉수산터널(평택방면)_82,국가교통정보센터(고속도로),126.778149,36.593635
2119,E911435,[서부내륙선(평택부여)]봉수산터널(평택방면)_83,국가교통정보센터(고속도로),126.778061,36.601802
2120,E911436,[서부내륙선(평택부여)]봉수산터널(평택방면)_84,국가교통정보센터(고속도로),126.7818461,36.59889911
2121,E911437,[서부내륙선(평택부여)]부여(원톨링),국가교통정보센터(고속도로),126.819959,36.318968
2122,E911438,[서부내륙선(평택부여)]부여분기점,국가교통정보센터(고속도로),126.834127,36.281084
2123,E911439,[서부내륙선(평택부여)]비봉터널(부여방면),국가교통정보센터(고속도로),126.770541,36.475903
2124,E911440,[서부내륙선(평택부여)]비봉터널(평택방면),국가교통정보센터(고속도로),126.772296,36.47298
2125,E911441,[서부내륙선(평택부여)]삼원들천교,국가교통정보센터(고속도로),126.908222,36.852747
2126,E911442,[서부내륙선(평택부여)]선장졸음쉼터,국가교통정보센터(고속도로),126.8757,36.77776
2127,E911443,[서부내륙선(평택부여)]선창터널,국가교통정보센터(고속도로),126.891153,36.791552
2128,E911444,[서부내륙선(평택부여)]선창터널,국가교통정보센터(고속도로),126.891986,36.809167
2129,E911445,[서부내륙선(평택부여)]신석2교,국가교통정보센터(고속도로),126.783304,36.686511
2130,E911446,[서부내륙선(평택부여)]아산분기점,국가교통정보센터(고속도로),126.920812,36.866518
2131,E911447,[서부내륙선(평택부여)]양사2교,국가교통정보센터(고속도로),126.765941,36.50113
2132,E911448,[서부내륙선(평택부여)]영인나들목,국가교통정보센터(고속도로),126.921869,36.874901
2133,E911449,[서부내륙선(평택부여)]예산분기점,국가교통정보센터(고속도로),126.78681,36.65987
2134,E911450,[서부내륙선(평택부여)]예산예당호,국가교통정보센터(고속도로),126.780016,36.624165
2135,E911451,[서부내륙선(평택부여)]예산추사고택IC,국가교통정보센터(고속도로),126.821564,36.752693
2136,E911452,[서부내륙선(평택부여)]오리울터널(부여방면),국가교통정보센터(고속도로),126.812162,36.339513
2137,E911453,[서부내륙선(평택부여)]오리울터널(평택방면),국가교통정보센터(고속도로),126.812402,36.339386
2138,E911454,[서부내륙선(평택부여)]오촌터널,국가교통정보센터(고속도로),126.798136,36.71998
2139,E911455,[서부내륙선(평택부여)]온직천교,국가교통정보센터(고속도로),126.795542,36.372101
2140,E911456,[서부내륙선(평택부여)]용궁교,국가교통정보센터(고속도로),126.807124,36.73646
2141,E911457,[서부내륙선(평택부여)]용궁육교,국가교통정보센터(고속도로),126.810723,36.744971
2142,E911458,[서부내륙선(평택부여)]용천교,국가교통정보센터(고속도로),126.766714,36.483886
2143,E911459,[서부내륙선(평택부여)]원천1터널,국가교통정보센터(고속도로),126.787831,36.703984
2144,E911460,[서부내륙선(평택부여)]월곡2교,국가교통정보센터(고속도로),126.787095,36.668962
2145,E911461,[서부내륙선(평택부여)]은산1터널,국가교통정보센터(고속도로),126.827104,36.305275
2146,E911463,[서부내륙선(평택부여)]은산1터널(부여방면),국가교통정보센터(고속도로),126.823352,36.312905
2147,E911464,[서부내륙선(평택부여)]은산1터널(평택방면),국가교통정보센터(고속도로),126.824088,36.312212
2148,E911462,[서부내륙선(평택부여)]은산2터널,국가교통정보센터(고속도로),126.810758,36.342344
2149,E911465,[서부내륙선(평택부여)]은산2터널(부여방면),국가교통정보센터(고속도로),126.806503,36.34944
2150,E911466,[서부내륙선(평택부여)]은산2터널(평택방면),국가교통정보센터(고속도로),126.807851,36.346979
2151,E911467,[서부내륙선(평택부여)]은산3터널(평택방면),국가교통정보센터(고속도로),126.801104,36.359473
2152,E911468,[서부내륙선(평택부여)]은산졸음쉼터,국가교통정보센터(고속도로),126.829944,36.29846
2153,E911469,[서부내륙선(평택부여)]장벌교,국가교통정보센터(고속도로),126.803326,36.354374
2154,E911470,[서부내륙선(평택부여)]장승1교,국가교통정보센터(고속도로),126.776848,36.454021
2155,E911471,[서부내륙선(평택부여)]장승개1터널(부여방면),국가교통정보센터(고속도로),126.779869,36.44702
2156,E911472,[서부내륙선(평택부여)]장승개1터널(평택방면),국가교통정보센터(고속도로),126.781019,36.446028
2157,E911473,[서부내륙선(평택부여)]장승개2터널(부여방면),국가교통정보센터(고속도로),126.778589,36.448724
2158,E911474,[서부내륙선(평택부여)]장승개2터널(평택방면),국가교통정보센터(고속도로),126.778948,36.448464
2159,E911475,[서부내륙선(평택부여)]지선장수육교,국가교통정보센터(고속도로),126.899417,36.947623
2160,E911476,[서부내륙선(평택부여)]지선포승IC,국가교통정보센터(고속도로),126.89246,36.950463
2161,E911477,[서부내륙선(평택부여)]지선포승분기점,국가교통정보센터(고속도로),126.876244,36.965106
2162,E911478,[서부내륙선(평택부여)]지선현덕분기점,국가교통정보센터(고속도로),126.915808,36.934052
2163,E911479,[서부내륙선(평택부여)]천태교,국가교통정보센터(고속도로),126.764398,36.518042
2164,E911480,[서부내륙선(평택부여)]청양IC,국가교통정보센터(고속도로),126.785659,36.438021
2165,E911481,[서부내륙선(평택부여)]청양졸음쉼터,국가교통정보센터(고속도로),126.776432,36.460791
2166,E911482,[서부내륙선(평택부여)]팔봉산터널(입구),국가교통정보센터(고속도로),126.783278,36.641991
2167,E911483,[서부내륙선(평택부여)]팔봉산터널(출구),국가교통정보센터(고속도로),126.785307,36.650945
2168,E911484,[서부내륙선(평택부여)]평택호SA,국가교통정보센터(고속도로),126.910913,36.907387
2169,E911486,[서울문산선]고양JCT북,국가교통정보센터(고속도로),126.853876,37.669976
2170,E911487,[서울문산선]금촌3교,국가교통정보센터(고속도로),126.78513,37.77289
2171,E911488,[서울문산선]금촌IC,국가교통정보센터(고속도로),126.791701,37.748819
2172,E911489,[서울문산선]남고양IC지선1,국가교통정보센터(고속도로),126.854297,37.586894
2173,E911485,[서울문산선]내포IC,국가교통정보센터(고속도로),126.767129,37.845579
2174,E911490,[서울문산선]능산교,국가교통정보센터(고속도로),126.782409,37.820986
2175,E911491,[서울문산선]문봉교,국가교통정보센터(고속도로),126.816655,37.696147
2176,E911492,[서울문산선]봉대산JCT,국가교통정보센터(고속도로),126.850107,37.606336
2177,E911493,[서울문산선]사리현IC,국가교통정보센터(고속도로),126.836067,37.690392
2178,E911494,[서울문산선]산단IC,국가교통정보센터(고속도로),126.771985,37.830792
2179,E911496,[서울문산선]설문IC북,국가교통정보센터(고속도로),126.797066,37.723705
2180,E911495,[서울문산선]설문졸음쉼터,국가교통정보센터(고속도로),126.797269,37.73612
2181,E911497,[서울문산선]성라산생태교,국가교통정보센터(고속도로),126.846613,37.639039
2182,E911498,[서울문산선]성사교,국가교통정보센터(고속도로),126.849486,37.65529
2183,E911499,[서울문산선]성석육교,국가교통정보센터(고속도로),126.803023,37.706458
2184,E911500,[서울문산선]아동육교,국가교통정보센터(고속도로),126.791319,37.757804
2185,E911501,[서울문산선]원당교,국가교통정보센터(고속도로),126.852737,37.679725
2186,E911502,[서울문산선]월롱IC,국가교통정보센터(고속도로),126.786873,37.803198
2187,E911503,[서울문산선]월롱육교,국가교통정보센터(고속도로),126.781353,37.787727
2188,E911504,[서울문산선]흥도IC,국가교통정보센터(고속도로),126.858284,37.622116
2189,E911505,[서울양양선][서울]기린1터널(서울외부1),국가교통정보센터(고속도로),128.3189702,37.9380507
2190,E911506,[서울양양선][서울]기린5터널(서울외부1),국가교통정보센터(고속도로),128.3658356,37.9505138
2191,E911507,[서울양양선][서울]기린6터널(서울7),국가교통정보센터(고속도로),128.3787429,37.9555432
2192,E911508,[서울양양선][서울]내촌1터널(서울3),국가교통정보센터(고속도로),128.1088594,37.7845887
2193,E911510,[서울양양선][서울]내촌1터널(서울외부1),국가교통정보센터(고속도로),128.1230622,37.7874366
2194,E911509,[서울양양선][서울]내촌1터널(서울외부2),국가교통정보센터(고속도로),128.102112,37.781111
2195,E911511,[서울양양선][서울]내촌3터널(서울외부1),국가교통정보센터(고속도로),128.1571905,37.7962951
2196,E911512,[서울양양선][서울]내촌4터널(외부),국가교통정보센터(고속도로),128.165435,37.797121
2197,E911513,[서울양양선][서울]북방3터널(외부),국가교통정보센터(고속도로),127.894207,37.75245
2198,E911514,[서울양양선][서울]상남3터널(서울5),국가교통정보센터(고속도로),128.242148,37.8570001
2199,E911516,[서울양양선][서울]상남4터널(서울3),국가교통정보센터(고속도로),128.2449202,37.8716891
2200,E911515,[서울양양선][서울]상남4터널(서울4),국가교통정보센터(고속도로),128.2445652,37.8691767
2201,E911517,[서울양양선][서울]상남5터널(서울외부1),국가교통정보센터(고속도로),128.253366,37.882937
2202,E911518,[서울양양선][서울]상남6터널(서울외부1),국가교통정보센터(고속도로),128.283718,37.911894
2203,E911519,[서울양양선][서울]상남7터널(서울7),국가교통정보센터(고속도로),128.294444,37.9165319
2204,E911520,[서울양양선][서울]상남7터널(서울외부1),국가교통정보센터(고속도로),128.314761,37.9352858
2205,E911521,[서울양양선][서울]서면1터널(서울외부1),국가교통정보센터(고속도로),128.523734,37.984074
2206,E911523,[서울양양선][서울]서면2터널(서울외부1),국가교통정보센터(고속도로),128.526442,37.986133
2207,E911522,[서울양양선][서울]서면2터널(서울외부2),국가교통정보센터(고속도로),128.526229858398,37.9855804443359
2208,E911524,[서울양양선][서울]서면5터널(서울1),국가교통정보센터(고속도로),128.55532836914,38.0275382995605
2209,E911525,[서울양양선][서울]서면6터널(서울8),국가교통정보센터(고속도로),128.570874,38.0348971
2210,E911526,[서울양양선][서울]서면6터널(서울외부2),국가교통정보센터(고속도로),128.560898,38.030419
2211,E911527,[서울양양선][서울]서면7터널(서울외부1),국가교통정보센터(고속도로),128.585969,38.049223
2212,E911528,[서울양양선][서울]서면7터널(외부1),국가교통정보센터(고속도로),128.5909773,38.0571138
2213,E911529,[서울양양선][서울]서석터널(서울3),국가교통정보센터(고속도로),128.1802102,37.7971483
2214,E911530,[서울양양선][서울]서석터널(서울외부1),국가교통정보센터(고속도로),128.1762908,37.7970627
2215,E911531,[서울양양선][서울]인제양양터널(116/116),국가교통정보센터(고속도로),128.401657,37.971891
2216,E911533,[서울양양선][서울]인제양양터널(13/116),국가교통정보센터(고속도로),128.5148451,37.9792245
2217,E911532,[서울양양선][서울]인제양양터널(25/116),국가교통정보센터(고속도로),128.4958003,37.981234
2218,E911535,[서울양양선][서울]인제양양터널(44/116),국가교통정보센터(고속도로),128.4775625,37.982784
2219,E911534,[서울양양선][서울]인제양양터널(56/116),국가교통정보센터(고속도로),128.4678316,37.9801147
2220,E911538,[서울양양선][서울]인제양양터널(75/116),국가교통정보센터(고속도로),128.4575255,37.9782524
2221,E911537,[서울양양선][서울]인제양양터널(86/116),국가교통정보센터(고속도로),128.429988,37.9791448
2222,E911536,[서울양양선][서울]인제양양터널(97/116),국가교통정보센터(고속도로),128.4176137,37.9784398
2223,E911539,[서울양양선][서울]행치령터널(서울6),국가교통정보센터(고속도로),128.2117395,37.8104772
2224,E911540,[서울양양선][서울]행치령터널(서울외부1),국가교통정보센터(고속도로),128.219532,37.824066
2225,E911541,[서울양양선][서울]화촌3터널(서울2),국가교통정보센터(고속도로),127.9881443,37.7620673
2226,E911542,[서울양양선][서울]화촌6터널(서울3),국가교통정보센터(고속도로),128.0321019,37.7564859
2227,E911543,[서울양양선][서울]화촌8터널(서울3),국가교통정보센터(고속도로),128.0574998,37.754392
2228,E911544,[서울양양선][서울]화촌9터널(서울12),국가교통정보센터(고속도로),128.0787996,37.7649785
2229,E911545,[서울양양선][서울]화촌9터널(서울5),국가교통정보센터(고속도로),128.0921338,37.7762959
2230,E911546,[서울양양선][서울]화촌9터널(서울8),국가교통정보센터(고속도로),128.0847034,37.7707448
2231,E911547,[서울양양선][서울]화촌9터널(서울외부1),국가교통정보센터(고속도로),128.069735,37.759021
2232,E911549,[서울양양선][양양]기린1터널(양양외부1),국가교통정보센터(고속도로),128.318013,37.936847
2233,E911548,[서울양양선][양양]기린1터널(양양외부1),국가교통정보센터(고속도로),128.316218,37.935599
2234,E911550,[서울양양선][양양]기린3터널(양양외부1),국가교통정보센터(고속도로),128.329224,37.9400693
2235,E911551,[서울양양선][양양]기린3터널(양양외부2),국가교통정보센터(고속도로),128.335491,37.941068
2236,E911552,[서울양양선][양양]기린6터널(양양6),국가교통정보센터(고속도로),128.3799524,37.9557865
2237,E911553,[서울양양선][양양]기린6터널(양양외부1),국가교통정보센터(고속도로),128.369896,37.950775
2238,E911554,[서울양양선][양양]내촌3터널(양양외부1),국가교통정보센터(고속도로),128.152844,37.794222
2239,E911555,[서울양양선][양양]내촌4터널(외부),국가교통정보센터(고속도로),128.163679,37.796701
2240,E911556,[서울양양선][양양]동산2터널외부,국가교통정보센터(고속도로),127.82872,37.758013
2241,E911557,[서울양양선][양양]북방3터널(외부1),국가교통정보센터(고속도로),127.916572,37.748846
2242,E911558,[서울양양선][양양]상남3터널(양양3),국가교통정보센터(고속도로),128.2415897,37.853466
2243,E911559,[서울양양선][양양]상남3터널(양양외부1),국가교통정보센터(고속도로),128.237343,37.847205
2244,E911560,[서울양양선][양양]상남5터널(양양외부1),국가교통정보센터(고속도로),128.252301,37.881522
2245,E911561,[서울양양선][양양]상남7터널(양양6),국가교통정보센터(고속도로),128.2952701,37.916648
2246,E911562,[서울양양선][양양]상남7터널(양양외부1),국가교통정보센터(고속도로),128.2898166,37.9147199
2247,E911564,[서울양양선][양양]서면4터널(양양외부1),국가교통정보센터(고속도로),128.544678,38.017735
2248,E911565,[서울양양선][양양]서면4터널(외부2),국가교통정보센터(고속도로),128.543345,38.014281
2249,E911563,[서울양양선][양양]서면5터널(양양1),국가교통정보센터(고속도로),128.545959472656,38.0187377929687
2250,E911566,[서울양양선][양양]서면6터널(양양6),국가교통정보센터(고속도로),128.5714442,38.0349279
2251,E911567,[서울양양선][양양]서면6터널(양양외부1),국가교통정보센터(고속도로),128.584816,38.047241
2252,E911568,[서울양양선][양양]서석터널(양양11),국가교통정보센터(고속도로),128.1793219,37.7968921
2253,E911569,[서울양양선][양양]서석터널(양양외부1),국가교통정보센터(고속도로),128.176142,37.796941
2254,E911571,[서울양양선][양양]인제양양터널(106/115),국가교통정보센터(고속도로),128.5054812,37.979323
2255,E911572,[서울양양선][양양]인제양양터널(115/115),국가교통정보센터(고속도로),128.5209808,37.98087692
2256,E911570,[서울양양선][양양]인제양양터널(23/115),국가교통정보센터(고속도로),128.420168,37.9787443
2257,E911573,[서울양양선][양양]인제양양터널(32/115),국가교통정보센터(고속도로),128.4294289,37.9790545
2258,E911574,[서울양양선][양양]인제양양터널(44/115),국가교통정보센터(고속도로),128.4570675,37.9780578
2259,E911575,[서울양양선][양양]인제양양터널(63/115),국가교통정보센터(고속도로),128.468966,37.9802234
2260,E911576,[서울양양선][양양]인제양양터널(75/115),국가교통정보센터(고속도로),128.4782904,37.9827148
2261,E911577,[서울양양선][양양]인제양양터널(95/115),국가교통정보센터(고속도로),128.4969441,37.9807701
2262,E911578,[서울양양선][양양]행치령터널(양양3),국가교통정보센터(고속도로),128.2123046,37.8107577
2263,E911579,[서울양양선][양양]화촌3터널(양양2),국가교통정보센터(고속도로),127.9866698,37.7622897
2264,E911580,[서울양양선][양양]화촌6터널(양양3),국가교통정보센터(고속도로),128.0321089,37.7564518
2265,E911581,[서울양양선][양양]화촌8터널(양양3),국가교통정보센터(고속도로),128.0575282,37.7543828
2266,E911582,[서울양양선][양양]화촌8터널(양양외부1),국가교통정보센터(고속도로),128.050488,37.753575
2267,E911583,[서울양양선][양양]화촌9터널(양양11),국가교통정보센터(고속도로),128.088818,37.7741493
2268,E911584,[서울양양선][양양]화촌9터널(양양5),국가교통정보센터(고속도로),128.0692916,37.7618402
2269,E911585,[서울양양선][양양]화촌9터널(양양8),국가교통정보센터(고속도로),128.081775,37.7672532
2270,E911586,[서울양양선][양양]화촌9터널(양양외부1),국가교통정보센터(고속도로),128.101605,37.780375
2271,E911587,[서울양양선]강일,국가교통정보센터(고속도로),127.17158,37.57663
2272,E911588,[서울양양선]강촌,국가교통정보센터(고속도로),127.62649,37.73539
2273,E911589,[서울양양선]강촌영업소,국가교통정보센터(고속도로),127.62664,37.73776
2274,E911590,[서울양양선]광판교,국가교통정보센터(고속도로),127.7070882,37.74890391
2275,E911591,[서울양양선]구성포,국가교통정보센터(고속도로),127.949888,37.755532
2276,E911592,[서울양양선]군업1교,국가교통정보센터(고속도로),127.979378,37.758224
2277,E911593,[서울양양선]군자1교,국가교통정보센터(고속도로),127.71897,37.75039
2278,E911594,[서울양양선]군자2교,국가교통정보센터(고속도로),127.7422738,37.75751391
2279,E911595,[서울양양선]금남리,국가교통정보센터(고속도로),127.340776,37.63466102
2280,E911597,[서울양양선]남양주영업소1,국가교통정보센터(고속도로),127.2391009,37.59680612
2281,E911596,[서울양양선]남양주영업소2,국가교통정보센터(고속도로),127.2424309,37.59791
2282,E911598,[서울양양선]남양주영업소3,국가교통정보센터(고속도로),127.24755,37.59958
2283,E911599,[서울양양선]남춘천,국가교통정보센터(고속도로),127.7283479,37.75351122
2284,E911600,[서울양양선]남춘천영업소,국가교통정보센터(고속도로),127.72565,37.7504
2285,E911601,[서울양양선]내촌IC,국가교통정보센터(고속도로),128.1458842,37.7932172
2286,E911602,[서울양양선]내촌IC교,국가교통정보센터(고속도로),128.1355977,37.7881813
2287,E911603,[서울양양선]노문1교,국가교통정보센터(고속도로),127.4037528,37.63775139
2288,E911604,[서울양양선]노문3교,국가교통정보센터(고속도로),127.4224903,37.64686005
2289,E911605,[서울양양선]덕소1교,국가교통정보센터(고속도로),127.2236258,37.59687017
2290,E911606,[서울양양선]덕소삼패영업소,국가교통정보센터(고속도로),127.2129,37.59209
2291,E911607,[서울양양선]동산1터널외부#1,국가교통정보센터(고속도로),127.81657,37.75675
2292,E911608,[서울양양선]동산영업소1,국가교통정보센터(고속도로),127.7333286,37.75522157
2293,E911609,[서울양양선]동홍천,국가교통정보센터(고속도로),127.961976,37.758771
2294,E911610,[서울양양선]마곡터널서울외부1/2,국가교통정보센터(고속도로),127.572702,37.719943
2295,E911611,[서울양양선]마곡터널외부(서울),국가교통정보센터(고속도로),127.58547,37.72415
2296,E911612,[서울양양선]미사,국가교통정보센터(고속도로),127.1866204,37.58044492
2297,E911613,[서울양양선]미사대교,국가교통정보센터(고속도로),127.1941441,37.58372379
2298,E911614,[서울양양선]미사대교종점,국가교통정보센터(고속도로),127.2036481,37.589897
2299,E911616,[서울양양선]미사터널외부(양양),국가교통정보센터(고속도로),127.547035,37.705909
2300,E911615,[서울양양선]미사터널춘천외부2/2,국가교통정보센터(고속도로),127.571855,37.719218
2301,E911617,[서울양양선]발산1교,국가교통정보센터(고속도로),127.5929668,37.72669545
2302,E911618,[서울양양선]발산4터널시점,국가교통정보센터(고속도로),127.63806,37.7395
2303,E911619,[서울양양선]발산4터널종점,국가교통정보센터(고속도로),127.64859,37.74043
2304,E911620,[서울양양선]발산리,국가교통정보센터(고속도로),127.61742,37.73185
2305,E911621,[서울양양선]봉명,국가교통정보센터(고속도로),127.784943,37.756669
2306,E911622,[서울양양선]북방1터널8(서울),국가교통정보센터(고속도로),127.85424,37.75993
2307,E911623,[서울양양선]북방1터널8(양양),국가교통정보센터(고속도로),127.870063,37.759644
2308,E911624,[서울양양선]북방1터널외부#1,국가교통정보센터(고속도로),127.88233,37.75734
2309,E911627,[서울양양선]북방2터널외부,국가교통정보센터(고속도로),127.88306,37.75661
2310,E911625,[서울양양선]북방3터널2(서울),국가교통정보센터(고속도로),127.90152,37.75121
2311,E911626,[서울양양선]북방3터널3(양양),국가교통정보센터(고속도로),127.90795,37.75064
2312,E911628,[서울양양선]삼패교,국가교통정보센터(고속도로),127.212678,37.595654
2313,E911629,[서울양양선]서면1교,국가교통정보센터(고속도로),128.535504,37.99793
2314,E911630,[서울양양선]서면2교,국가교통정보센터(고속도로),128.540428,38.010407
2315,E911631,[서울양양선]서면6터널(양양외부1),국가교통정보센터(고속도로),128.56168,38.029874
2316,E911632,[서울양양선]서석터널(서울8),국가교통정보센터(고속도로),128.1769353,37.7973658
2317,E911633,[서울양양선]서석터널(양양2),국가교통정보센터(고속도로),128.1763932,37.79700635
2318,E911634,[서울양양선]서양양IC,국가교통정보센터(고속도로),128.529917,37.992531
2319,E911635,[서울양양선]서종,국가교통정보센터(고속도로),127.3775311,37.63320735
2320,E911636,[서울양양선]서종대교종점,국가교통정보센터(고속도로),127.36264,37.63405
2321,E911637,[서울양양선]서종영업소,국가교통정보센터(고속도로),127.36597,37.6345
2322,E911638,[서울양양선]설악,국가교통정보센터(고속도로),127.4979951,37.67175679
2323,E911639,[서울양양선]설악영업소,국가교통정보센터(고속도로),127.49209,37.66922
2324,E911640,[서울양양선]송산터널외부(서울),국가교통정보센터(고속도로),127.54179,37.692999
2325,E911641,[서울양양선]송산터널외부(양양),국가교통정보센터(고속도로),127.531195,37.682888
2326,E911642,[서울양양선]수입리,국가교통정보센터(고속도로),127.3944667,37.63406182
2327,E911643,[서울양양선]신천리,국가교통정보센터(고속도로),127.4928829,37.66231786
2328,E911644,[서울양양선]양양JC,국가교통정보센터(고속도로),128.6003,38.0671
2329,E911645,[서울양양선]월문1교,국가교통정보센터(고속도로),127.2325158,37.59548017
2330,E911646,[서울양양선]월문1터널외부(양양),국가교통정보센터(고속도로),127.256624,37.604842
2331,E911647,[서울양양선]월문3터널외부(서울),국가교통정보센터(고속도로),127.289924,37.629736
2332,E911648,[서울양양선]이천1교,국가교통정보센터(고속도로),127.4473494,37.64863606
2333,E911649,[서울양양선]이천2교,국가교통정보센터(고속도로),127.45306,37.6489
2334,E911650,[서울양양선]이천터널,국가교통정보센터(고속도로),127.43024,37.649725
2335,E911651,[서울양양선]인제IC,국가교통정보센터(고속도로),128.2901171,37.9148469
2336,E911652,[서울양양선]인제IC램프,국가교통정보센터(고속도로),128.287292480468,37.9134902954101
2337,E911653,[서울양양선]인제IC톨게이트,국가교통정보센터(고속도로),128.289181,37.921012
2338,E911654,[서울양양선]인제양양터널(서울1),국가교통정보센터(고속도로),128.5213819,37.98143185
2339,E911655,[서울양양선]인제양양터널(서울58),국가교통정보센터(고속도로),128.4639106,37.97467967
2340,E911656,[서울양양선]인제양양터널(양양1),국가교통정보센터(고속도로),128.4021759,37.97154236
2341,E911657,[서울양양선]인제양양터널(양양43),국가교통정보센터(고속도로),128.4492895,37.975113
2342,E911658,[서울양양선]인제졸음쉼터,국가교통정보센터(고속도로),128.233082,37.836885
2343,E911659,[서울양양선]조양,국가교통정보센터(고속도로),127.80476,37.7569
2344,E911660,[서울양양선]조양교,국가교통정보센터(고속도로),127.769526,37.760567
2345,E911661,[서울양양선]조양영업소(서울),국가교통정보센터(고속도로),127.781392,37.758074
2346,E911662,[서울양양선]조양영업소(춘천),국가교통정보센터(고속도로),127.780465,37.757615
2347,E911663,[서울양양선]진동1교,국가교통정보센터(고속도로),128.4012,37.9714
2348,E911664,[서울양양선]차산리,국가교통정보센터(고속도로),127.29824,37.63189
2349,E911665,[서울양양선]창의터널외부(서울),국가교통정보센터(고속도로),127.531173,37.683421
2350,E911666,[서울양양선]창의터널외부(양양),국가교통정보센터(고속도로),127.51103,37.67718
2351,E911667,[서울양양선]창현교,국가교통정보센터(고속도로),127.3301713,37.6343925
2352,E911668,[서울양양선]천안터널외부(서울),국가교통정보센터(고속도로),127.480511,37.651798
2353,E911669,[서울양양선]천안터널외부(양양),국가교통정보센터(고속도로),127.45731,37.6498
2354,E911670,[서울양양선]추곡교,국가교통정보센터(고속도로),127.657,37.74046
2355,E911671,[서울양양선]춘천분기점,국가교통정보센터(고속도로),127.778227,37.758665
2356,E911672,[서울양양선]행촌1교,국가교통정보센터(고속도로),127.6809169,37.7425382
2357,E911673,[서울양양선]행촌2교,국가교통정보센터(고속도로),127.6952111,37.74540263
2358,E911674,[서울양양선]행촌리,국가교통정보센터(고속도로),127.6700769,37.7411482
2359,E911675,[서울양양선]홍천휴게소,국가교통정보센터(고속도로),128.001308,37.758388
2360,E911676,[서울양양선]화도IC진입로,국가교통정보센터(고속도로),127.3117294,37.63171768
2361,E911677,[서울양양선]화도영업소,국가교통정보센터(고속도로),127.31093,37.63681
2362,E911678,[서울양양선]화촌1터널(외부),국가교통정보센터(고속도로),127.923019409179,37.7471275329589
2363,E911679,[서울양양선]화촌3터널,국가교통정보센터(고속도로),127.993234,37.761443
2364,E911680,[서울양양선]화촌4터널,국가교통정보센터(고속도로),128.015675,37.757519
2365,E911681,[서울양양선]화촌6터널,국가교통정보센터(고속도로),128.0258709,37.7572554
2366,E911682,[서울양양선]화촌7터널,국가교통정보센터(고속도로),128.0382044,37.7550825
2367,E911683,[서울양양선]화촌9터널(서울4),국가교통정보센터(고속도로),128.0953552,37.77648323
2368,E911685,[서울양양선]화촌9터널(양양12),국가교통정보센터(고속도로),128.094064,37.77512582
2369,E911684,[서울양양선]화촌9터널(양양13),국가교통정보센터(고속도로),128.0956914,37.77619181
2370,E911686,[서천공주선]가공교,국가교통정보센터(고속도로),126.7751921,36.0977887
2371,E911687,[서천공주선]가중,국가교통정보센터(고속도로),126.85222,36.29806
2372,E911688,[서천공주선]경둔리,국가교통정보센터(고속도로),126.831733703613,36.2813072204589
2373,E911689,[서천공주선]교원천교,국가교통정보센터(고속도로),126.77806,36.22222
2374,E911690,[서천공주선]금사교,국가교통정보센터(고속도로),126.795089721679,36.2540664672851
2375,E911691,[서천공주선]금천1교,국가교통정보센터(고속도로),126.77583,36.2025
2376,E911692,[서천공주선]내지,국가교통정보센터(고속도로),126.81473,36.274806
2377,E911693,[서천공주선]대흥교,국가교통정보센터(고속도로),126.9025,36.34472
2378,E911694,[서천공주선]동서천IC,국가교통정보센터(고속도로),126.778358459472,36.0477752685546
2379,E911695,[서천공주선]동서천분기점,국가교통정보센터(고속도로),126.77306,36.05639
2380,E911696,[서천공주선]마산1교,국가교통정보센터(고속도로),126.7731019,36.1067437
2381,E911697,[서천공주선]보흥,국가교통정보센터(고속도로),127.030654907226,36.4445343017578
2382,E911698,[서천공주선]보흥1교,국가교통정보센터(고속도로),127.03972,36.44694
2383,E911699,[서천공주선]부여,국가교통정보센터(고속도로),126.86,36.30333
2384,E911700,[서천공주선]부여2터널,국가교통정보센터(고속도로),126.774167,36.189167
2385,E911701,[서천공주선]부여백제휴게소,국가교통정보센터(고속도로),126.7997222,36.25972222
2386,E911702,[서천공주선]부여졸음쉼터(공주),국가교통정보센터(고속도로),126.874130249023,36.3189888000488
2387,E911703,[서천공주선]상장,국가교통정보센터(고속도로),126.924387,36.360339
2388,E911704,[서천공주선]상장교,국가교통정보센터(고속도로),126.93333,36.365
2389,E911705,[서천공주선]서공주,국가교통정보센터(고속도로),127.057778,36.454722
2390,E911706,[서천공주선]서공주분기점,국가교통정보센터(고속도로),127.0638889,36.47888889
2391,E911707,[서천공주선]서부여,국가교통정보센터(고속도로),126.788889,36.237778
2392,E911708,[서천공주선]수목교,국가교통정보센터(고속도로),126.8380556,36.28694444
2393,E911709,[서천공주선]수목천교,국가교통정보센터(고속도로),126.82333,36.27806
2394,E911710,[서천공주선]시초졸음쉼터(공주),국가교통정보센터(고속도로),126.767776489257,36.1346626281738
2395,E911711,[서천공주선]신성1교,국가교통정보센터(고속도로),126.87361,36.31833
2396,E911712,[서천공주선]신흥1교,국가교통정보센터(고속도로),127.00472,36.41056
2397,E911713,[서천공주선]안상교,국가교통정보센터(고속도로),126.771925,36.151602
2398,E911714,[서천공주선]안심교,국가교통정보센터(고속도로),127.019887,36.424343
2399,E911715,[서천공주선]앵봉터널,국가교통정보센터(고속도로),126.981257,36.389876
2400,E911716,[서천공주선]용봉,국가교통정보센터(고속도로),127.022949,36.43241
2401,E911717,[서천공주선]용봉2교,국가교통정보센터(고속도로),128.268257,36.025737
2402,E911718,[서천공주선]유구천교,국가교통정보센터(고속도로),127.06528,36.46778
2403,E911719,[서천공주선]은곡,국가교통정보센터(고속도로),126.91667,36.35556
2404,E911720,[서천공주선]은산,국가교통정보센터(고속도로),126.843276977539,36.2922096252441
2405,E911721,[서천공주선]이사,국가교통정보센터(고속도로),126.7677778,36.11916667
2406,E911722,[서천공주선]장평2교,국가교통정보센터(고속도로),126.88778,36.33278
2407,E911723,[서천공주선]정동교,국가교통정보센터(고속도로),126.780891418457,36.2279930114746
2408,E911724,[서천공주선]지산,국가교통정보센터(고속도로),126.7720413208,36.1567001342773
2409,E911725,[서천공주선]청남대교,국가교통정보센터(고속도로),126.95,36.37389
2410,E911726,[서천공주선]청남대교(고정),국가교통정보센터(고속도로),126.95032,36.374203
2411,E911727,[서천공주선]청양,국가교통정보센터(고속도로),126.9625,36.37889
2412,E911728,[서천공주선]청양휴게소,국가교통정보센터(고속도로),126.99,36.3975
2413,E911729,[서천공주선]추동,국가교통정보센터(고속도로),126.771886,36.062335
2414,E911730,[서천공주선]팔지교,국가교통정보센터(고속도로),126.7744444,36.16916667
2415,E911731,[서천공주선]풍정교,국가교통정보센터(고속도로),126.7683229,36.1368837
2416,E911732,[서천공주선]현암,국가교통정보센터(고속도로),126.81056,36.27111
2417,E911733,[서천공주선]황사교,국가교통정보센터(고속도로),126.77389,36.07361
2418,E911734,[서해안선][목포]영광1터널(목포외부),국가교통정보센터(고속도로),126.538815,35.267317
2419,E911735,[서해안선][목포]용담터널(목포외부),국가교통정보센터(고속도로),126.899301,37.301009
2420,E911736,[서해안선][서울]영광1터널(서울외부),국가교통정보센터(고속도로),126.525531,35.256508
2421,E911737,[서해안선]가교2교,국가교통정보센터(고속도로),126.6861654,36.8752489
2422,E911738,[서해안선]갈산,국가교통정보센터(고속도로),126.695655822753,36.8850746154785
2423,E911739,[서해안선]갈산천교,국가교통정보센터(고속도로),126.55278,36.62472
2424,E911740,[서해안선]고인돌휴게소,국가교통정보센터(고속도로),126.6721316,35.46262364
2425,E911741,[서해안선]고잔1교,국가교통정보센터(고속도로),126.8894307,37.06367472
2426,E911742,[서해안선]고잔6교,국가교통정보센터(고속도로),126.8796367,37.03561219
2427,E911743,[서해안선]고창,국가교통정보센터(고속도로),126.6637916,35.43957364
2428,E911744,[서해안선]고창분기점,국가교통정보센터(고속도로),126.6531811,35.41723766
2429,E911745,[서해안선]고창졸음쉼터,국가교통정보센터(고속도로),126.604049682617,35.3777618408203
2430,E911746,[서해안선]관상,국가교통정보센터(고속도로),126.8429062,35.86491927
2431,E911747,[서해안선]광명역,국가교통정보센터(고속도로),126.87889,37.40389
2432,E911748,[서해안선]광명역2,국가교통정보센터(고속도로),126.87141,37.39723
2433,E911749,[서해안선]광암교,국가교통정보센터(고속도로),126.499953,34.895583
2434,E911750,[서해안선]광천,국가교통정보센터(고속도로),126.585,36.49861
2435,E911751,[서해안선]광천쉼터,국가교통정보센터(고속도로),126.584686279296,36.4872817993164
2436,E911752,[서해안선]구룡1교,국가교통정보센터(고속도로),126.571792602539,36.2244758605957
2437,E911753,[서해안선]구포2교,국가교통정보센터(고속도로),126.879516601562,37.2344093322753
2438,E911754,[서해안선]군산,국가교통정보센터(고속도로),126.797248,36.013796
2439,E911755,[서해안선]군산휴게소,국가교통정보센터(고속도로),126.83278,35.97806
2440,E911756,[서해안선]금강대교,국가교통정보센터(고속도로),126.79,36.039167
2441,E911757,[서해안선]금국2교,국가교통정보센터(고속도로),126.572222,36.570833
2442,E911758,[서해안선]금당육교,국가교통정보센터(고속도로),126.759306,36.064726
2443,E911759,[서해안선]금천,국가교통정보센터(고속도로),126.89139,37.45889
2444,E911760,[서해안선]금천고가교,국가교통정보센터(고속도로),126.89833,37.43444
2445,E911761,[서해안선]기린,국가교통정보센터(고속도로),126.8055247,36.00175326
2446,E911762,[서해안선]남포교,국가교통정보센터(고속도로),126.5893289,36.28826946
2447,E911763,[서해안선]내송교,국가교통정보센터(고속도로),126.589721679687,36.3111038208007
2448,E911765,[서해안선]노하1교,국가교통정보센터(고속도로),126.873992919921,37.1655578613281
2449,E911764,[서해안선]노하2교,국가교통정보센터(고속도로),126.87971496582,37.148136138916
2450,E911766,[서해안선]당진,국가교통정보센터(고속도로),126.71,36.895
2451,E911767,[서해안선]당진1교,국가교통정보센터(고속도로),126.622161,36.85357
2452,E911768,[서해안선]당진3교,국가교통정보센터(고속도로),126.606346130371,36.8431358337402
2453,E911769,[서해안선]당진교,국가교통정보센터(고속도로),126.6335817,36.85897077
2454,E911770,[서해안선]당진분기점2,국가교통정보센터(고속도로),126.6204,36.8507
2455,E911771,[서해안선]당진쉼터(목포),국가교통정보센터(고속도로),126.720657348632,36.9017868041992
2456,E911772,[서해안선]당진쉼터(서울),국가교통정보센터(고속도로),126.7207155,36.90173946
2457,E911773,[서해안선]대동,국가교통정보센터(고속도로),126.843170166015,35.8565673828125
2458,E911774,[서해안선]대목,국가교통정보센터(고속도로),126.836929321289,35.8199653625488
2459,E911775,[서해안선]대산,국가교통정보센터(고속도로),126.573457,35.332854
2460,E911776,[서해안선]대산휴게소(하),국가교통정보센터(고속도로),126.5759838,35.3388673
2461,E911777,[서해안선]대야,국가교통정보센터(고속도로),126.831893920898,35.9327316284179
2462,E911778,[서해안선]대천,국가교통정보센터(고속도로),126.57,36.337
2463,E911779,[서해안선]대천2교,국가교통정보센터(고속도로),126.5634169,36.3441152
2464,E911780,[서해안선]대천휴게소,국가교통정보센터(고속도로),126.5561225,36.37811057
2465,E911781,[서해안선]덕림,국가교통정보센터(고속도로),126.5986453,35.37361256
2466,E911782,[서해안선]덕림천교,국가교통정보센터(고속도로),126.6194753,35.3891726
2467,E911783,[서해안선]덕천교,국가교통정보센터(고속도로),126.880393981933,37.1292724609375
2468,E911784,[서해안선]덕흥교,국가교통정보센터(고속도로),126.54528,35.2775
2469,E911785,[서해안선]도원,국가교통정보센터(고속도로),126.757565,36.917547
2470,E911786,[서해안선]도원2,국가교통정보센터(고속도로),126.7602,36.919733
2471,E911787,[서해안선]동군산,국가교통정보센터(고속도로),126.8339707,35.94497471
2472,E911788,[서해안선]동지산,국가교통정보센터(고속도로),126.844955444335,35.9004936218261
2473,E911789,[서해안선]동진강교,국가교통정보센터(고속도로),126.7970333,35.7539784
2474,E911790,[서해안선]두북교,국가교통정보센터(고속도로),126.7454466,36.0695182
2475,E911791,[서해안선]마강교,국가교통정보센터(고속도로),126.576354,36.425666
2476,E911792,[서해안선]만경강교,국가교통정보센터(고속도로),126.841361,35.909923
2477,E911793,[서해안선]만흥,국가교통정보센터(고속도로),126.48167,35.04972
2478,E911794,[서해안선]매송,국가교통정보센터(고속도로),126.8974167,37.27772456
2479,E911795,[서해안선]매송휴게소,국가교통정보센터(고속도로),126.893455505371,37.2691040039062
2480,E911796,[서해안선]목감IC,국가교통정보센터(고속도로),126.8714005,37.39669816
2481,E911797,[서해안선]목감휴게소,국가교통정보센터(고속도로),126.869338989257,37.3899879455566
2482,E911798,[서해안선]목감휴게소_목포,국가교통정보센터(고속도로),126.866975,37.38165833
2483,E911799,[서해안선]목감휴게소_서울,국가교통정보센터(고속도로),126.8683806,37.37744722
2484,E911800,[서해안선]목포영업소,국가교통정보센터(고속도로),126.4927107,34.87246168
2485,E911801,[서해안선]목포영업소#1,국가교통정보센터(고속도로),126.488906860351,34.8649368286132
2486,E911802,[서해안선]몽탄2교,국가교통정보센터(고속도로),126.504768371582,34.9456481933593
2487,E911803,[서해안선]몽탄2터널,국가교통정보센터(고속도로),126.497778,34.924722
2488,E911804,[서해안선]무안,국가교통정보센터(고속도로),126.4918884,35.00916176
2489,E911805,[서해안선]무안1터널,국가교통정보센터(고속도로),126.493333,34.988056
2490,E911806,[서해안선]무안4터널,국가교통정보센터(고속도로),126.501389,34.957778
2491,E911807,[서해안선]무창포,국가교통정보센터(고속도로),126.561004,36.23858984
2492,E911808,[서해안선]무창포쉼터,국가교통정보센터(고속도로),126.576263427734,36.2726898193359
2493,E911809,[서해안선]미원,국가교통정보센터(고속도로),126.836189270019,35.9685859680175
2494,E911810,[서해안선]반촌,국가교통정보센터(고속도로),126.7045,36.8911
2495,E911811,[서해안선]발안,국가교통정보센터(고속도로),126.8826051,37.12341907
2496,E911812,[서해안선]발안천교,국가교통정보센터(고속도로),126.88583,37.11389
2497,E911813,[서해안선]백운,국가교통정보센터(고속도로),126.48333,35.16917
2498,E911814,[서해안선]복운교,국가교통정보센터(고속도로),126.766365051269,36.9247550964355
2499,E911815,[서해안선]복운교2,국가교통정보센터(고속도로),126.76183,36.921004
2500,E911816,[서해안선]복죽,국가교통정보센터(고속도로),126.832,35.801
2501,E911817,[서해안선]봉덕교,국가교통정보센터(고속도로),126.588752,36.320452
2502,E911818,[서해안선]부곡1교,국가교통정보센터(고속도로),126.860458374023,37.3440437316894
2503,E911819,[서해안선]부곡교,국가교통정보센터(고속도로),126.7141725,35.64334766
2504,E911820,[서해안선]부곡교2,국가교통정보센터(고속도로),126.705009460449,35.635456085205
2505,E911821,[서해안선]부안,국가교통정보센터(고속도로),126.767,35.724
2506,E911822,[서해안선]부안휴게소,국가교통정보센터(고속도로),126.7349167,35.6736882
2507,E911823,[서해안선]부춘,국가교통정보센터(고속도로),126.49083,35.21889
2508,E911824,[서해안선]불갑산,국가교통정보센터(고속도로),126.5056186,35.2386528
2509,E911825,[서해안선]비봉,국가교통정보센터(고속도로),126.8823091,37.24346873
2510,E911826,[서해안선]비인,국가교통정보센터(고속도로),126.605,36.162
2511,E911827,[서해안선]비인터널토석류,국가교통정보센터(고속도로),126.621269226074,36.1470222473144
2512,E911828,[서해안선]사포2교,국가교통정보센터(고속도로),126.688972473144,35.5322494506835
2513,E911829,[서해안선]산수,국가교통정보센터(고속도로),126.55475616455,36.6883811950683
2514,E911830,[서해안선]삼송,국가교통정보센터(고속도로),126.5601,36.7117
2515,E911831,[서해안선]상신,국가교통정보센터(고속도로),126.8877389,37.10947778
2516,E911832,[서해안선]상신2교,국가교통정보센터(고속도로),126.8866607,37.08395472
2517,E911833,[서해안선]생봉1교,국가교통정보센터(고속도로),126.4892578125,35.1963424682617
2518,E911834,[서해안선]서김제,국가교통정보센터(고속도로),126.8394903,35.83441475
2519,E911835,[서해안선]서산,국가교통정보센터(고속도로),126.5705507,36.80479093
2520,E911836,[서해안선]서산휴게소,국가교통정보센터(고속도로),126.565297,36.738487
2521,E911837,[서해안선]서서울영업소,국가교통정보센터(고속도로),126.8597351,37.3480289
2522,E911838,[서해안선]서서울영업소(광장),국가교통정보센터(고속도로),126.862894,37.356042
2523,E911839,[서해안선]서서울영업소1,국가교통정보센터(고속도로),126.865608215332,37.3601646423339
2524,E911840,[서해안선]서천,국가교통정보센터(고속도로),126.693,36.099
2525,E911841,[서해안선]서천휴게소,국가교통정보센터(고속도로),126.62778,36.12861
2526,E911842,[서해안선]서평택,국가교통정보센터(고속도로),126.8689758,36.99797346
2527,E911843,[서해안선]서평택분기점,국가교통정보센터(고속도로),126.8885345,37.05442286
2528,E911846,[서해안선]서평택분기점2,국가교통정보센터(고속도로),126.8893333,37.05656667
2529,E911847,[서해안선]서해1,국가교통정보센터(고속도로),126.850724,36.956262
2530,E911848,[서해안선]서해P15갓길,국가교통정보센터(고속도로),126.861053466796,36.9607849121093
2531,E911849,[서해안선]서해P80,국가교통정보센터(고속도로),126.8081284,36.94291306
2532,E911851,[서해안선]서해PF2갓길,국가교통정보센터(고속도로),126.826751708984,36.9453773498535
2533,E911850,[서해안선]서해PF2갓길2,국가교통정보센터(고속도로),126.8267517,36.94537735
2534,E911852,[서해안선]서해시점,국가교통정보센터(고속도로),126.791824,36.943055
2535,E911853,[서해안선]서해시점2,국가교통정보센터(고속도로),126.793541,36.94298553
2536,E911854,[서해안선]서해종점,국가교통정보센터(고속도로),126.867751,36.964753
2537,E911855,[서해안선]서해종점2,국가교통정보센터(고속도로),126.8679352,36.96531296
2538,E911844,[서해안선]서해주탑,국가교통정보센터(고속도로),126.83833,36.95056
2539,E911856,[서해안선]서해주탑1,국가교통정보센터(고속도로),126.8463593,36.95416641
2540,E911857,[서해안선]서해진입제한(서울),국가교통정보센터(고속도로),126.777572631835,36.9335975646972
2541,E911858,[서해안선]석교,국가교통정보센터(고속도로),126.683,35.511
2542,E911845,[서해안선]석정,국가교통정보센터(고속도로),126.870808,36.982585
2543,E911859,[서해안선]석정4교,국가교통정보센터(고속도로),126.8690948,36.9989624
2544,E911860,[서해안선]선왕교,국가교통정보센터(고속도로),126.7193162,36.08802917
2545,E911861,[서해안선]선운산,국가교통정보센터(고속도로),126.6832618,35.50869586
2546,E911862,[서해안선]성북교,국가교통정보센터(고속도로),126.610946655273,36.1574745178222
2547,E911863,[서해안선]성암교,국가교통정보센터(고속도로),126.49583,34.97444
2548,E911864,[서해안선]소주2교,국가교통정보센터(고속도로),126.725646972656,35.6595993041992
2549,E911865,[서해안선]소중,국가교통정보센터(고속도로),126.565499,36.786732
2550,E911866,[서해안선]소중2교,국가교통정보센터(고속도로),126.565994262695,36.7771415710449
2551,E911867,[서해안선]송악,국가교통정보센터(고속도로),126.781,36.936
2552,E911868,[서해안선]순산터널,국가교통정보센터(고속도로),126.870425,37.339496
2553,E911869,[서해안선]순산터널2,국가교통정보센터(고속도로),126.8742028,37.33668056
2554,E911870,[서해안선]순성교,국가교통정보센터(고속도로),126.676032,36.868459
2555,E911871,[서해안선]순용,국가교통정보센터(고속도로),126.496551513671,35.228401184082
2556,E911872,[서해안선]신계,국가교통정보센터(고속도로),126.490463256835,35.0172843933105
2557,E911873,[서해안선]신리1교,국가교통정보센터(고속도로),126.697639465332,35.5866432189941
2558,E911874,[서해안선]신리3교,국가교통정보센터(고속도로),126.6962311,35.5744426
2559,E911875,[서해안선]신송1교,국가교통정보센터(고속도로),126.591,36.459
2560,E911876,[서해안선]신송교,국가교통정보센터(고속도로),126.55621,36.644733
2561,E911877,[서해안선]신월교,국가교통정보센터(고속도로),126.6689453125,35.4531631469726
2562,E911878,[서해안선]신창교,국가교통정보센터(고속도로),126.569,36.75
2563,E911879,[서해안선]안호1교,국가교통정보센터(고속도로),126.58667,36.82639
2564,E911880,[서해안선]야목2교,국가교통정보센터(고속도로),126.887918,37.262359
2565,E911881,[서해안선]양노1교,국가교통정보센터(고속도로),126.876161,37.22895823
2566,E911882,[서해안선]양노4교,국가교통정보센터(고속도로),126.8697325,37.20950219
2567,E911883,[서해안선]양장,국가교통정보센터(고속도로),126.496376037597,34.882755279541
2568,E911884,[서해안선]여미,국가교통정보센터(고속도로),126.575462341308,36.812644958496
2569,E911885,[서해안선]연지,국가교통정보센터(고속도로),126.559,36.407
2570,E911886,[서해안선]영광,국가교통정보센터(고속도로),126.5575782,35.29893038
2571,E911887,[서해안선]영광휴게소,국가교통정보센터(고속도로),126.509872,35.242044
2572,E911888,[서해안선]영광휴게소(목포),국가교통정보센터(고속도로),126.511917,35.24405
2573,E911889,[서해안선]영천교,국가교통정보센터(고속도로),126.728247,36.904855
2574,E911890,[서해안선]영천교(고정),국가교통정보센터(고속도로),126.732198,36.905919
2575,E911891,[서해안선]예지,국가교통정보센터(고속도로),126.646362304687,35.4106521606445
2576,E911892,[서해안선]옹중3교,국가교통정보센터(고속도로),126.750509,35.695121
2577,E911893,[서해안선]와탄천교,국가교통정보센터(고속도로),126.5639443,35.30927835
2578,E911894,[서해안선]용연쉼터(서울),국가교통정보센터(고속도로),126.647705078125,36.8616409301757
2579,E911895,[서해안선]우곡3교,국가교통정보센터(고속도로),126.826581,35.984089
2580,E911896,[서해안선]운곡,국가교통정보센터(고속도로),126.553997,36.61543
2581,E911897,[서해안선]운산터널,국가교통정보센터(고속도로),126.57,36.76694
2582,E911898,[서해안선]운성,국가교통정보센터(고속도로),126.679,36.87
2583,E911899,[서해안선]운양교,국가교통정보센터(고속도로),126.678924560546,35.4807357788085
2584,E911900,[서해안선]웅천터널,국가교통정보센터(고속도로),126.588159,36.199903
2585,E911901,[서해안선]월전교,국가교통정보센터(고속도로),126.5616136,36.25975658
2586,E911902,[서해안선]율암교,국가교통정보센터(고속도로),126.8740002,37.17056
2587,E911903,[서해안선]율촌,국가교통정보센터(고속도로),126.573097229003,35.3324089050292
2588,E911904,[서해안선]응봉,국가교통정보센터(고속도로),126.490463256835,35.2052421569824
2589,E911905,[서해안선]인성,국가교통정보센터(고속도로),126.6387311,35.40445766
2590,E911906,[서해안선]일로,국가교통정보센터(고속도로),126.48222,34.85889
2591,E911907,[서해안선]일직분기점,국가교통정보센터(고속도로),126.89556,37.42361
2592,E911908,[서해안선]일직분기점2,국가교통정보센터(고속도로),126.8950222,37.42354444
2593,E911909,[서해안선]임피,국가교통정보센터(고속도로),126.83464,35.951852
2594,E911910,[서해안선]장년,국가교통정보센터(고속도로),126.481369018554,35.092845916748
2595,E911911,[서해안선]장요육교,국가교통정보센터(고속도로),126.5563445,36.66359403
2596,E911912,[서해안선]조남1교,국가교통정보센터(고속도로),126.867805480957,37.3785057067871
2597,E911913,[서해안선]조남1교2,국가교통정보센터(고속도로),126.86884,37.375656
2598,E911914,[서해안선]조남분기점1,국가교통정보센터(고속도로),126.8693125,37.36904846
2599,E911915,[서해안선]종신,국가교통정보센터(고속도로),126.8278633,35.79425839
2600,E911916,[서해안선]종천,국가교통정보센터(고속도로),126.643,36.112
2601,E911917,[서해안선]종천1교,국가교통정보센터(고속도로),126.637,36.119
2602,E911918,[서해안선]종천교,국가교통정보센터(고속도로),126.6334245,36.12327047
2603,E911919,[서해안선]종천터널토석류,국가교통정보센터(고속도로),126.668235778808,36.1021995544433
2604,E911923,[서해안선]주교,국가교통정보센터(고속도로),126.555323,36.400708
2605,E911924,[서해안선]주탑케이블6,국가교통정보센터(고속도로),126.841476440429,36.9519462585449
2606,E911920,[서해안선]주포,국가교통정보센터(고속도로),126.563158,36.410793
2607,E911921,[서해안선]죽동,국가교통정보센터(고속도로),126.653638,36.862645
2608,E911925,[서해안선]죽림분기점,국가교통정보센터(고속도로),126.465906,34.844354
2609,E911922,[서해안선]죽산3교,국가교통정보센터(고속도로),126.812515258789,35.7766685485839
2610,E911926,[서해안선]줄포,국가교통정보센터(고속도로),126.69611,35.59667
2611,E911927,[서해안선]줄포졸음쉼터,국가교통정보센터(고속도로),126.694717407226,35.5697898864746
2612,E911928,[서해안선]중산,국가교통정보센터(고속도로),126.587104797363,35.3636817932128
2613,E911929,[서해안선]진죽1교,국가교통정보센터(고속도로),126.5875984,36.45194
2614,E911930,[서해안선]천북,국가교통정보센터(고속도로),126.587,36.507
2615,E911931,[서해안선]천수만교,국가교통정보센터(고속도로),126.591400146484,36.4645080566406
2616,E911932,[서해안선]청하,국가교통정보센터(고속도로),126.845128,35.8911504250524
2617,E911933,[서해안선]초대,국가교통정보센터(고속도로),126.747512817382,36.9106483459472
2618,E911934,[서해안선]초록교,국가교통정보센터(고속도로),126.5548789,36.66953582
2619,E911935,[서해안선]추동1교,국가교통정보센터(고속도로),126.775,36.057
2620,E911936,[서해안선]추동교,국가교통정보센터(고속도로),126.785891,36.048801
2621,E911937,[서해안선]춘장대,국가교통정보센터(고속도로),126.6013874,36.1676413
2622,E911938,[서해안선]춘장대쉼터,국가교통정보센터(고속도로),126.588966369628,36.1982345581054
2623,E911939,[서해안선]춘장대졸음쉼터,국가교통정보센터(고속도로),126.593193054199,36.1879959106445
2624,E911940,[서해안선]충훈대교,국가교통정보센터(고속도로),126.888206481933,37.4094161987304
2625,E911941,[서해안선]태월교,국가교통정보센터(고속도로),126.710616,36.094309
2626,E911942,[서해안선]팔곡분기점,국가교통정보센터(고속도로),126.89417,37.30945928
2627,E911943,[서해안선]팔곡분기점2,국가교통정보센터(고속도로),126.9012528,37.31815556
2628,E911944,[서해안선]팔곡터널(목포),국가교통정보센터(고속도로),126.884071350097,37.3170852661132
2629,E911945,[서해안선]팔곡터널2,국가교통정보센터(고속도로),126.8782139,37.32609722
2630,E911946,[서해안선]팔탄분기점,국가교통정보센터(고속도로),126.871498566,37.1961160826
2631,E911947,[서해안선]하입석1교,국가교통정보센터(고속도로),126.695106506347,35.6117973327636
2632,E911948,[서해안선]하입석육교,국가교통정보센터(고속도로),126.700976,35.628161
2633,E911950,[서해안선]하장,국가교통정보센터(고속도로),126.779,35.736
2634,E911951,[서해안선]하저1교,국가교통정보센터(고속도로),126.8731702,37.18306
2635,E911949,[서해안선]학산,국가교통정보센터(고속도로),126.505146,34.948722
2636,E911952,[서해안선]함정,국가교통정보센터(고속도로),126.48314666748,35.181957244873
2637,E911953,[서해안선]함평,국가교통정보센터(고속도로),126.48167,35.09917
2638,E911954,[서해안선]함평분기점,국가교통정보센터(고속도로),126.485,35.03
2639,E911955,[서해안선]함평천1교,국가교통정보센터(고속도로),126.482467651367,35.1513557434082
2640,E911956,[서해안선]함평천지휴게소,국가교통정보센터(고속도로),126.47972,35.07361
2641,E911957,[서해안선]함평천지휴게소(서울),국가교통정보센터(고속도로),126.4811327,35.1307897
2642,E911958,[서해안선]해미,국가교통정보센터(고속도로),126.563,36.715
2643,E911959,[서해안선]해미쉼터(서울),국가교통정보센터(고속도로),126.553298950195,36.6365394592285
2644,E911960,[서해안선]해미천교,국가교통정보센터(고속도로),126.559374,36.696459
2645,E911961,[서해안선]행담도전방,국가교통정보센터(고속도로),126.81639,36.94306
2646,E911962,[서해안선]행담도후방,국가교통정보센터(고속도로),126.80278,36.94306
2647,E911963,[서해안선]홍성,국가교통정보센터(고속도로),126.5591131,36.59520469
2648,E911964,[서해안선]홍성휴게소,국가교통정보센터(고속도로),126.58083,36.55139
2649,E911965,[서해안선]홍원육교,국가교통정보센터(고속도로),126.8717373,37.01796165
2650,E911966,[서해안선]화봉교,국가교통정보센터(고속도로),126.586524963378,36.5186614990234
2651,E911967,[서해안선]화성휴게소,국가교통정보센터(고속도로),126.879658,37.14762
2652,E911968,[서해안선]화성휴게소2,국가교통정보센터(고속도로),126.880519,37.140265
2653,E911969,[서해안선]화양,국가교통정보센터(고속도로),126.766,36.06
2654,E911970,[서해안선]화평,국가교통정보센터(고속도로),126.550430297851,35.2875785827636
2655,E911971,[서해안선]후포,국가교통정보센터(고속도로),126.6906811,35.54194256
2656,E911972,[서해안선]휴암,국가교통정보센터(고속도로),126.552551269531,36.6796035766601
2657,E911973,[서해안선]희곡육교,국가교통정보센터(고속도로),126.8713338,36.97170145
2658,E911974,[세종포천선][세종]갈현터널(세종1),국가교통정보센터(고속도로),127.19089848638404,37.42793952
2659,E911975,[세종포천선][세종]갈현터널(세종3),국가교통정보센터(고속도로),127.1914556,37.42488417
2660,E911976,[세종포천선][세종]갈현터널(세종5),국가교통정보센터(고속도로),127.1920662,37.4217589
2661,E911979,[세종포천선][세종]고덕터널(세종10),국가교통정보센터(고속도로),127.156429,37.55041447
2662,E911980,[세종포천선][세종]고덕터널(세종12),국가교통정보센터(고속도로),127.1561989,37.54725002
2663,E911981,[세종포천선][세종]고덕터널(세종14),국가교통정보센터(고속도로),127.156091,37.54435345
2664,E911982,[세종포천선][세종]고덕터널(세종16),국가교통정보센터(고속도로),127.1563624,37.54155324
2665,E911983,[세종포천선][세종]고덕터널(세종18),국가교통정보센터(고속도로),127.1571152,37.53905422
2666,E911977,[세종포천선][세종]고덕터널(세종2),국가교통정보센터(고속도로),127.156673,37.56290871
2667,E911978,[세종포천선][세종]고덕터널(세종20),국가교통정보센터(고속도로),127.1584132,37.53617604
2668,E911984,[세종포천선][세종]고덕터널(세종22),국가교통정보센터(고속도로),127.1595788,37.53363816
2669,E911985,[세종포천선][세종]고덕터널(세종4),국가교통정보센터(고속도로),127.1569537,37.55914668
2670,E911986,[세종포천선][세종]고덕터널(세종6),국가교통정보센터(고속도로),127.1568582,37.55680647
2671,E911987,[세종포천선][세종]고덕터널(세종8),국가교통정보센터(고속도로),127.15668054948269,37.55436951
2672,E911988,[세종포천선][세종]고삼터널(세종)-1/11,국가교통정보센터(고속도로),127.2880346,37.12334079
2673,E911989,[세종포천선][세종]고삼터널(세종)-11/11,국가교통정보센터(고속도로),127.2989948,37.10619349
2674,E911990,[세종포천선][세종]고삼터널(세종)-3/11,국가교통정보센터(고속도로),127.2916308,37.11883796
2675,E911991,[세종포천선][세종]고삼터널(세종)-5/11,국가교통정보센터(고속도로),127.2939025,37.11597373
2676,E911992,[세종포천선][세종]고삼터널(세종)-7/11,국가교통정보센터(고속도로),127.2950205,37.11413279
2677,E911993,[세종포천선][세종]고삼터널(세종)-9/11,국가교통정보센터(고속도로),127.2972568,37.110559
2678,E911994,[세종포천선][세종]금광터널(세종)-1/7,국가교통정보센터(고속도로),127.3213128,36.99367245
2679,E911995,[세종포천선][세종]금광터널(세종)-3/7,국가교통정보센터(고속도로),127.3219666,36.98887694
2680,E911996,[세종포천선][세종]금광터널(세종)-5/7,국가교통정보센터(고속도로),127.3221292,36.98482163
2681,E911997,[세종포천선][세종]금광터널(세종)-7/7,국가교통정보센터(고속도로),127.3218086,36.98069555
2682,E911998,[세종포천선][세종]금광터널(세종)-외부1/1,국가교통정보센터(고속도로),127.3204516,36.99726108
2683,E912006,[세종포천선][세종]남한산성터널(세종1),국가교통정보센터(고속도로),127.171671,37.50166265
2684,E912007,[세종포천선][세종]남한산성터널(세종11),국가교통정보센터(고속도로),127.1688318,37.48635865
2685,E912008,[세종포천선][세종]남한산성터널(세종13),국가교통정보센터(고속도로),127.1685539,37.48342176
2686,E912009,[세종포천선][세종]남한산성터널(세종15),국가교통정보센터(고속도로),127.1686148,37.48035824
2687,E912010,[세종포천선][세종]남한산성터널(세종17),국가교통정보센터(고속도로),127.1690376,37.47730773
2688,E912011,[세종포천선][세종]남한산성터널(세종19),국가교통정보센터(고속도로),127.1697944,37.47452252
2689,E912001,[세종포천선][세종]남한산성터널(세종21),국가교통정보센터(고속도로),127.1708787,37.47161521
2690,E912002,[세종포천선][세종]남한산성터널(세종23),국가교통정보센터(고속도로),127.1724263,37.46866215
2691,E912003,[세종포천선][세종]남한산성터널(세종25),국가교통정보센터(고속도로),127.1740284,37.46609868
2692,E912004,[세종포천선][세종]남한산성터널(세종27),국가교통정보센터(고속도로),127.1755012,37.46387326
2693,E912005,[세종포천선][세종]남한산성터널(세종29),국가교통정보센터(고속도로),127.177416,37.4610142
2694,E912016,[세종포천선][세종]남한산성터널(세종3),국가교통정보센터(고속도로),127.1712923,37.49929355
2695,E911999,[세종포천선][세종]남한산성터널(세종31),국가교통정보센터(고속도로),127.179269,37.45835792
2696,E912000,[세종포천선][세종]남한산성터널(세종33),국가교통정보센터(고속도로),127.1812007,37.45555283
2697,E912017,[세종포천선][세종]남한산성터널(세종35),국가교통정보센터(고속도로),127.1832848,37.45276549
2698,E912018,[세종포천선][세종]남한산성터널(세종37),국가교통정보센터(고속도로),127.1853114,37.44965384
2699,E912019,[세종포천선][세종]남한산성터널(세종39),국가교통정보센터(고속도로),127.18661028094843,37.44704787
2700,E912012,[세종포천선][세종]남한산성터널(세종41),국가교통정보센터(고속도로),127.1875459,37.44384329
2701,E912013,[세종포천선][세종]남한산성터널(세종43),국가교통정보센터(고속도로),127.1882163,37.44079679
2702,E912014,[세종포천선][세종]남한산성터널(세종45),국가교통정보센터(고속도로),127.1888863,37.43759712
2703,E912015,[세종포천선][세종]남한산성터널(세종47),국가교통정보센터(고속도로),127.1895397,37.43458669
2704,E912020,[세종포천선][세종]남한산성터널(세종5),국가교통정보센터(고속도로),127.17056,37.49551039
2705,E912021,[세종포천선][세종]남한산성터널(세종7),국가교통정보센터(고속도로),127.1699165,37.49224742
2706,E912022,[세종포천선][세종]남한산성터널(세종9),국가교통정보센터(고속도로),127.1693587,37.48936725
2707,E912023,[세종포천선][세종]능안산터널(세종1),국가교통정보센터(고속도로),127.1920954,37.40888331
2708,E912024,[세종포천선][세종]능안산터널(세종3),국가교통정보센터(고속도로),127.1917639,37.40621008
2709,E912025,[세종포천선][세종]모현터널(세종1),국가교통정보센터(고속도로),127.2419672,37.3035632
2710,E912026,[세종포천선][세종]문수1터널(세종)-2/7,국가교통정보센터(고속도로),127.2680503,37.17288723
2711,E912027,[세종포천선][세종]문수1터널(세종)-4/7,국가교통정보센터(고속도로),127.2708056,37.16561847
2712,E912028,[세종포천선][세종]문수1터널(세종)-6/7,국가교통정보센터(고속도로),127.2728685,37.16006325
2713,E912029,[세종포천선][세종]문수3터널(세종)-1/4,국가교통정보센터(고속도로),127.2650826,37.18558073
2714,E912031,[세종포천선][세종]문수3터널(세종)-3/4,국가교통정보센터(고속도로),127.2651173,37.18220846
2715,E912030,[세종포천선][세종]문수3터널(세종)-4/4,국가교통정보센터(고속도로),127.2657302,37.17915928
2716,E912032,[세종포천선][세종]쌍령터널(세종)-2/3,국가교통정보센터(고속도로),127.2834343,37.13293916
2717,E912033,[세종포천선][세종]오포1터널(세종1),국가교통정보센터(고속도로),127.2158611,37.36868604
2718,E912034,[세종포천선][세종]오포3터널(세종1),국가교통정보센터(고속도로),127.2071575,37.37651123
2719,E912035,[세종포천선][세종]운학터널(세종)-1/13,국가교통정보센터(고속도로),127.2682508,37.21685352
2720,E912036,[세종포천선][세종]운학터널(세종)-11/13,국가교통정보센터(고속도로),127.2687738,37.19911971
2721,E912037,[세종포천선][세종]운학터널(세종)-13/13,국가교통정보센터(고속도로),127.2676642,37.19588745
2722,E912038,[세종포천선][세종]운학터널(세종)-3/13,국가교통정보센터(고속도로),127.2696763,37.21216484
2723,E912039,[세종포천선][세종]운학터널(세종)-5/13,국가교통정보센터(고속도로),127.2701581,37.20827121
2724,E912040,[세종포천선][세종]운학터널(세종)-7/13,국가교통정보센터(고속도로),127.2700081,37.20412673
2725,E912041,[세종포천선][세종]운학터널(세종)-9/13,국가교통정보센터(고속도로),127.2693219,37.2012089
2726,E912042,[세종포천선][세종]포곡1터널(세종1),국가교통정보센터(고속도로),127.2503362,37.27536814
2727,E912043,[세종포천선][세종]포곡1터널(세종3),국가교통정보센터(고속도로),127.2504854,37.26936691
2728,E912044,[세종포천선][세종]포곡1터널(세종5),국가교통정보센터(고속도로),127.2506511,37.26493345
2729,E912046,[세종포천선][세종]포곡2터널(세종2),국가교통정보센터(고속도로),127.2472845,37.29810095
2730,E912045,[세종포천선][세종]포곡2터널(세종3),국가교통정보센터(고속도로),127.2497144,37.29192601
2731,E912047,[세종포천선][세종]포곡2터널(세종7),국가교통정보센터(고속도로),127.2501538,37.28159019
2732,E912048,[세종포천선][세종]해곡터널(세종)-1/1,국가교통정보센터(고속도로),127.2665671,37.19299305
2733,E912049,[세종포천선][포천]갈현터널(포천2),국가교통정보센터(고속도로),127.1924278,37.42180787
2734,E912050,[세종포천선][포천]갈현터널(포천4),국가교통정보센터(고속도로),127.1918229,37.42494439
2735,E912051,[세종포천선][포천]갈현터널(포천6),국가교통정보센터(고속도로),127.1912685,37.42793666
2736,E912053,[세종포천선][포천]고덕터널(포천10),국가교통정보센터(고속도로),127.1563455,37.54433734
2737,E912054,[세종포천선][포천]고덕터널(포천12),국가교통정보센터(고속도로),127.1564167,37.54725198
2738,E912055,[세종포천선][포천]고덕터널(포천14),국가교통정보센터(고속도로),127.1566328,37.55046375
2739,E912056,[세종포천선][포천]고덕터널(포천16),국가교통정보센터(고속도로),127.1569295,37.55436467
2740,E912057,[세종포천선][포천]고덕터널(포천18),국가교통정보센터(고속도로),127.1570818,37.5568287
2741,E912052,[세종포천선][포천]고덕터널(포천2),국가교통정보센터(고속도로),127.159941,37.53369173
2742,E912058,[세종포천선][포천]고덕터널(포천20),국가교통정보센터(고속도로),127.1572368,37.55920937
2743,E912059,[세종포천선][포천]고덕터널(포천22),국가교통정보센터(고속도로),127.1567926,37.56327796
2744,E912060,[세종포천선][포천]고덕터널(포천4),국가교통정보센터(고속도로),127.1587077,37.5363153
2745,E912061,[세종포천선][포천]고덕터널(포천6),국가교통정보센터(고속도로),127.1573925,37.53906286
2746,E912062,[세종포천선][포천]고덕터널(포천8),국가교통정보센터(고속도로),127.1566171,37.54162948
2747,E912063,[세종포천선][포천]고삼터널(포천)-1/11,국가교통정보센터(고속도로),127.2997151,37.10626375
2748,E912064,[세종포천선][포천]고삼터널(포천)-11/11,국가교통정보센터(고속도로),127.2884401,37.12344793
2749,E912065,[세종포천선][포천]고삼터널(포천)-3/11,국가교통정보센터(고속도로),127.2978876,37.11073763
2750,E912066,[세종포천선][포천]고삼터널(포천)-5/11,국가교통정보센터(고속도로),127.2961009,37.11420218
2751,E912067,[세종포천선][포천]고삼터널(포천)-7/11,국가교통정보센터(고속도로),127.2945782,37.11611623
2752,E912068,[세종포천선][포천]고삼터널(포천)-9/11,국가교통정보센터(고속도로),127.2922938,37.11896923
2753,E912069,[세종포천선][포천]고삼터널(포천)-외부1/1,국가교통정보센터(고속도로),127.3005639,37.10186892
2754,E912070,[세종포천선][포천]금광터널(포천)-1/7,국가교통정보센터(고속도로),127.3222798,36.98058614
2755,E912071,[세종포천선][포천]금광터널(포천)-3/7,국가교통정보센터(고속도로),127.3228931,36.9848556
2756,E912072,[세종포천선][포천]금광터널(포천)-5/7,국가교통정보센터(고속도로),127.322821,36.98905483
2757,E912073,[세종포천선][포천]금광터널(포천)-7/7,국가교통정보센터(고속도로),127.3218072,36.99370716
2758,E912075,[세종포천선][포천]남한산성터널(포천10),국가교통정보센터(고속도로),127.1872379,37.44722257
2759,E912076,[세종포천선][포천]남한산성터널(포천12),국가교통정보센터(고속도로),127.1859449,37.44988711
2760,E912077,[세종포천선][포천]남한산성터널(포천14),국가교통정보센터(고속도로),127.1839295,37.4529537
2761,E912078,[세종포천선][포천]남한산성터널(포천16),국가교통정보센터(고속도로),127.1818906,37.45576802
2762,E912079,[세종포천선][포천]남한산성터널(포천18),국가교통정보센터(고속도로),127.17989692783469,37.45860475
2763,E912074,[세종포천선][포천]남한산성터널(포천2),국가교통정보센터(고속도로),127.1899749,37.43465807
2764,E912080,[세종포천선][포천]남한산성터널(포천20),국가교통정보센터(고속도로),127.1780606,37.46114838
2765,E912081,[세종포천선][포천]남한산성터널(포천22),국가교통정보센터(고속도로),127.175999,37.46405272
2766,E912082,[세종포천선][포천]남한산성터널(포천24),국가교통정보센터(고속도로),127.1743906,37.46630538
2767,E912083,[세종포천선][포천]남한산성터널(포천26),국가교통정보센터(고속도로),127.1726869,37.46891856
2768,E912084,[세종포천선][포천]남한산성터널(포천28),국가교통정보센터(고속도로),127.1711957,37.47181748
2769,E912085,[세종포천선][포천]남한산성터널(포천30),국가교통정보센터(고속도로),127.1702014,37.47454897
2770,E912086,[세종포천선][포천]남한산성터널(포천32),국가교통정보센터(고속도로),127.1694221,37.47736574
2771,E912087,[세종포천선][포천]남한산성터널(포천34),국가교통정보센터(고속도로),127.1689881,37.48044781
2772,E912088,[세종포천선][포천]남한산성터널(포천36),국가교통정보센터(고속도로),127.16889295007911,37.48337622
2773,E912089,[세종포천선][포천]남한산성터널(포천38),국가교통정보센터(고속도로),127.1691596,37.48630412
2774,E912090,[세종포천선][포천]남한산성터널(포천4),국가교통정보센터(고속도로),127.1894061,37.43761431
2775,E912091,[세종포천선][포천]남한산성터널(포천40),국가교통정보센터(고속도로),127.1697657,37.48931261
2776,E912092,[세종포천선][포천]남한산성터널(포천42),국가교통정보센터(고속도로),127.1702954,37.49230544
2777,E912093,[세종포천선][포천]남한산성터널(포천44),국가교통정보센터(고속도로),127.1708876,37.49538828
2778,E912094,[세종포천선][포천]남한산성터널(포천46),국가교통정보센터(고속도로),127.1714769,37.49839228
2779,E912095,[세종포천선][포천]남한산성터널(포천48),국가교통정보센터(고속도로),127.1720207,37.50130173
2780,E912096,[세종포천선][포천]남한산성터널(포천6),국가교통정보센터(고속도로),127.1887929,37.44089499
2781,E912097,[세종포천선][포천]남한산성터널(포천8),국가교통정보센터(고속도로),127.1882128,37.44392332
2782,E912098,[세종포천선][포천]능안산터널(포천4),국가교통정보센터(고속도로),127.1924287,37.40892782
2783,E912099,[세종포천선][포천]모현터널(포천1),국가교통정보센터(고속도로),127.2423174,37.30373368
2784,E912100,[세종포천선][포천]문수1터널(포천)-2/7,국가교통정보센터(고속도로),127.2734202,37.16008901
2785,E912101,[세종포천선][포천]문수1터널(포천)-4/7,국가교통정보센터(고속도로),127.2714137,37.16565313
2786,E912102,[세종포천선][포천]문수1터널(포천)-6/7,국가교통정보센터(고속도로),127.2687598,37.17293068
2787,E912103,[세종포천선][포천]문수1터널(포천)-외부1/1,국가교통정보센터(고속도로),127.2766274,37.15274697
2788,E912104,[세종포천선][포천]문수3터널(포천)-2/3,국가교통정보센터(고속도로),127.266144,37.17995579
2789,E912105,[세종포천선][포천]오포1터널(포천2),국가교통정보센터(고속도로),127.2162568,37.36889255
2790,E912106,[세종포천선][포천]오포3터널(포천1),국가교통정보센터(고속도로),127.207378,37.376633
2791,E912108,[세종포천선][포천]운학터널(포천)-10/12,국가교통정보센터(고속도로),127.2704429,37.21230725
2792,E912109,[세종포천선][포천]운학터널(포천)-12/12,국가교통정보센터(고속도로),127.2688828,37.21714042
2793,E912107,[세종포천선][포천]운학터널(포천)-2/12,국가교통정보센터(고속도로),127.2683899,37.19567406
2794,E912110,[세종포천선][포천]운학터널(포천)-4/12,국가교통정보센터(고속도로),127.2696738,37.19879328
2795,E912111,[세종포천선][포천]운학터널(포천)-6/12,국가교통정보센터(고속도로),127.2709541,37.20405249
2796,E912112,[세종포천선][포천]운학터널(포천)-8/12,국가교통정보센터(고속도로),127.2710593,37.20826915
2797,E912115,[세종포천선][포천]포곡1터널(포천)-외부1/1,국가교통정보센터(고속도로),127.2510473,37.25861632
2798,E912113,[세종포천선][포천]포곡1터널(포천2),국가교통정보센터(고속도로),127.2512146,37.26487819
2799,E912114,[세종포천선][포천]포곡1터널(포천6),국가교통정보센터(고속도로),127.2507983,37.2753131
2800,E912116,[세종포천선][포천]포곡2터널(포천2),국가교통정보센터(고속도로),127.2506501,37.2816342
2801,E912117,[세종포천선][포천]포곡2터널(포천6),국가교통정보센터(고속도로),127.2503008,37.29192477
2802,E912118,[세종포천선][포천]해곡터널(포천)-외부1/1,국가교통정보센터(고속도로),127.2654934,37.18710259
2803,E912119,[세종포천선]가율,국가교통정보센터(고속도로),127.3000024,37.05607587
2804,E912120,[세종포천선]가율천교,국가교통정보센터(고속도로),127.2985741,37.05919042
2805,E912121,[세종포천선]강동나들목,국가교통정보센터(고속도로),127.1493215,37.5661414
2806,E912122,[세종포천선]경인천교(포천),국가교통정보센터(고속도로),127.2311312,37.3090475
2807,E912124,[세종포천선]고삼교,국가교통정보센터(고속도로),127.3011484,37.0875315
2808,E912125,[세종포천선]고삼호수휴계소,국가교통정보센터(고속도로),127.2962098,37.06992808
2809,E912123,[세종포천선]곡천교,국가교통정보센터(고속도로),127.3027428,37.03591869
2810,E912126,[세종포천선]구만사(포천),국가교통정보센터(고속도로),127.2234789,37.3160662
2811,E912127,[세종포천선]구사,국가교통정보센터(고속도로),127.3057519,37.02672001
2812,E912128,[세종포천선]남안성분기점,국가교통정보센터(고속도로),127.3139784,36.9775357
2813,E912129,[세종포천선]남용인,국가교통정보센터(고속도로),127.2794664,37.14724837
2814,E912130,[세종포천선]목동,국가교통정보센터(고속도로),127.202443,37.380685
2815,E912131,[세종포천선]목동교,국가교통정보센터(고속도로),127.195734,37.387115
2816,E912132,[세종포천선]문수2터널,국가교통정보센터(고속도로),127.2671465,37.17523201
2817,E912133,[세종포천선]복용인나들목(용인시상수도사업소),국가교통정보센터(고속도로),127.220009,37.363271
2818,E912135,[세종포천선]북용인JC,국가교통정보센터(고속도로),127.250422,37.2767463
2819,E912134,[세종포천선]북용인나들목(매산리),국가교통정보센터(고속도로),127.2204241,37.3289581
2820,E912136,[세종포천선]삼동교,국가교통정보센터(고속도로),127.192601,37.412711
2821,E912137,[세종포천선]서하남분기점1,국가교통정보센터(고속도로),127.1721,37.50655
2822,E912138,[세종포천선]서하남분기점2,국가교통정보센터(고속도로),127.1684,37.51694
2823,E912139,[세종포천선]쌍령터널,국가교통정보센터(고속도로),127.2827247,37.13883377
2824,E912140,[세종포천선]안성맞춤,국가교통정보센터(고속도로),127.3107399,37.01797564
2825,E912141,[세종포천선]양복,국가교통정보센터(고속도로),127.3153367,37.01003404
2826,E912142,[세종포천선]양지졸음쉼터,국가교통정보센터(고속도로),127.254155,37.23741267
2827,E912143,[세종포천선]양지천교,국가교통정보센터(고속도로),127.2590497,37.23108349
2828,E912144,[세종포천선]오포IC(진입로),국가교통정보센터(고속도로),127.2231033,37.3615973
2829,E912145,[세종포천선]용인분기점,국가교통정보센터(고속도로),127.2508342,37.25043982
2830,E912146,[세종포천선]운학터널,국가교통정보센터(고속도로),127.2658478,37.22232829
2831,E912147,[세종포천선]적가,국가교통정보센터(고속도로),127.3024489,37.03938631
2832,E912148,[세종포천선]적가1교,국가교통정보센터(고속도로),127.3023511,37.04768319
2833,E912149,[세종포천선]조령천교,국가교통정보센터(고속도로),127.3184978,37.00287104
2834,E912150,[세종포천선]직동1교,국가교통정보센터(고속도로),127.1915,37.398075
2835,E912151,[세종포천선]처인휴게소,국가교통정보센터(고속도로),127.2207138,37.3564152
2836,E912152,[세종포천선]초이IC,국가교통정보센터(고속도로),127.1619,37.52885
2837,E912154,[세종포천선]추자1교,국가교통정보센터(고속도로),127.2209521,37.35777
2838,E912153,[세종포천선]추자2교,국가교통정보센터(고속도로),127.2202376,37.3360037
2839,E912155,[수도권제1순환선][일산]수리터널(일산외부1),국가교통정보센터(고속도로),126.927207,37.375547
2840,E912156,[수도권제1순환선][일산]수리터널(일산외부2),국가교통정보센터(고속도로),126.905581,37.372735
2841,E912157,[수도권제1순환선][일산]수암터널(일산외부1),국가교통정보센터(고속도로),126.90079,37.37204
2842,E912158,[수도권제1순환선][일산]수암터널(일산외부2),국가교통정보센터(고속도로),126.886426,37.370151
2843,E912160,[수도권제1순환선][퇴계원]광암터널(퇴계원2),국가교통정보센터(고속도로),127.181299,37.517753
2844,E912161,[수도권제1순환선][판교1]광암터널(판교12),국가교통정보센터(고속도로),127.176728,37.516783
2845,E912162,[수도권제1순환선][판교]삼평터널(판교3),국가교통정보센터(고속도로),127.10207,37.407545
2846,E912164,[수도권제1순환선][판교]수리터널(판교외부1),국가교통정보센터(고속도로),126.905572,37.372359
2847,E912163,[수도권제1순환선][판교]수리터널(판교외부2),국가교통정보센터(고속도로),126.926891,37.375251
2848,E912184,[수도권제1순환선][판교]수암터널(판교외부1),국가교통정보센터(고속도로),126.886057,37.369784
2849,E912165,[수도권제1순환선][판교]수암터널(판교외부2),국가교통정보센터(고속도로),126.9005944,37.3716975
2850,E912230,[수도권제1순환선]가천대역BS,국가교통정보센터(고속도로),127.1260556,37.44883333
2851,E912166,[수도권제1순환선]강일,국가교통정보센터(고속도로),127.1655556,37.57333333
2852,E912167,[수도권제1순환선]강일육교,국가교통정보센터(고속도로),127.17495727539,37.5596084594726
2853,E912168,[수도권제1순환선]거여고가교,국가교통정보센터(고속도로),127.1389115,37.49291779
2854,E912231,[수도권제1순환선]계수1교,국가교통정보센터(고속도로),126.81309,37.44125
2855,E912232,[수도권제1순환선]계수4교,국가교통정보센터(고속도로),126.8073028,37.44729444
2856,E912169,[수도권제1순환선]계양,국가교통정보센터(고속도로),126.74789,37.54679
2857,E912185,[수도권제1순환선]고양IC,국가교통정보센터(고속도로),126.8188532,37.65786993
2858,E912186,[수도권제1순환선]공릉천교,국가교통정보센터(고속도로),126.9053421,37.67345428
2859,E912170,[수도권제1순환선]광암터널2,국가교통정보센터(고속도로),127.173364,37.516332
2860,E912171,[수도권제1순환선]광암터널3,국가교통정보센터(고속도로),127.1866667,37.51916667
2861,E912172,[수도권제1순환선]구리,국가교통정보센터(고속도로),127.1412691,37.61559764
2862,E912173,[수도권제1순환선]구리2,국가교통정보센터(고속도로),127.1416711,37.61408599
2863,E912174,[수도권제1순환선]구리영업소,국가교통정보센터(고속도로),127.156692504882,37.5906066894531
2864,E912175,[수도권제1순환선]구리휴게소,국가교통정보센터(고속도로),127.1384383,37.62754006
2865,E912177,[수도권제1순환선]금이2교,국가교통정보센터(고속도로),126.8525438,37.39227378
2866,E912176,[수도권제1순환선]금이3교,국가교통정보센터(고속도로),126.8350219,37.40812567
2867,E912234,[수도권제1순환선]금토,국가교통정보센터(고속도로),127.082311,37.400169
2868,E912178,[수도권제1순환선]김포,국가교통정보센터(고속도로),126.77417,37.59694
2869,E912179,[수도권제1순환선]김포대교(남단),국가교통정보센터(고속도로),126.783454895019,37.6017189025878
2870,E912180,[수도권제1순환선]김포대교(북단),국가교통정보센터(고속도로),126.797859191894,37.6166954040527
2871,E912181,[수도권제1순환선]김포영업소,국가교통정보센터(고속도로),126.7613,37.58696
2872,E912182,[수도권제1순환선]남양주,국가교통정보센터(고속도로),127.1536111,37.60222222
2873,E912187,[수도권제1순환선]내곡교,국가교통정보센터(고속도로),126.8053419,37.64278814
2874,E912188,[수도권제1순환선]노고1터널(일산방향),국가교통정보센터(고속도로),126.946711,37.696746
2875,E912189,[수도권제1순환선]노고1터널(퇴계원방향),국가교통정보센터(고속도로),126.967328,37.707387
2876,E912190,[수도권제1순환선]노고2터널(일산방향),국가교통정보센터(고속도로),126.9413452,37.69298172
2877,E912191,[수도권제1순환선]노고2터널(퇴계원방향),국가교통정보센터(고속도로),126.9421692,37.6935997
2878,E912192,[수도권제1순환선]노오지분기점,국가교통정보센터(고속도로),126.752503,37.568518
2879,E912321,[수도권제1순환선]논곡,국가교통정보센터(고속도로),126.8515361,37.39284167
2880,E912322,[수도권제1순환선]대장교,국가교통정보센터(고속도로),126.80445,37.626168
2881,E912193,[수도권제1순환선]동양-1,국가교통정보센터(고속도로),126.752662658691,37.5623130798339
2882,E912323,[수도권제1순환선]동양동,국가교통정보센터(고속도로),126.75089263916,37.5562438964843
2883,E912194,[수도권제1순환선]별내IC,국가교통정보센터(고속도로),127.1169189,37.6603496
2884,E912324,[수도권제1순환선]복정교,국가교통정보센터(고속도로),127.12556,37.45389
2885,E912195,[수도권제1순환선]불암산TG,국가교통정보센터(고속도로),127.1245924,37.64860884
2886,E912196,[수도권제1순환선]불암터널(일산방향),국가교통정보센터(고속도로),127.1083478,37.67011175
2887,E912197,[수도권제1순환선]불암터널(퇴계원방향),국가교통정보센터(고속도로),127.0881779,37.6751007
2888,E912198,[수도권제1순환선]사패터널(일산방향),국가교통정보센터(고속도로),126.992627,37.722854
2889,E912199,[수도권제1순환선]사패터널(퇴계원방향),국가교통정보센터(고속도로),127.034761,37.712934
2890,E912325,[수도권제1순환선]산본,국가교통정보센터(고속도로),126.93472,37.37611
2891,E912326,[수도권제1순환선]삼산1,국가교통정보센터(고속도로),126.75085,37.51879
2892,E912327,[수도권제1순환선]삼산2,국가교통정보센터(고속도로),126.75042,37.51797
2893,E912200,[수도권제1순환선]삼평1교,국가교통정보센터(고속도로),127.100675,37.407443
2894,E912328,[수도권제1순환선]상일,국가교통정보센터(고속도로),127.181422,37.5457231
2895,E912329,[수도권제1순환선]서운분기점,국가교통정보센터(고속도로),126.75197,37.53357
2896,E912330,[수도권제1순환선]서운분기점1,국가교통정보센터(고속도로),126.751838684082,37.525650024414
2897,E912201,[수도권제1순환선]서하남,국가교통정보센터(고속도로),127.145568847656,37.5064468383789
2898,E912331,[수도권제1순환선]서하남2,국가교통정보센터(고속도로),127.14972,37.51167
2899,E912202,[수도권제1순환선]서하남휴게소,국가교통정보센터(고속도로),127.191360473632,37.5219421386718
2900,E912332,[수도권제1순환선]성남,국가교통정보센터(고속도로),127.12361,37.42889
2901,E912333,[수도권제1순환선]성남삼평교,국가교통정보센터(고속도로),127.119011,37.411874
2902,E912334,[수도권제1순환선]성남삼평교2,국가교통정보센터(고속도로),127.12311553955,37.4186477661132
2903,E912335,[수도권제1순환선]성남영업소,국가교통정보센터(고속도로),127.122947692871,37.4366302490234
2904,E912336,[수도권제1순환선]성남요금소,국가교통정보센터(고속도로),127.12262,37.43909
2905,E912337,[수도권제1순환선]소래터널(일산),국가교통정보센터(고속도로),126.77393,37.45864
2906,E912203,[수도권제1순환선]소래터널-시흥,국가교통정보센터(고속도로),126.784339904785,37.4581565856933
2907,E912338,[수도권제1순환선]송내,국가교통정보센터(고속도로),126.74916,37.48181
2908,E912339,[수도권제1순환선]송내진입,국가교통정보센터(고속도로),126.746894836425,37.4882354736328
2909,E912204,[수도권제1순환선]송추IC,국가교통정보센터(고속도로),126.9726364,37.71132287
2910,E912340,[수도권제1순환선]송파,국가교통정보센터(고속도로),127.12944,37.475
2911,E912341,[수도권제1순환선]송파진입로,국가교통정보센터(고속도로),127.130875,37.47314722
2912,E912205,[수도권제1순환선]수락터널(일산방향),국가교통정보센터(고속도로),127.0855315,37.67738705
2913,E912206,[수도권제1순환선]수락터널(퇴계원방향),국가교통정보센터(고속도로),127.0563465,37.69209726
2914,E912342,[수도권제1순환선]시흥,국가교통정보센터(고속도로),126.7973394,37.45603126
2915,E912343,[수도권제1순환선]시흥TG_일산,국가교통정보센터(고속도로),126.8058694,37.44878056
2916,E912344,[수도권제1순환선]시흥영업소,국가교통정보센터(고속도로),126.803848266601,37.4507255554199
2917,E912345,[수도권제1순환선]시흥하늘휴게소1,국가교통정보센터(고속도로),126.855499267578,37.3836669921875
2918,E912346,[수도권제1순환선]시흥하늘휴게소2,국가교통정보센터(고속도로),126.857559204101,37.3757972717285
2919,E912347,[수도권제1순환선]안양터널,국가교통정보센터(고속도로),126.9470391,37.37926614
2920,E912348,[수도권제1순환선]안현분기점,국가교통정보센터(고속도로),126.817284,37.436757
2921,E912207,[수도권제1순환선]양주TG,국가교통정보센터(고속도로),126.9204359,37.68079826
2922,E912208,[수도권제1순환선]원당천교,국가교통정보센터(고속도로),126.859024,37.66712952
2923,E912349,[수도권제1순환선]위례,국가교통정보센터(고속도로),127.135360717773,37.4817733764648
2924,E912350,[수도권제1순환선]위례2,국가교통정보센터(고속도로),127.1308972,37.47602778
2925,E912209,[수도권제1순환선]의정부IC,국가교통정보센터(고속도로),127.0521159,37.69429847
2926,E912351,[수도권제1순환선]인천대공원,국가교통정보센터(고속도로),126.76350402832,37.4615097045898
2927,E912352,[수도권제1순환선]일산,국가교통정보센터(고속도로),126.8046413,37.63591795
2928,E912353,[수도권제1순환선]일신,국가교통정보센터(고속도로),126.750871,37.478065
2929,E912354,[수도권제1순환선]자유로분기점,국가교통정보센터(고속도로),126.79972,37.61833
2930,E912355,[수도권제1순환선]장수,국가교통정보센터(고속도로),126.75594,37.46442
2931,E912356,[수도권제1순환선]장수2,국가교통정보센터(고속도로),126.75513,37.47267
2932,E912357,[수도권제1순환선]재너머골,국가교통정보센터(고속도로),126.8289369,37.41949685
2933,E912358,[수도권제1순환선]조남2교,국가교통정보센터(고속도로),126.85993,37.373
2934,E912359,[수도권제1순환선]조남3교,국가교통정보센터(고속도로),126.855087280273,37.3872528076171
2935,E912360,[수도권제1순환선]조남분기점,국가교통정보센터(고속도로),126.8719522,37.36860128
2936,E912210,[수도권제1순환선]조남분기점2,국가교통정보센터(고속도로),126.865531921386,37.3696823120117
2937,E912361,[수도권제1순환선]중동,국가교통정보센터(고속도로),126.74727,37.5018
2938,E912362,[수도권제1순환선]중동진입,국가교통정보센터(고속도로),126.74925994873,37.5123062133789
2939,E912363,[수도권제1순환선]중동진출,국가교통정보센터(고속도로),126.748916625976,37.5105285644531
2940,E912364,[수도권제1순환선]청계요금소,국가교통정보센터(고속도로),127.02722,37.39333
2941,E912365,[수도권제1순환선]청계운중교,국가교통정보센터(고속도로),127.062568,37.395054
2942,E912366,[수도권제1순환선]청계운중교2,국가교통정보센터(고속도로),127.076919555664,37.3961105346679
2943,E912367,[수도권제1순환선]청계터널2,국가교통정보센터(고속도로),127.030311584472,37.3933525085449
2944,E912368,[수도권제1순환선]청계터널3(보행자),국가교통정보센터(고속도로),127.0325089,37.3937645
2945,E912369,[수도권제1순환선]청계터널4,국가교통정보센터(고속도로),127.0516667,37.39638889
2946,E912211,[수도권제1순환선]청계휴게소,국가교통정보센터(고속도로),127.022324,37.392828
2947,E912370,[수도권제1순환선]청계휴게소2(보행자),국가교통정보센터(고속도로),127.0157318,37.39256668
2948,E912235,[수도권제1순환선]초일,국가교통정보센터(고속도로),127.187361,37.535144
2949,E912371,[수도권제1순환선]태평,국가교통정보센터(고속도로),127.1228889,37.4405
2950,E912372,[수도권제1순환선]토평,국가교통정보센터(고속도로),127.156631,37.58428
2951,E912212,[수도권제1순환선]통일로IC,국가교통정보센터(고속도로),126.8869537,37.67410796
2952,E912373,[수도권제1순환선]퇴계원,국가교통정보센터(고속도로),127.13361,37.63944
2953,E912374,[수도권제1순환선]판교램프,국가교통정보센터(고속도로),127.0946503,37.40575027
2954,E912375,[수도권제1순환선]판교분기점,국가교통정보센터(고속도로),127.09706,37.40665
2955,E912376,[수도권제1순환선]평촌,국가교통정보센터(고속도로),126.97054,37.38049
2956,E912377,[수도권제1순환선]평촌2,국가교통정보센터(고속도로),126.9814772,37.3807348
2957,E912378,[수도권제1순환선]평촌고가교,국가교통정보센터(고속도로),126.96423,37.38198
2958,E912379,[수도권제1순환선]하남분기점,국가교통정보센터(고속도로),127.19361,37.5325
2959,E912380,[수도권제1순환선]학의분기점,국가교통정보센터(고속도로),126.99123,37.38482
2960,E912213,[수도권제2순환선(봉담동탄)]동탄JC(동탄),국가교통정보센터(고속도로),127.094965,37.177608
2961,E912159,[수도권제2순환선(봉담동탄)]필봉산터널(동탄),국가교통정보센터(고속도로),127.0738395,37.1806966
2962,E912183,[수도권제2순환선(봉담동탄)]필봉산터널(봉담),국가교통정보센터(고속도로),127.0703261,37.182124
2963,E912214,[수도권제2순환선(봉담송산)]남봉담IC,국가교통정보센터(고속도로),126.9399729,37.20227977
2964,E912215,[수도권제2순환선(봉담송산)]남비봉IC,국가교통정보센터(고속도로),126.8823581,37.1992413
2965,E912216,[수도권제2순환선(봉담송산)]남비봉팔탄,국가교통정보센터(고속도로),126.8915819,37.2001884
2966,E912217,[수도권제2순환선(봉담송산)]남양졸음쉼터,국가교통정보센터(고속도로),126.8477899,37.18891609
2967,E912219,[수도권제2순환선(봉담송산)]마도IC,국가교통정보센터(고속도로),126.7835046,37.18784227
2968,E912218,[수도권제2순환선(봉담송산)]마도JCT,국가교통정보센터(고속도로),126.7738175,37.19162333
2969,E912220,[수도권제2순환선(봉담송산)]봉담터널,국가교통정보센터(고속도로),126.9051303,37.20661443
2970,E912221,[수도권제2순환선(봉담송산)]봉담터널입구(송산),국가교통정보센터(고속도로),126.9211845,37.20902611
2971,E912222,[수도권제2순환선(봉담송산)]봉담터널출구(봉담),국가교통정보센터(고속도로),126.9211617,37.20920491
2972,E912223,[수도권제2순환선(봉담송산)]신남교,국가교통정보센터(고속도로),126.82933,37.18722346
2973,E912224,[수도권제2순환선(봉담송산)]청요요금소,국가교통정보센터(고속도로),126.9048165,37.20627039
2974,E912225,[수도권제2순환선(봉담송산)]팔탄분기A,국가교통정보센터(고속도로),126.8711871,37.19078251
2975,E912226,[수도권제2순환선(봉담송산)]팔탄분기B,국가교통정보센터(고속도로),126.8711871,37.19078251
2976,E912227,[수도권제2순환선(봉담송산)]화성IC,국가교통정보센터(고속도로),126.8144192,37.18882815
2977,E912228,[수도권제2순환선(봉담송산)]화성JCT,국가교통정보센터(고속도로),126.9629339,37.19684103
2978,E912229,[수도권제2순환선(봉담송산)]화성분기,국가교통정보센터(고속도로),126.9560406,37.19779201
2979,E912233,[수도권제2순환선(봉담송산)]화성호교,국가교통정보센터(고속도로),126.7948306,37.18868414
2980,E912383,[수도권제2순환선(파주양주)][양주]광적1터널(양주)-12/32,국가교통정보센터(고속도로),126.9155934,37.83514417
2981,E912384,[수도권제2순환선(파주양주)][양주]광적1터널(양주)-13/32,국가교통정보센터(고속도로),126.9191369,37.83511644
2982,E912385,[수도권제2순환선(파주양주)][양주]광적1터널(양주)-16/32,국가교통정보센터(고속도로),126.9226805,37.8354331
2983,E912386,[수도권제2순환선(파주양주)][양주]광적1터널(양주)-18/32,국가교통정보센터(고속도로),126.926224,37.83583057
2984,E912382,[수도권제2순환선(파주양주)][양주]광적1터널(양주)-2/32,국가교통정보센터(고속도로),126.8996475,37.83795958
2985,E912387,[수도권제2순환선(파주양주)][양주]광적1터널(양주)-20/32,국가교통정보센터(고속도로),126.9315393,37.83657933
2986,E912388,[수도권제2순환선(파주양주)][양주]광적1터널(양주)-22/32,국가교통정보센터(고속도로),126.9350828,37.83718785
2987,E912389,[수도권제2순환선(파주양주)][양주]광적1터널(양주)-24/32,국가교통정보센터(고속도로),126.9368546,37.83752895
2988,E912390,[수도권제2순환선(파주양주)][양주]광적1터널(양주)-25/32,국가교통정보센터(고속도로),126.9421699,37.83873235
2989,E912391,[수도권제2순환선(파주양주)][양주]광적1터널(양주)-26/32,국가교통정보센터(고속도로),126.9403981,37.83829721
2990,E912392,[수도권제2순환선(파주양주)][양주]광적1터널(양주)-28/32,국가교통정보센터(고속도로),126.9457134,37.83974005
2991,E912394,[수도권제2순환선(파주양주)][양주]광적1터널(양주)-32/32,국가교통정보센터(고속도로),126.9528005,37.84392154
2992,E912393,[수도권제2순환선(파주양주)][양주]광적1터널(양주)-4/32,국가교통정보센터(고속도로),126.903191,37.83587833
2993,E912395,[수도권제2순환선(파주양주)][양주]광적1터널(양주)-6/32,국가교통정보센터(고속도로),126.9049628,37.83557101
2994,E912396,[수도권제2순환선(파주양주)][양주]광적1터널(양주)-8/32,국가교통정보센터(고속도로),126.9085063,37.83523518
2995,E912381,[수도권제2순환선(파주양주)][양주]광적1터널(양주입구부),국가교통정보센터(고속도로),126.897734,37.837737
2996,E912397,[수도권제2순환선(파주양주)][양주]광적2터널(양주)-1/2,국가교통정보센터(고속도로),126.956344,37.844319
2997,E912398,[수도권제2순환선(파주양주)][양주]법원터널(양주)-2/2,국가교통정보센터(고속도로),126.88935,37.835908
2998,E912399,[수도권제2순환선(파주양주)][양주]은현1터널(양주입구부),국가교통정보센터(고속도로),126.999686,37.849405
2999,E912400,[수도권제2순환선(파주양주)][양주]은현1터널(양주출구부),국가교통정보센터(고속도로),127.013584,37.853556
3000,E912401,[수도권제2순환선(파주양주)][양주]은현2터널(양주)-1/2,국가교통정보센터(고속도로),127.017617,37.853962
3001,E912402,[수도권제2순환선(파주양주)][양주]은현3터널(양주),국가교통정보센터(고속도로),127.0403358,37.85514662
3002,E912415,[수도권제2순환선(파주양주)][파주]광적1터널(파주)-1/32,국가교통정보센터(고속도로),126.9510287,37.84194112
3003,E912404,[수도권제2순환선(파주양주)][파주]광적1터널(파주)-10/32,국가교통정보센터(고속도로),126.9297675,37.83630883
3004,E912405,[수도권제2순환선(파주양주)][파주]광적1터널(파주)-12/32,국가교통정보센터(고속도로),126.933311,37.83687191
3005,E912406,[수도권제2순환선(파주양주)][파주]광적1터널(파주)-15/32,국가교통정보센터(고속도로),126.9279958,37.83605945
3006,E912407,[수도권제2순환선(파주양주)][파주]광적1터널(파주)-17/32,국가교통정보센터(고속도로),126.9244522,37.83562183
3007,E912408,[수도권제2순환선(파주양주)][파주]광적1터널(파주)-19/32,국가교통정보센터(고속도로),126.9209087,37.83526452
3008,E912411,[수도권제2순환선(파주양주)][파주]광적1터널(파주)-21/32,국가교통정보센터(고속도로),126.9173652,37.83520053
3009,E912410,[수도권제2순환선(파주양주)][파주]광적1터널(파주)-22/32,국가교통정보센터(고속도로),126.9138216,37.83511538
3010,E912412,[수도권제2순환선(파주양주)][파주]광적1터널(파주)-24/32,국가교통정보센터(고속도로),126.9102781,37.83515517
3011,E912413,[수도권제2순환선(파주양주)][파주]광적1터널(파주)-27/32,국가교통정보센터(고속도로),126.9067346,37.83536795
3012,E912414,[수도권제2순환선(파주양주)][파주]광적1터널(파주)-29/32,국가교통정보센터(고속도로),126.9014193,37.83637663
3013,E912416,[수도권제2순환선(파주양주)][파주]광적1터널(파주)-3/32,국가교통정보센터(고속도로),126.9474852,37.84034058
3014,E912409,[수도권제2순환선(파주양주)][파주]광적1터널(파주)-31/32,국가교통정보센터(고속도로),126.8978757,37.83776085
3015,E912417,[수도권제2순환선(파주양주)][파주]광적1터널(파주)-5/32,국가교통정보센터(고속도로),126.9439416,37.83920981
3016,E912418,[수도권제2순환선(파주양주)][파주]광적1터널(파주)-9/32,국가교통정보센터(고속도로),126.9386263,37.83789763
3017,E912403,[수도권제2순환선(파주양주)][파주]광적1터널(파주출구부),국가교통정보센터(고속도로),126.892473,37.837136
3018,E912420,[수도권제2순환선(파주양주)][파주]광적2터널(파주)-1/2,국가교통정보센터(고속도로),126.957356,37.84473
3019,E912419,[수도권제2순환선(파주양주)][파주]광적2터널(파주입구부),국가교통정보센터(고속도로),126.967615,37.847899
3020,E912421,[수도권제2순환선(파주양주)][파주]은현1터널(파주),국가교통정보센터(고속도로),127.0091257,37.85289708
3021,E912423,[수도권제2순환선(파주양주)][파주]은현2터널(파주)-2/2,국가교통정보센터(고속도로),127.016484,37.853897
3022,E912422,[수도권제2순환선(파주양주)][파주]은현2터널(파주입구부),국가교통정보센터(고속도로),127.02807,37.853811
3023,E912424,[수도권제2순환선(파주양주)][파주]은현3터널(파주),국가교통정보센터(고속도로),127.0400632523227,37.85544853
3024,E912425,[수도권제2순환선(파주양주)]덕도2교전방(파주방향),국가교통정보센터(고속도로),126.976221,37.848323
3025,E912426,[수도권제2순환선(파주양주)]북양주IC(파주방향),국가교통정보센터(고속도로),127.051204,37.857305
3026,E912427,[수도권제2순환선(파주양주)]삼방3교전방,국가교통정보센터(고속도로),126.881231,37.832469
3027,E912428,[수도권제2순환선(파주양주)]신천교후방(양주방향),국가교통정보센터(고속도로),126.992998,37.847765
3028,E912430,[수도권제2순환선(파주양주)]양주졸음쉼터1(양주방향),국가교통정보센터(고속도로),126.9972041,37.84890021
3029,E912431,[수도권제2순환선(파주양주)]양주졸음쉼터2(양주방향),국가교통정보센터(고속도로),126.997645,37.84859102
3030,E912429,[수도권제2순환선(파주양주)]양주졸음쉼터2(파주방향),국가교통정보센터(고속도로),126.9979771,37.84874533
3031,E912432,[수도권제2순환선(파주양주)]용암2교전방(양주방향),국가교통정보센터(고속도로),127.037167,37.8544
3032,E912433,[수도권제2순환선(파주양주)]회암천교후방(양주방향),국가교통정보센터(고속도로),127.0679,37.85426
3033,E912434,[수도권제2순환선(파주양주)]회천3교전방(파주방향),국가교통정보센터(고속도로),127.080774,37.847639
3034,E912236,[수도권제2순환선(화성광주)]노곡터널,국가교통정보센터(고속도로),127.3550038,37.30649045
3035,E912237,[수도권제2순환선(화성광주)]대대교,국가교통정보센터(고속도로),127.2644632,37.26759249
3036,E912238,[수도권제2순환선(화성광주)]도척IC,국가교통정보센터(고속도로),127.3366017,37.29246358
3037,E912239,[수도권제2순환선(화성광주)]도척면방도리,국가교통정보센터(고속도로),127.3288949,37.28798868
3038,E912240,[수도권제2순환선(화성광주)]도척면유정리,국가교통정보센터(고속도로),127.3477546,37.30065886
3039,E912242,[수도권제2순환선(화성광주)]동탄IC,국가교통정보센터(고속도로),127.1358312,37.20612617
3040,E912241,[수도권제2순환선(화성광주)]동탄JC,국가교통정보센터(고속도로),127.0997279,37.17765147
3041,E912243,[수도권제2순환선(화성광주)]동탄터널,국가교통정보센터(고속도로),127.1234345,37.19373111
3042,E912244,[수도권제2순환선(화성광주)]무봉산터널,국가교통정보센터(고속도로),127.1392732,37.20889652
3043,E912245,[수도권제2순환선(화성광주)]삼가교,국가교통정보센터(고속도로),127.1718979,37.25398474
3044,E912246,[수도권제2순환선(화성광주)]삼가터널,국가교통정보센터(고속도로),127.1846981,37.2680762
3045,E912247,[수도권제2순환선(화성광주)]서용인IC,국가교통정보센터(고속도로),127.1562492,37.2431886
3046,E912248,[수도권제2순환선(화성광주)]서용인JCT,국가교통정보센터(고속도로),127.1912454,37.27095793
3047,E912249,[수도권제2순환선(화성광주)]신리3교,국가교통정보센터(고속도로),127.1123974,37.18047609
3048,E912250,[수도권제2순환선(화성광주)]양지면정수리,국가교통정보센터(고속도로),127.2970657,37.27336856
3049,E912251,[수도권제2순환선(화성광주)]옥골교,국가교통정보센터(고속도로),127.3482738,37.30181045
3050,E912252,[수도권제2순환선(화성광주)]정수터널,국가교통정보센터(고속도로),127.2911118,37.26844459
3051,E912253,[수도권제2순환선(화성광주)]지곡터널,국가교통정보센터(고속도로),127.1505551,37.23166034
3052,E912254,[수도권제2순환선(화성광주)]포곡2교,국가교통정보센터(고속도로),127.2367161,37.27440295
3053,E912255,[수도권제2순환선(화성광주)]포곡IC,국가교통정보센터(고속도로),127.213168,37.2794037
3054,E912256,[수도권제2순환선(화성광주)]포곡영업소,국가교통정보센터(고속도로),127.2193633,37.2773475
3055,E912257,[수도권제2순환선(화성광주)]포곡읍영문리,국가교통정보센터(고속도로),127.2020606,37.2745223
3056,E912435,[수도권제2순환선][창원]문안산터널(창원18),국가교통정보센터(고속도로),127.3215314,37.61080364
3057,E912436,[수도권제2순환선][창원]문안산터널(창원8),국가교통정보센터(고속도로),127.3195014,37.6211378
3058,E912437,[수도권제2순환선][창원]문안산터널(창원외부),국가교통정보센터(고속도로),127.3180456,37.63017381
3059,E912444,[수도권제2순환선][창원]양서1터널(창원2),국가교통정보센터(고속도로),127.424265,37.529564
3060,E912441,[수도권제2순환선][창원]양서2터널(창원14),국가교통정보센터(고속도로),127.403855,37.543771
3061,E912442,[수도권제2순환선][창원]양서2터널(창원3),국가교통정보센터(고속도로),127.389862,37.558182
3062,E912443,[수도권제2순환선][창원]양서2터널(창원외부2),국가교통정보센터(고속도로),127.4147488,37.53486021
3063,E912439,[수도권제2순환선][창원]양서3터널(중분대외부),국가교통정보센터(고속도로),127.3821217,37.56313085
3064,E912440,[수도권제2순환선][창원]양서3터널(창원8),국가교통정보센터(고속도로),127.37354,37.5671
3065,E912438,[수도권제2순환선][창원]양서4터널(창원3),국가교통정보센터(고속도로),127.348006,37.579627
3066,E912445,[수도권제2순환선][창원]옥천터널(창원3),국가교통정보센터(고속도로),127.434271,37.526509
3067,E912446,[수도권제2순환선][화도]문안산터널(화도12),국가교통정보센터(고속도로),127.3215876,37.61229617
3068,E912447,[수도권제2순환선][화도]문안산터널(화도20),국가교통정보센터(고속도로),127.3223203,37.60897367
3069,E912448,[수도권제2순환선][화도]문안산터널(화도4),국가교통정보센터(고속도로),127.3196252,37.62237046
3070,E912451,[수도권제2순환선][화도]양서1터널(화도2),국가교통정보센터(고속도로),127.422569,37.530576
3071,E912449,[수도권제2순환선][화도]양서2터널(화도14),국가교통정보센터(고속도로),127.395555,37.552918
3072,E912456,[수도권제2순환선][화도]양서2터널(화도6),국가교통정보센터(고속도로),127.405039,37.543184
3073,E912450,[수도권제2순환선][화도]양서2터널(화도외부1),국가교통정보센터(고속도로),127.4149,37.5351
3074,E912454,[수도권제2순환선][화도]양서3터널(화도7),국가교통정보센터(고속도로),127.372119,37.568041
3075,E912455,[수도권제2순환선][화도]양서3터널(화도외부),국가교통정보센터(고속도로),127.3801243,37.56431309
3076,E912452,[수도권제2순환선][화도]양서4터널(중분대외부),국가교통정보센터(고속도로),127.3523,37.5773
3077,E912453,[수도권제2순환선][화도]양서4터널(화도3),국가교통정보센터(고속도로),127.346501,37.580905
3078,E912458,[수도권제2순환선][화도]옥천터널(중분대외부1),국가교통정보센터(고속도로),127.441113,37.524717
3079,E912457,[수도권제2순환선][화도]옥천터널(중분대외부2),국가교통정보센터(고속도로),127.4285,37.5282
3080,E912459,[수도권제2순환선][화도]옥천터널(화도3),국가교통정보센터(고속도로),127.43256,37.527219
3081,E912258,[수도권제2순환선]고모IC(포천)1.9,국가교통정보센터(고속도로),127.161691,37.80736
3082,E912259,[수도권제2순환선]고모IC(포천)2.91,국가교통정보센터(고속도로),127.169377,37.801963
3083,E912260,[수도권제2순환선]고모IC(화도)1.9,국가교통정보센터(고속도로),127.161949,37.807101
3084,E912261,[수도권제2순환선]고모IC(화도)2.91,국가교통정보센터(고속도로),127.169243,37.801951
3085,E912262,[수도권제2순환선]내촌IC(포천)7.1,국가교통정보센터(고속도로),127.213187,37.785687
3086,E912263,[수도권제2순환선]내촌IC(포천)8.06,국가교통정보센터(고속도로),127.221056,37.780257
3087,E912264,[수도권제2순환선]내촌IC(포천)8.8,국가교통정보센터(고속도로),127.226512,37.775966
3088,E912265,[수도권제2순환선]내촌IC(포천)9.9,국가교통정보센터(고속도로),127.237141,37.770682
3089,E912266,[수도권제2순환선]내촌IC(화도)7.1,국가교통정보센터(고속도로),127.212758,37.785742
3090,E912267,[수도권제2순환선]내촌IC(화도)8.06,국가교통정보센터(고속도로),127.221091,37.780511
3091,E912268,[수도권제2순환선]내촌IC(화도)8.8,국가교통정보센터(고속도로),127.226493,37.775724
3092,E912269,[수도권제2순환선]내촌IC(화도)9.9,국가교통정보센터(고속도로),127.236701,37.770445
3093,E912270,[수도권제2순환선]달뫼IC(포천)25.5,국가교통정보센터(고속도로),127.329624,37.661152
3094,E912271,[수도권제2순환선]달뫼IC(포천)26.38,국가교통정보센터(고속도로),127.326452,37.653434
3095,E912272,[수도권제2순환선]달뫼IC(화도)25.5,국가교통정보센터(고속도로),127.329884,37.662063
3096,E912273,[수도권제2순환선]달뫼IC(화도)26.38,국가교통정보센터(고속도로),127.325876,37.653461
3097,E912274,[수도권제2순환선]달뫼터널(포천)23.67,국가교통정보센터(고속도로),127.332006,37.67661
3098,E912275,[수도권제2순환선]달뫼터널(포천)23.9,국가교통정보센터(고속도로),127.332221,37.675804
3099,E912276,[수도권제2순환선]달뫼터널(포천)24.37,국가교통정보센터(고속도로),127.33297,37.671286
3100,E912277,[수도권제2순환선]달뫼터널(화도)23.9,국가교통정보센터(고속도로),127.332152,37.674757
3101,E912278,[수도권제2순환선]달뫼터널(화도)24.36,국가교통정보센터(고속도로),127.332683,37.671724
3102,E912279,[수도권제2순환선]달뫼터널(화도)24.82,국가교통정보센터(고속도로),127.332158,37.667119
3103,E912280,[수도권제2순환선]소흘JC(포천)0.45,국가교통정보센터(고속도로),127.145333,37.812937
3104,E912281,[수도권제2순환선]소흘JC(화도)0.45,국가교통정보센터(고속도로),127.145454,37.813004
3105,E912282,[수도권제2순환선]수동IC(포천)20.58,국가교통정보센터(고속도로),127.321208,37.701237
3106,E912283,[수도권제2순환선]수동IC(포천)22.2,국가교통정보센터(고속도로),127.328908,37.689491
3107,E912284,[수도권제2순환선]수동IC(포천)23.02,국가교통정보센터(고속도로),127.329964,37.682211
3108,E912285,[수도권제2순환선]수동IC(화도)20.58,국가교통정보센터(고속도로),127.320678,37.701654
3109,E912286,[수도권제2순환선]수동IC(화도)22.2,국가교통정보센터(고속도로),127.32897,37.69097
3110,E912287,[수도권제2순환선]수동IC(화도)23.02,국가교통정보센터(고속도로),127.329901,37.682742
3111,E912288,[수도권제2순환선]수동터널(포천)10.63,국가교통정보센터(고속도로),127.244601,37.765618
3112,E912289,[수도권제2순환선]수동터널(포천)11.75,국가교통정보센터(고속도로),127.254171,37.759551
3113,E912290,[수도권제2순환선]수동터널(포천)12.88,국가교통정보센터(고속도로),127.264404,37.753061
3114,E912291,[수도권제2순환선]수동터널(포천)13.56,국가교통정보센터(고속도로),127.270052,37.749396
3115,E912292,[수도권제2순환선]수동터널(화도)11.08,국가교통정보센터(고속도로),127.245251,37.764827
3116,E912293,[수도권제2순환선]수동터널(화도)12.43,국가교통정보센터(고속도로),127.257441,37.757108
3117,E912294,[수도권제2순환선]수동터널(화도)13.11,국가교통정보센터(고속도로),127.263405,37.753329
3118,E912295,[수도권제2순환선]수동휴게소IC(포천)14.19,국가교통정보센터(고속도로),127.274581,37.745246
3119,E912296,[수도권제2순환선]수동휴게소IC(포천)17.2,국가교통정보센터(고속도로),127.295976,37.725136
3120,E912297,[수도권제2순환선]수동휴게소IC(화도)16,국가교통정보센터(고속도로),127.287325,37.735257
3121,E912298,[수도권제2순환선]수동휴게소IC(화도)18.59,국가교통정보센터(고속도로),127.307467,37.715459
3122,E912299,[수도권제2순환선]운수터널(포천)19.19,국가교통정보센터(고속도로),127.309866,37.713048
3123,E912300,[수도권제2순환선]운수터널(포천)19.8,국가교통정보센터(고속도로),127.313843,37.708642
3124,E912301,[수도권제2순환선]운수터널(화도)19.4,국가교통정보센터(고속도로),127.313048,37.709814
3125,E912302,[수도권제2순환선]운수터널(화도)19.98,국가교통정보센터(고속도로),127.316884,37.705708
3126,E912460,[수도권제2순환선]조안IC,국가교통정보센터(고속도로),127.3334,37.5918
3127,E912461,[수도권제2순환선]조안IC(램프2),국가교통정보센터(고속도로),127.3309,37.5923
3128,E912462,[수도권제2순환선]조안IC(램프3),국가교통정보센터(고속도로),127.3332,37.5891
3129,E912303,[수도권제2순환선]진목터널(포천)3.54,국가교통정보센터(고속도로),127.180189,37.801158
3130,E912304,[수도권제2순환선]진목터널(포천)3.99,국가교통정보센터(고속도로),127.185696,37.801037
3131,E912305,[수도권제2순환선]진목터널(포천)4.45,국가교통정보센터(고속도로),127.189979,37.800323
3132,E912306,[수도권제2순환선]진목터널(포천)4.9,국가교통정보센터(고속도로),127.19332,37.799271
3133,E912307,[수도권제2순환선]진목터널(포천)5.36,국가교통정보센터(고속도로),127.198431,37.796509
3134,E912308,[수도권제2순환선]진목터널(포천)6.26,국가교통정보센터(고속도로),127.204706,37.790571
3135,E912309,[수도권제2순환선]진목터널(화도)3.77,국가교통정보센터(고속도로),127.177791,37.800913
3136,E912310,[수도권제2순환선]진목터널(화도)4.22,국가교통정보센터(고속도로),127.183247,37.800934
3137,E912311,[수도권제2순환선]진목터널(화도)4.67,국가교통정보센터(고속도로),127.188598,37.800404
3138,E912312,[수도권제2순환선]진목터널(화도)5.12,국가교통정보센터(고속도로),127.193954,37.798769
3139,E912313,[수도권제2순환선]진목터널(화도)5.8,국가교통정보센터(고속도로),127.200388,37.794569
3140,E912314,[수도권제2순환선]창현터널(포천)27.13,국가교통정보센터(고속도로),127.325529,37.647131
3141,E912315,[수도권제2순환선]창현터널(포천)27.83,국가교통정보센터(고속도로),127.322048,37.640563
3142,E912316,[수도권제2순환선]창현터널(화도)27.59,국가교통정보센터(고속도로),127.323509,37.643305
3143,E912317,[수도권제2순환선]화도JC(포천)28.22,국가교통정보센터(고속도로),127.320045,37.637741
3144,E912318,[수도권제2순환선]화도JC(포천)28.61,국가교통정보센터(고속도로),127.319068,37.635674
3145,E912319,[수도권제2순환선]화도JC(화도)28.22,국가교통정보센터(고속도로),127.319714,37.637675
3146,E912320,[수도권제2순환선]화도JC(화도)28.61,국가교통정보센터(고속도로),127.318839,37.635724
3147,E912463,[수원광명선]광명구봉산터널,국가교통정보센터(고속도로),126.930438,37.314248
3148,E912464,[수원광명선]광명금곡지하차도,국가교통정보센터(고속도로),126.948743,37.256418
3149,E912465,[수원광명선]광명수리산1터널,국가교통정보센터(고속도로),126.913532,37.343
3150,E912466,[수원광명선]광명수리산2터널,국가교통정보센터(고속도로),126.893701,37.359852
3151,E912467,[수원광명선]광명수리산3터널,국가교통정보센터(고속도로),126.880264,37.373529
3152,E912468,[수원광명선]구봉산터널입구_광명방향,국가교통정보센터(고속도로),126.931884,37.308318
3153,E912469,[수원광명선]구봉산터널입구_수원방향,국가교통정보센터(고속도로),126.927776,37.318354
3154,E912470,[수원광명선]금곡IC,국가교통정보센터(고속도로),126.94956,37.284557
3155,E912471,[수원광명선]금곡지하차도입구,국가교통정보센터(고속도로),126.949013,37.254008
3156,E912472,[수원광명선]남광명JC,국가교통정보센터(고속도로),126.857253,37.412084
3157,E912473,[수원광명선]남군포IC,국가교통정보센터(고속도로),126.925326,37.326702
3158,E912474,[수원광명선]동시흥JC,국가교통정보센터(고속도로),126.863,37.396916
3159,E912475,[수원광명선]동안산당수IC,국가교통정보센터(고속도로),126.938067,37.299544
3160,E912476,[수원광명선]성채터널,국가교통정보센터(고속도로),126.867815,37.415227
3161,E912477,[수원광명선]성채터널(광명),국가교통정보센터(고속도로),126.878799,37.423149
3162,E912478,[수원광명선]성채터널(수원),국가교통정보센터(고속도로),126.884954,37.427794
3163,E912479,[수원광명선]성채터널앞,국가교통정보센터(고속도로),126.864155,37.414708
3164,E912480,[수원광명선]소하IC,국가교통정보센터(고속도로),126.894282,37.436102
3165,E912481,[수원광명선]수리산1터널입구,국가교통정보센터(고속도로),126.919174,37.336738
3166,E912482,[수원광명선]수리산2터널앞,국가교통정보센터(고속도로),126.905594,37.349623
3167,E912483,[수원광명선]수리산3터널,국가교통정보센터(고속도로),126.8764,37.379488
3168,E912484,[수원광명선]수리산3터널앞,국가교통정보센터(고속도로),126.882289,37.370854
3169,E912485,[수원광명선]수원구봉산터널,국가교통정보센터(고속도로),126.930667,37.314227
3170,E912486,[수원광명선]수원금곡지하차도,국가교통정보센터(고속도로),126.949553,37.268952
3171,E912487,[수원광명선]수원수리산1터널,국가교통정보센터(고속도로),126.910426,37.345
3172,E912488,[수원광명선]수원수리산2터널,국가교통정보센터(고속도로),126.897898,37.356393
3173,E912489,[수원광명선]수원수리산3터널,국가교통정보센터(고속도로),126.879637,37.374084
3174,E912490,[수원광명선]시점,국가교통정보센터(고속도로),126.95378,37.23354
3175,E912491,[수원광명선]양달2교,국가교통정보센터(고속도로),126.869926,37.385633
3176,E912492,[순천완주선][순천]구례1터널(순천외부1),국가교통정보센터(고속도로),127.452141,35.190911
3177,E912493,[순천완주선][순천]구례2터널(순천외부1),국가교통정보센터(고속도로),127.439231,35.230717
3178,E912494,[순천완주선][순천]사매2터널(외부순천1),국가교통정보센터(고속도로),127.319727,35.477581
3179,E912495,[순천완주선][순천]서면2터널(순천외부1),국가교통정보센터(고속도로),127.503201,35.045482
3180,E912496,[순천완주선][순천]서면4터널(순천외부1),국가교통정보센터(고속도로),127.500113,35.055637
3181,E912497,[순천완주선][순천]서면5터널(순천외부1),국가교통정보센터(고속도로),127.479727,35.078818
3182,E912498,[순천완주선][순천]슬치터널(순천3),국가교통정보센터(고속도로),127.258152,35.700716
3183,E912500,[순천완주선][순천]오수2터널(외부순천1),국가교통정보센터(고속도로),127.326371,35.593085
3184,E912499,[순천완주선][순천]오수2터널(외부순천2),국가교통정보센터(고속도로),127.321674,35.580561
3185,E912502,[순천완주선][순천]용방2터널(순천외부1),국가교통정보센터(고속도로),127.40379,35.284102
3186,E912501,[순천완주선][순천]용방2터널(순천외부2),국가교통정보센터(고속도로),127.403611,35.284707
3187,E912503,[순천완주선][순천]천마터널(순천외부1),국가교통정보센터(고속도로),127.374501,35.318622
3188,E912504,[순천완주선][순천]황전3터널(순천외부1),국가교통정보센터(고속도로),127.444993,35.166373
3189,E912505,[순천완주선][완주]구례1터널(완주외부1),국가교통정보센터(고속도로),127.446106,35.173069
3190,E912506,[순천완주선][완주]사매1터널(외부완주1),국가교통정보센터(고속도로),127.325149,35.468444
3191,E912507,[순천완주선][완주]사매4터널(외부완주1),국가교통정보센터(고속도로),127.313133,35.492002
3192,E912508,[순천완주선][완주]사매4터널(외부완주2),국가교통정보센터(고속도로),127.313062,35.492978
3193,E912509,[순천완주선][완주]서면2터널(완주외부1),국가교통정보센터(고속도로),127.507041,35.029083
3194,E912510,[순천완주선][완주]서면3터널(완주외부1),국가교통정보센터(고속도로),127.501849,35.048419
3195,E912511,[순천완주선][완주]서면5터널(완주외부1),국가교통정보센터(고속도로),127.498562,35.059892
3196,E912512,[순천완주선][완주]신리3터널(완주외부),국가교통정보센터(고속도로),127.200164,35.795117
3197,E912513,[순천완주선][완주]천마터널(완주외부1),국가교통정보센터(고속도로),127.403639,35.284712
3198,E912514,[순천완주선][완주]황전1터널(완주외부1),국가교통정보센터(고속도로),127.477955,35.084508
3199,E912516,[순천완주선]관촌SA용1,국가교통정보센터(고속도로),127.265735,35.690515
3200,E912515,[순천완주선]관촌SA용2,국가교통정보센터(고속도로),127.270006,35.688431
3201,E912517,[순천완주선]관촌휴게소,국가교통정보센터(고속도로),127.271425,35.687383
3202,E912518,[순천완주선]구례,국가교통정보센터(고속도로),127.418089,35.251389
3203,E912519,[순천완주선]구례2터널완주외부#1,국가교통정보센터(고속도로),127.447065,35.211234
3204,E912520,[순천완주선]구억교,국가교통정보센터(고속도로),127.179763793945,35.8706665039062
3205,E912521,[순천완주선]군평,국가교통정보센터(고속도로),127.32158,35.578818
3206,E912522,[순천완주선]남원분기점,국가교통정보센터(고속도로),127.307357,35.405321
3207,E912523,[순천완주선]내구,국가교통정보센터(고속도로),127.462997436523,35.1222229003906
3208,E912524,[순천완주선]대명,국가교통정보센터(고속도로),127.322799682617,35.5623512268066
3209,E912525,[순천완주선]대치교,국가교통정보센터(고속도로),127.463519,35.128611
3210,E912527,[순천완주선]덕진1터널외부순천#1,국가교통정보센터(고속도로),127.189911,35.830919
3211,E912526,[순천완주선]덕진1터널외부순천#2,국가교통정보센터(고속도로),127.191112,35.816424
3212,E912528,[순천완주선]덕진3터널,국가교통정보센터(고속도로),127.188492,35.837601
3213,E912529,[순천완주선]덕천1교,국가교통정보센터(고속도로),127.294129,35.669556
3214,E912530,[순천완주선]도봉교,국가교통정보센터(고속도로),127.302939,35.659042
3215,E912531,[순천완주선]동순천,국가교통정보센터(고속도로),127.552338,34.949028
3216,E912532,[순천완주선]동전주,국가교통정보센터(고속도로),127.1895234,35.84586272
3217,E912533,[순천완주선]모전2교,국가교통정보센터(고속도로),127.463047,35.110833
3218,E912534,[순천완주선]봉강,국가교통정보센터(고속도로),127.334927,35.604722
3219,E912535,[순천완주선]북남원,국가교통정보센터(고속도로),127.311889,35.436389
3220,E912536,[순천완주선]산수교,국가교통정보센터(고속도로),127.449211120605,35.2004203796386
3221,E912537,[순천완주선]산정,국가교통정보센터(고속도로),127.36748,35.322557
3222,E912538,[순천완주선]삼청,국가교통정보센터(고속도로),127.334838867187,35.6155776977539
3223,E912539,[순천완주선]삼청2교,국가교통정보센터(고속도로),127.331047058105,35.5994644165039
3224,E912540,[순천완주선]상관,국가교통정보센터(고속도로),127.219863,35.754747
3225,E912541,[순천완주선]상용교,국가교통정보센터(고속도로),127.423179626464,35.2456512451171
3226,E912542,[순천완주선]서남원,국가교통정보센터(고속도로),127.3378387,35.36109363
3227,E912543,[순천완주선]서면1터널순천#5,국가교통정보센터(고속도로),127.516185,35.016018
3228,E912544,[순천완주선]서면1터널순천외부#1,국가교통정보센터(고속도로),127.5103,35.02361
3229,E912545,[순천완주선]서면1터널완주#5,국가교통정보센터(고속도로),127.518041,35.013742
3230,E912546,[순천완주선]서면1터널완주외부#1,국가교통정보센터(고속도로),127.52262,35.00612
3231,E912547,[순천완주선]서면5터널순천#5,국가교통정보센터(고속도로),127.4905,35.06629
3232,E912548,[순천완주선]서면5터널완주#5,국가교통정보센터(고속도로),127.48991,35.06656
3233,E912549,[순천완주선]서면교,국가교통정보센터(고속도로),127.527015686035,35.000072479248
3234,E912550,[순천완주선]송내,국가교통정보센터(고속도로),127.347682,35.347521
3235,E912551,[순천완주선]수지교,국가교통정보센터(고속도로),127.356298453848,35.3312624557189
3236,E912552,[순천완주선]순천분기점,국가교통정보센터(고속도로),127.537711,34.990836
3237,E912553,[순천완주선]슬치터널외부순천#1,국가교통정보센터(고속도로),127.24983,35.708263
3238,E912554,[순천완주선]슬치터널외부완주#1,국가교통정보센터(고속도로),127.26066,35.696873
3239,E912555,[순천완주선]신계교,국가교통정보센터(고속도로),127.305822,35.420836
3240,E912556,[순천완주선]신리1터널외부완주#1,국가교통정보센터(고속도로),127.220039,35.752924
3241,E912557,[순천완주선]신리2터널외부순천#1,국가교통정보센터(고속도로),127.204206,35.784014
3242,E912558,[순천완주선]신리2터널외부완주#1,국가교통정보센터(고속도로),127.21642,35.77144
3243,E912559,[순천완주선]어은천교,국가교통정보센터(고속도로),127.305909,35.522787
3244,E912560,[순천완주선]오수,국가교통정보센터(고속도로),127.31856,35.550278
3245,E912561,[순천완주선]오수1터널외부순천#1,국가교통정보센터(고속도로),127.310959,35.496773
3246,E912562,[순천완주선]오수1터널외부완주#1,국가교통정보센터(고속도로),127.309691,35.515249
3247,E912563,[순천완주선]오수2터널,국가교통정보센터(고속도로),127.32659,35.592523
3248,E912564,[순천완주선]오수휴게소,국가교통정보센터(고속도로),127.315921,35.548179
3249,E912565,[순천완주선]오원천교,국가교통정보센터(고속도로),127.288095,35.673296
3250,E912566,[순천완주선]완주분기점,국가교통정보센터(고속도로),127.17419,35.87927
3251,E912567,[순천완주선]용강교,국가교통정보센터(고속도로),127.43125,35.241667
3252,E912568,[순천완주선]용암1터널외부완주#1,국가교통정보센터(고속도로),127.248344,35.709346
3253,E912569,[순천완주선]용암4터널외부순천#1,국가교통정보센터(고속도로),127.239188,35.722142
3254,E912570,[순천완주선]월평교,국가교통정보센터(고속도로),127.329775,35.622367
3255,E912571,[순천완주선]임실,국가교통정보센터(고속도로),127.31771,35.629362
3256,E912572,[순천완주선]정송교,국가교통정보센터(고속도로),127.313972,35.389167
3257,E912573,[순천완주선]죽림1터널외부완주#1,국가교통정보센터(고속도로),127.234263,35.736261
3258,E912574,[순천완주선]죽림3터널외부순천#1,국가교통정보센터(고속도로),127.220696,35.749957
3259,E912575,[순천완주선]중금교,국가교통정보센터(고속도로),127.305241,35.642828
3260,E912576,[순천완주선]중금교2,국가교통정보센터(고속도로),127.307,35.637
3261,E912577,[순천완주선]지당교,국가교통정보센터(고속도로),127.321708,35.381944
3262,E912579,[순천완주선]천마터널(10/16)_순천,국가교통정보센터(고속도로),127.3774716,35.31575768
3263,E912580,[순천완주선]천마터널(10/16)_완주,국가교통정보센터(고속도로),127.4021432,35.28755211
3264,E912581,[순천완주선]천마터널(2/16)_순천,국가교통정보센터(고속도로),127.3774309,35.31647887
3265,E912578,[순천완주선]천마터널(2/16)_완주,국가교통정보센터(고속도로),127.401447,35.28793298
3266,E912582,[순천완주선]천마터널순천#13,국가교통정보센터(고속도로),127.390046,35.301187
3267,E912583,[순천완주선]천마터널완주#5,국가교통정보센터(고속도로),127.386848,35.30496
3268,E912584,[순천완주선]춘향SA용1,국가교통정보센터(고속도로),127.352416,35.33864593
3269,E912585,[순천완주선]춘향SA용2,국가교통정보센터(고속도로),127.352803,35.337125
3270,E912586,[순천완주선]춘향휴게소,국가교통정보센터(고속도로),127.3542025,35.33463882
3271,E912587,[순천완주선]태방터널순천외부#1,국가교통정보센터(고속도로),127.546521,34.982088
3272,E912588,[순천완주선]학선천교,국가교통정보센터(고속도로),127.1845276,35.86623626
3273,E912589,[순천완주선]황전,국가교통정보센터(고속도로),127.456594,35.147401
3274,E912590,[순천완주선]황전1터널순천외부#1,국가교통정보센터(고속도로),127.466523,35.102806
3275,E912591,[순천완주선]황전3터널완주외부#1,국가교통정보센터(고속도로),127.452264,35.153977
3276,E912592,[안양성남선]금토대교전방400M,국가교통정보센터(고속도로),127.0882962,37.40396715
3277,E912593,[안양성남선]금토대교종점,국가교통정보센터(고속도로),127.103280679148,37.4098299640323
3278,E912594,[안양성남선]동판교IC(본선),국가교통정보센터(고속도로),127.106754073835,37.4144628890273
3279,E912595,[안양성남선]북의왕IC(안양),국가교통정보센터(고속도로),126.990116493293,37.4051186075688
3280,E912596,[안양성남선]북판교영업소전방400M,국가교통정보센터(고속도로),127.0736955,37.40009556
3281,E912597,[안양성남선]삼막IC(성남),국가교통정보센터(고속도로),126.91758837128,37.4294177714673
3282,E912598,[안양성남선]삼성산터널(성남),국가교통정보센터(고속도로),126.920232291902,37.4301982950657
3283,E912599,[안양성남선]삼성산터널(성남),국가교통정보센터(고속도로),126.969141705011,37.4163248380951
3284,E912600,[안양성남선]삼성산터널(안양),국가교통정보센터(고속도로),126.919570767082,37.4301597383218
3285,E912601,[안양성남선]삼성산터널(안양),국가교통정보센터(고속도로),126.968584321207,37.4166915086849
3286,E912602,[안양성남선]안양과천영업소(안양),국가교통정보센터(고속도로),126.9736009,37.41493134
3287,E912603,[안양성남선]여수대로,국가교통정보센터(고속도로),127.121041,37.42208
3288,E912604,[안양성남선]청계IC,국가교통정보센터(고속도로),127.001872701916,37.3997636530403
3289,E912605,[안양성남선]청계산2-3터널,국가교통정보센터(고속도로),127.015611148647,37.3985437146824
3290,E912606,[안양성남선]청계산3-4터널,국가교통정보센터(고속도로),127.056210517967,37.3964360650417
3291,E912607,[안양성남선]청계산3터널(성남),국가교통정보센터(고속도로),127.018495179889,37.3988098173334
3292,E912608,[안양성남선]청계산3터널(성남),국가교통정보센터(고속도로),127.048535885677,37.3971016143704
3293,E912609,[안양성남선]청계산3터널(안양),국가교통정보센터(고속도로),127.018064880572,37.3988523922518
3294,E912610,[안양성남선]청계산3터널(안양),국가교통정보센터(고속도로),127.04775137643,37.3972713366844
3295,E912611,[안양성남선]청계산4터널(성남),국가교통정보센터(고속도로),127.06327,37.39626
3296,E912612,[안양성남선]청계산4터널(성남),국가교통정보센터(고속도로),127.0683,37.39866
3297,E912613,[영동선][강릉2]마성터널(강릉24),국가교통정보센터(고속도로),127.0288537,37.31291758
3298,E912614,[영동선][강릉]강천터널(강릉),국가교통정보센터(고속도로),127.740512,37.243706
3299,E912615,[영동선][강릉]광교터널(강릉1외부1),국가교통정보센터(고속도로),127.1818004,37.27205111
3300,E912617,[영동선][인천1]광교터널(인천11고정),국가교통정보센터(고속도로),127.0332854,37.31066109
3301,E912619,[영동선][인천1]마성터널(인천14),국가교통정보센터(고속도로),127.175831,37.27793006
3302,E912618,[영동선][인천2]광교방음터널(인천2외부1),국가교통정보센터(고속도로),127.0518787,37.29889769
3303,E912616,[영동선][인천2]광교방음터널(인천2외부2),국가교통정보센터(고속도로),127.0493681,37.30030072
3304,E912620,[영동선]가남,국가교통정보센터(고속도로),127.6056266,37.23567309
3305,E912621,[영동선]가산리,국가교통정보센터(고속도로),127.5264993,37.24097033
3306,E912622,[영동선]가산육교,국가교통정보센터(고속도로),127.5212745,37.24314826
3307,E912623,[영동선]강릉분기점1,국가교통정보센터(고속도로),128.8315043,37.77265725
3308,E912624,[영동선]강릉분기점2,국가교통정보센터(고속도로),128.8317986,37.77437945
3309,E912625,[영동선]강릉분기점3,국가교통정보센터(고속도로),128.8367202,37.7692669
3310,E912626,[영동선]강릉휴게소(강릉),국가교통정보센터(고속도로),128.8057515,37.75846177
3311,E912627,[영동선]강릉휴게소(인천),국가교통정보센터(고속도로),128.8019209,37.75727937
3312,E912628,[영동선]강천리,국가교통정보센터(고속도로),127.724171,37.24585617
3313,E912629,[영동선]강천터널,국가교통정보센터(고속도로),127.7466697,37.24297104
3314,E912630,[영동선]강천터널1,국가교통정보센터(고속도로),127.7344206,37.2444833
3315,E912631,[영동선]거모2교,국가교통정보센터(고속도로),126.7677078,37.3641777
3316,E912632,[영동선]고담교,국가교통정보센터(고속도로),127.4591202,37.24028602
3317,E912633,[영동선]광교반방음터널(인천1),국가교통정보센터(고속도로),127.0838838,37.29231291
3318,E912634,[영동선]광교반방음터널(인천외부1),국가교통정보센터(고속도로),127.0892944,37.29074097
3319,E912635,[영동선]광교방음터널(강릉5),국가교통정보센터(고속도로),127.0717671,37.29447249
3320,E912636,[영동선]광교방음터널(강릉외부1),국가교통정보센터(고속도로),127.0586014,37.29693604
3321,E912638,[영동선]광교방음터널(인천2),국가교통정보센터(고속도로),127.0751688,37.29419088
3322,E912637,[영동선]광교방음터널(인천25),국가교통정보센터(고속도로),127.041343688964,37.3049507141113
3323,E912639,[영동선]광교산로,국가교통정보센터(고속도로),127.0274753,37.31332271
3324,E912640,[영동선]광교터널,국가교통정보센터(고속도로),127.0376214,37.30693292
3325,E912641,[영동선]광교터널2,국가교통정보센터(고속도로),127.0313543,37.31150822
3326,E912642,[영동선]교항1교,국가교통정보센터(고속도로),128.0243587,37.43941279
3327,E912643,[영동선]교항리,국가교통정보센터(고속도로),128.0093124,37.43217892
3328,E912644,[영동선]교항리1,국가교통정보센터(고속도로),128.012193,37.43662357
3329,E912645,[영동선]구성(강릉),국가교통정보센터(고속도로),127.1227873,37.29066236
3330,E912646,[영동선]구성(인천),국가교통정보센터(고속도로),127.1228037,37.29090408
3331,E912647,[영동선]구성교,국가교통정보센터(고속도로),127.1270594,37.29013716
3332,E912648,[영동선]군자교,국가교통정보센터(고속도로),126.7859328,37.35587483
3333,E912649,[영동선]군자분기점,국가교통정보센터(고속도로),126.7651203,37.38037551
3334,E912650,[영동선]군자영업소,국가교통정보센터(고속도로),126.774397,37.35986212
3335,E912651,[영동선]군자영업소2,국가교통정보센터(고속도로),126.7795536,37.35787071
3336,E912652,[영동선]군포,국가교통정보센터(고속도로),126.9227219,37.32607378
3337,E912653,[영동선]기흥교,국가교통정보센터(고속도로),127.0980399,37.28958266
3338,E912654,[영동선]남한강,국가교통정보센터(고속도로),127.674229,37.2546574
3339,E912655,[영동선]노림리,국가교통정보센터(고속도로),127.7871541,37.26524309
3340,E912656,[영동선]노림리1,국가교통정보센터(고속도로),127.7660977,37.2544339
3341,E912657,[영동선]논현교,국가교통정보센터(고속도로),126.7403975,37.40478762
3342,E912658,[영동선]논현교2,국가교통정보센터(고속도로),126.7405167,37.40390396
3343,E912659,[영동선]논현육교,국가교통정보센터(고속도로),126.7380607,37.42020385
3344,E912660,[영동선]대관령,국가교통정보센터(고속도로),128.693424,37.6786758
3345,E912662,[영동선]대관령1터널(강릉)-외부,국가교통정보센터(고속도로),128.7285801,37.66982146
3346,E912663,[영동선]대관령1터널(인천)-외부,국가교통정보센터(고속도로),128.75101,37.66375
3347,E912661,[영동선]대관령2터널,국가교통정보센터(고속도로),128.7630741,37.66413089
3348,E912664,[영동선]대관령4터널(강릉)-외부,국가교통정보센터(고속도로),128.7746943,37.67077812
3349,E912665,[영동선]대관령4터널(인천)-외부,국가교통정보센터(고속도로),128.774455,37.67859183
3350,E912666,[영동선]대관령5터널(인천)-외부,국가교통정보센터(고속도로),128.7712441,37.69356871
3351,E912667,[영동선]대관령7터널,국가교통정보센터(고속도로),128.7715586,37.70422944
3352,E912668,[영동선]대미원천교,국가교통정보센터(고속도로),128.0957228,37.43850379
3353,E912669,[영동선]대흥리,국가교통정보센터(고속도로),127.4744759,37.2451163
3354,E912670,[영동선]덕평,국가교통정보센터(고속도로),127.36644,37.24123289
3355,E912671,[영동선]덕평휴게소,국가교통정보센터(고속도로),127.3962959,37.23981809
3356,E912672,[영동선]동군포,국가교통정보센터(고속도로),126.941508,37.32856026
3357,E912673,[영동선]동백교,국가교통정보센터(고속도로),127.1421797,37.28884758
3358,E912675,[영동선]동백교2,국가교통정보센터(고속도로),127.1433028,37.28893831
3359,E912674,[영동선]동백교3,국가교통정보센터(고속도로),127.1522658,37.28916471
3360,E912676,[영동선]동수원,국가교통정보센터(고속도로),127.0512629,37.29917482
3361,E912677,[영동선]동화리,국가교통정보센터(고속도로),127.8487975,37.32611561
3362,E912678,[영동선]두원교,국가교통정보센터(고속도로),128.2377411,37.50512957
3363,E912679,[영동선]둔내,국가교통정보센터(고속도로),128.2068194,37.49316375
3364,E912680,[영동선]둔내터널,국가교통정보센터(고속도로),128.3290903,37.5566549
3365,E912681,[영동선]둔내터널(강릉)-7/18,국가교통정보센터(고속도로),128.307869,37.54431167
3366,E912682,[영동선]둔내터널(강릉)-외부,국가교통정보센터(고속도로),128.2852314,37.52797438
3367,E912684,[영동선]둔내터널(강릉13),국가교통정보센터(고속도로),128.315001050533,37.54938548
3368,E912683,[영동선]둔내터널(강릉2),국가교통정보센터(고속도로),128.2909261,37.5319504
3369,E912685,[영동선]둔내터널(인천)-13/18,국가교통정보센터(고속도로),128.3145594,37.54953852
3370,E912686,[영동선]둔내터널(인천)-외부,국가교통정보센터(고속도로),128.320996,37.55399065
3371,E912687,[영동선]둔내터널(인천2),국가교통정보센터(고속도로),128.2879675,37.53017512
3372,E912688,[영동선]둔대교,국가교통정보센터(고속도로),126.8938904,37.32369614
3373,E912689,[영동선]둔대분기점,국가교통정보센터(고속도로),126.9043877,37.32226021
3374,E912690,[영동선]둔대철육교,국가교통정보센터(고속도로),126.9137421,37.32345581
3375,E912691,[영동선]마성,국가교통정보센터(고속도로),127.1767221,37.28346043
3376,E912692,[영동선]마성1,국가교통정보센터(고속도로),127.1673292,37.28602173
3377,E912693,[영동선]마성2,국가교통정보센터(고속도로),127.1789055,37.27865062
3378,E912695,[영동선]마성4,국가교통정보센터(고속도로),127.1860864,37.26902211
3379,E912694,[영동선]마성5,국가교통정보센터(고속도로),127.186621,37.26911045
3380,E912696,[영동선]마성터널(강릉),국가교통정보센터(고속도로),127.1834924,37.27072596
3381,E912697,[영동선]마성터널(강릉1외부2),국가교통정보센터(고속도로),127.170981,37.281599
3382,E912698,[영동선]마성터널(강릉2외부),국가교통정보센터(고속도로),127.190643,37.265935
3383,E912699,[영동선]마성터널(인천),국가교통정보센터(고속도로),127.1650967,37.28563335
3384,E912700,[영동선]만종교,국가교통정보센터(고속도로),127.9166913,37.36856345
3385,E912701,[영동선]만종리,국가교통정보센터(고속도로),127.8945309,37.35717389
3386,E912702,[영동선]만종분기점,국가교통정보센터(고속도로),127.9019567,37.36484669
3387,E912703,[영동선]말미골,국가교통정보센터(고속도로),127.9240669,37.3719486
3388,E912704,[영동선]멱곡리,국가교통정보센터(고속도로),127.6604092,37.25384007
3389,E912705,[영동선]면온,국가교통정보센터(고속도로),128.3674357,37.56105045
3390,E912706,[영동선]면온1교,국가교통정보센터(고속도로),128.3514567,37.56237307
3391,E912707,[영동선]면온정류장,국가교통정보센터(고속도로),128.3422388,37.55963754
3392,E912708,[영동선]문막,국가교통정보센터(고속도로),127.8232754,37.30899455
3393,E912709,[영동선]문막1,국가교통정보센터(고속도로),127.8353325,37.31931313
3394,E912710,[영동선]문막휴게소(강릉),국가교통정보센터(고속도로),127.8597632,37.33829256
3395,E912711,[영동선]문막휴게소(인천),국가교통정보센터(고속도로),127.8170998,37.29487741
3396,E912712,[영동선]반월육교,국가교통정보센터(고속도로),126.9283447,37.32816315
3397,E912713,[영동선]반월터널(강릉),국가교통정보센터(고속도로),126.8852172,37.32963894
3398,E912714,[영동선]반월터널(인천),국가교통정보센터(고속도로),126.8719029,37.34112958
3399,E912715,[영동선]방무벽,국가교통정보센터(고속도로),128.7536461,37.66354609
3400,E912716,[영동선]법주리,국가교통정보센터(고속도로),128.0490356,37.44913153
3401,E912717,[영동선]보광1교,국가교통정보센터(고속도로),128.7931011,37.75137045
3402,E912718,[영동선]보광2리,국가교통정보센터(고속도로),128.8013999,37.75713829
3403,E912719,[영동선]보광리,국가교통정보센터(고속도로),128.7890878,37.7447837
3404,E912720,[영동선]보통리,국가교통정보센터(고속도로),127.8804196,37.34878243
3405,E912721,[영동선]봉평터널(강릉)-외부,국가교통정보센터(고속도로),128.3790024,37.56160484
3406,E912722,[영동선]봉평터널(인천)-외부,국가교통정보센터(고속도로),128.3948272,37.57452817
3407,E912723,[영동선]부곡,국가교통정보센터(고속도로),126.9601535,37.32405111
3408,E912724,[영동선]북수원,국가교통정보센터(고속도로),126.9901103,37.3188478
3409,E912725,[영동선]사동리,국가교통정보센터(고속도로),127.506734,37.24458242
3410,E912726,[영동선]사동육교,국가교통정보센터(고속도로),127.4838762,37.24602146
3411,E912728,[영동선]삽교리,국가교통정보센터(고속도로),128.2550306,37.51877484
3412,E912729,[영동선]삽교리1,국가교통정보센터(고속도로),128.2611487,37.52075547
3413,E912730,[영동선]삽교정류장,국가교통정보센터(고속도로),128.2728191,37.5220308
3414,E912727,[영동선]삽교졸음쉼터,국가교통정보센터(고속도로),128.2759642,37.52294628
3415,E912731,[영동선]상거리,국가교통정보센터(고속도로),127.6223613,37.24369196
3416,E912732,[영동선]상거리1,국가교통정보센터(고속도로),127.6344476,37.24953097
3417,E912733,[영동선]상대1교,국가교통정보센터(고속도로),128.1001846,37.44854623
3418,E912734,[영동선]상대3교,국가교통정보센터(고속도로),128.1146368,37.47298562
3419,E912736,[영동선]상대리,국가교통정보센터(고속도로),128.1206667,37.47066416
3420,E912735,[영동선]상대리1,국가교통정보센터(고속도로),128.102872461,37.4527279649
3421,E912737,[영동선]상리교,국가교통정보센터(고속도로),126.9665427,37.32104413
3422,E912738,[영동선]상만종,국가교통정보센터(고속도로),127.9085528,37.36709557
3423,E912739,[영동선]상진부리,국가교통정보센터(고속도로),128.5621508,37.65199987
3424,E912740,[영동선]상활육교,국가교통정보센터(고속도로),127.5327009,37.23905159
3425,E912741,[영동선]새말,국가교통정보센터(고속도로),128.0659226,37.44684048
3426,E912742,[영동선]새말1,국가교통정보센터(고속도로),128.0429833,37.44910991
3427,E912743,[영동선]서안산,국가교통정보센터(고속도로),126.804124,37.35093557
3428,E912744,[영동선]서안산2,국가교통정보센터(고속도로),126.808046,37.35058706
3429,E912745,[영동선]서용인분기점,국가교통정보센터(고속도로),127.1880524,37.26828377
3430,E912746,[영동선]서창,국가교통정보센터(고속도로),126.7384451,37.41795293
3431,E912747,[영동선]서창JC,국가교통정보센터(고속도로),126.7388254,37.43437884
3432,E912748,[영동선]섬강교,국가교통정보센터(고속도로),127.7567403,37.24228222
3433,E912750,[영동선]성산1교,국가교통정보센터(고속도로),128.7736111,37.71805556
3434,E912749,[영동선]성산2교,국가교통정보센터(고속도로),128.7792374,37.72507203
3435,E912751,[영동선]성산3교(인천),국가교통정보센터(고속도로),128.7806104,37.73693591
3436,E912753,[영동선]소사리,국가교통정보센터(고속도로),128.1499875,37.46868276
3437,E912754,[영동선]소사리1,국가교통정보센터(고속도로),128.1414782,37.46456431
3438,E912755,[영동선]소초졸음쉼터,국가교통정보센터(고속도로),128.0021819,37.42061021
3439,E912752,[영동선]속사,국가교통정보센터(고속도로),128.4860076,37.62907676
3440,E912756,[영동선]속사리,국가교통정보센터(고속도로),128.4899048,37.63067677
3441,E912757,[영동선]속사천2교,국가교통정보센터(고속도로),128.4302482,37.60746458
3442,E912758,[영동선]속사천3교,국가교통정보센터(고속도로),128.4380763,37.60813233
3443,E912759,[영동선]속사천교,국가교통정보센터(고속도로),128.4735421,37.624113
3444,E912760,[영동선]송암리,국가교통정보센터(고속도로),128.8199382,37.77168751
3445,E912761,[영동선]송암리2,국가교통정보센터(고속도로),128.8148651,37.76844406
3446,E912762,[영동선]수암리,국가교통정보센터(고속도로),127.9782912,37.40469191
3447,E912763,[영동선]수암리1,국가교통정보센터(고속도로),127.9899984,37.40889297
3448,E912764,[영동선]신갈분기점,국가교통정보센터(고속도로),127.102307,37.28998
3449,E912766,[영동선]신갈분기점1-1,국가교통정보센터(고속도로),127.1091043,37.29075087
3450,E912765,[영동선]신갈분기점2,국가교통정보센터(고속도로),127.1152778,37.29166667
3451,E912767,[영동선]신평교,국가교통정보센터(고속도로),127.8981978,37.3608343
3452,E912768,[영동선]싸리재,국가교통정보센터(고속도로),128.6572455,37.6827285
3453,E912769,[영동선]싸리재1,국가교통정보센터(고속도로),128.6626806,37.6854126
3454,E912770,[영동선]안산,국가교통정보센터(고속도로),126.83209,37.34728
3455,E912771,[영동선]안산2,국가교통정보센터(고속도로),126.8350265,37.34734793
3456,E912772,[영동선]안산분기점,국가교통정보센터(고속도로),126.857512,37.3450812
3457,E912773,[영동선]안산천3교,국가교통정보센터(고속도로),126.850296020507,37.3474540710449
3458,E912774,[영동선]안평1교,국가교통정보센터(고속도로),127.4160792,37.24066491
3459,E912775,[영동선]양상교,국가교통정보센터(고속도로),126.8446085,37.34886236
3460,E912776,[영동선]양지,국가교통정보센터(고속도로),127.2954145,37.23971215
3461,E912777,[영동선]양지제일리,국가교통정보센터(고속도로),127.3116922,37.24492636
3462,E912778,[영동선]양지터널(강릉),국가교통정보센터(고속도로),127.2708173,37.24590791
3463,E912779,[영동선]양지터널(인천),국가교통정보센터(고속도로),127.2733183,37.24567144
3464,E912780,[영동선]양지터널외부(인천),국가교통정보센터(고속도로),127.2854776,37.2400599
3465,E912781,[영동선]양화천교,국가교통정보센터(고속도로),127.540947,37.23941803
3466,E912782,[영동선]어흘리,국가교통정보센터(고속도로),128.7814227,37.73160735
3467,E912783,[영동선]여주,국가교통정보센터(고속도로),127.6483621,37.25194198
3468,E912784,[영동선]여주분기점1,국가교통정보센터(고속도로),127.585493,37.232886
3469,E912785,[영동선]여주분기점2,국가교통정보센터(고속도로),127.5978307,37.23261429
3470,E912786,[영동선]여주휴게소,국가교통정보센터(고속도로),127.5636446,37.23996603
3471,E912787,[영동선]여주휴게소(강릉)출구,국가교통정보센터(고속도로),127.572257995605,37.2387580871582
3472,E912788,[영동선]여주휴게소2,국가교통정보센터(고속도로),127.5723361,37.23875316
3473,E912789,[영동선]여주휴게소RMS1(강릉),국가교통정보센터(고속도로),127.5621904,37.24019216
3474,E912790,[영동선]오대천교,국가교통정보센터(고속도로),128.5710001,37.65529151
3475,E912791,[영동선]오원1교,국가교통정보센터(고속도로),128.0821611,37.44272901
3476,E912792,[영동선]오원4교,국가교통정보센터(고속도로),128.0997268,37.44098911
3477,E912793,[영동선]오천교,국가교통정보센터(고속도로),127.3461802,37.25194404
3478,E912794,[영동선]왕산1교,국가교통정보센터(고속도로),128.7589599,37.6643631
3479,E912795,[영동선]왕산4교(강릉),국가교통정보센터(고속도로),128.7713112,37.6656102
3480,E912796,[영동선]왕산리,국가교통정보센터(고속도로),128.7751614,37.71015565
3481,E912797,[영동선]용인,국가교통정보센터(고속도로),127.2101116,37.25657472
3482,E912798,[영동선]용인휴게소(인천),국가교통정보센터(고속도로),127.2419378,37.24666079
3483,E912799,[영동선]용전리,국가교통정보센터(고속도로),128.4265531,37.60518074
3484,E912801,[영동선]우용리,국가교통정보센터(고속도로),128.2232772,37.49635112
3485,E912800,[영동선]우용리1,국가교통정보센터(고속도로),128.132226,37.294719
3486,E912802,[영동선]원주,국가교통정보센터(고속도로),127.9526359,37.40100637
3487,E912803,[영동선]원주(상),국가교통정보센터(고속도로),127.9415419,37.4014614
3488,E912804,[영동선]원주분기점,국가교통정보센터(고속도로),127.9360128,37.39799471
3489,E912805,[영동선]원주천교,국가교통정보센터(고속도로),127.9347361,37.39538662
3490,E912806,[영동선]월곶,국가교통정보센터(고속도로),126.7578452,37.38508648
3491,E912808,[영동선]월곶1교,국가교통정보센터(고속도로),126.7456236,37.39292312
3492,E912807,[영동선]월곶2,국가교통정보센터(고속도로),126.7509206,37.38870619
3493,E912809,[영동선]월곶4교,국가교통정보센터(고속도로),126.7672409,37.37506708
3494,E912810,[영동선]월정리,국가교통정보센터(고속도로),128.595043,37.66504422
3495,E912811,[영동선]유산2교,국가교통정보센터(고속도로),127.4354935,37.23452759
3496,E912812,[영동선]유천리,국가교통정보센터(고속도로),128.62889,37.67167
3497,E912813,[영동선]유천리1,국가교통정보센터(고속도로),128.6424957,37.67594586
3498,E912814,[영동선]이목동,국가교통정보센터(고속도로),126.977122,37.32017925
3499,E912815,[영동선]이목정,국가교통정보센터(고속도로),128.4592028,37.60660206
3500,E912816,[영동선]이천,국가교통정보센터(고속도로),127.4962627,37.24524378
3501,E912817,[영동선]이천졸음쉼터,국가교통정보센터(고속도로),127.4697788,37.24354363
3502,E912818,[영동선]이천졸음쉼터(인천)#2,국가교통정보센터(고속도로),127.4716717,37.24422721
3503,E912819,[영동선]자포곡교,국가교통정보센터(고속도로),128.2433929,37.50912857
3504,E912820,[영동선]장양리,국가교통정보센터(고속도로),127.9602715,37.40365661
3505,E912821,[영동선]적금리,국가교통정보센터(고속도로),127.7137586,37.24953303
3506,E912822,[영동선]적금졸음쉼터,국가교통정보센터(고속도로),127.7035733,37.2528695
3507,E912823,[영동선]조원교,국가교통정보센터(고속도로),127.0148102,37.3109203
3508,E912824,[영동선]주천강교,국가교통정보센터(고속도로),128.2004186,37.49139844
3509,E912825,[영동선]지정교,국가교통정보센터(고속도로),127.8724301,37.34653537
3510,E912826,[영동선]진부,국가교통정보센터(고속도로),128.5636424,37.65272236
3511,E912827,[영동선]진부12터널(강릉)-7/9,국가교통정보센터(고속도로),128.522245,37.64398273
3512,E912828,[영동선]진부12터널(강릉)-외부,국가교통정보센터(고속도로),128.501349,37.64094901
3513,E912829,[영동선]진부12터널(인천)-외부,국가교통정보센터(고속도로),128.5395864,37.64638368
3514,E912830,[영동선]진부1터널(인천4),국가교통정보센터(고속도로),128.5220017,37.64422164
3515,E912831,[영동선]진부3터널(강릉)-외부,국가교통정보센터(고속도로),128.5512745,37.64788507
3516,E912832,[영동선]진부리,국가교통정보센터(고속도로),128.6111269,37.66929212
3517,E912833,[영동선]차항리,국가교통정보센터(고속도로),128.6791387,37.68001623
3518,E912834,[영동선]차항육교,국가교통정보센터(고속도로),128.6715474,37.68498471
3519,E912835,[영동선]총신교,국가교통정보센터(고속도로),127.3034298,37.24371126
3520,E912836,[영동선]추계리,국가교통정보센터(고속도로),127.3217183,37.24831056
3521,E912837,[영동선]추계육교,국가교통정보센터(고속도로),127.3241865,37.24884376
3522,E912838,[영동선]파장동,국가교통정보센터(고속도로),126.9989189,37.31489231
3523,E912839,[영동선]파장육교,국가교통정보센터(고속도로),127.0034566,37.31261583
3524,E912840,[영동선]평창,국가교통정보센터(고속도로),128.4144129,37.59095619
3525,E912841,[영동선]평창IC교,국가교통정보센터(고속도로),128.410844,37.58601314
3526,E912842,[영동선]평창휴게소(강릉),국가교통정보센터(고속도로),128.4480753,37.60674033
3527,E912843,[영동선]평창휴게소(인천),국가교통정보센터(고속도로),128.4656027,37.61207822
3528,E912844,[영동선]포진리,국가교통정보센터(고속도로),127.8146903,37.28362087
3529,E912845,[영동선]하강교,국가교통정보센터(고속도로),127.0085144,37.3107338
3530,E912846,[영동선]현천1교,국가교통정보센터(고속도로),128.1623429,37.48056221
3531,E912847,[영동선]현천리,국가교통정보센터(고속도로),128.1725019,37.48371183
3532,E912848,[영동선]현천리1,국가교통정보센터(고속도로),128.1844293,37.49024473
3533,E912849,[영동선]호법분기점,국가교통정보센터(고속도로),127.42877,37.23438
3534,E912850,[영동선]화정1교,국가교통정보센터(고속도로),126.8214297,37.35003559
3535,E912851,[영동선]횡계2교,국가교통정보센터(고속도로),128.7071755,37.67933159
3536,E912852,[영동선]횡계리,국가교통정보센터(고속도로),128.71333,37.67806
3537,E912853,[영동선]횡성대교시점,국가교통정보센터(고속도로),128.1072656,37.45878557
3538,E912854,[영동선]횡성대교종점,국가교통정보센터(고속도로),128.1066949,37.46512505
3539,E912855,[영동선]횡성휴게소,국가교통정보센터(고속도로),128.1295603,37.46518572
3540,E912856,[영동선]후용리,국가교통정보센터(고속도로),127.8012015,37.27480879
3541,E912857,[영동선]흥호정류장,국가교통정보센터(고속도로),127.7610818,37.24491436
3542,E912858,[옥산오창선]경부선(하)옥산JC진출부,국가교통정보센터(고속도로),127.3456,36.7168
3543,E912859,[옥산오창선]병천천교,국가교통정보센터(고속도로),127.3514,36.7143
3544,E912860,[옥산오창선]복현1교,국가교통정보센터(고속도로),127.4497,36.7466
3545,E912861,[옥산오창선]산수교,국가교통정보센터(고속도로),127.44,36.742
3546,E912862,[옥산오창선]서오창영업소6.6K,국가교통정보센터(고속도로),127.4149,36.729
3547,E912863,[옥산오창선]서오창영업소6K,국가교통정보센터(고속도로),127.414,36.7253
3548,E912864,[옥산오창선]성산교,국가교통정보센터(고속도로),127.4001,36.722
3549,E912865,[옥산오창선]양지교,국가교통정보센터(고속도로),127.4277,36.7391
3550,E912866,[옥산오창선]오창JC,국가교통정보센터(고속도로),127.4607,36.7439
3551,E912868,[옥산오창선]호죽1교,국가교통정보센터(고속도로),127.3688,36.712
3552,E912867,[옥산오창선]호죽2교,국가교통정보센터(고속도로),127.3885,36.7142
3553,E912880,[용인서울선]고기터널서울,국가교통정보센터(고속도로),127.0630528,37.35096389
3554,E912881,[용인서울선]고기터널용인,국가교통정보센터(고속도로),127.06255,37.35148611
3555,E912882,[용인서울선]고등IC램프,국가교통정보센터(고속도로),127.0913556,37.42725556
3556,E912869,[용인서울선]고등IC서울,국가교통정보센터(고속도로),127.0903139,37.42442846
3557,E912883,[용인서울선]고등IC용인,국가교통정보센터(고속도로),127.0896472,37.42542778
3558,E912870,[용인서울선]고등교,국가교통정보센터(고속도로),127.089318,37.437046
3559,E912884,[용인서울선]고등터널서울,국가교통정보센터(고속도로),127.0909972,37.43028056
3560,E912885,[용인서울선]고등터널용인,국가교통정보센터(고속도로),127.089275,37.43456944
3561,E912886,[용인서울선]고산터널서울,국가교통정보센터(고속도로),127.0864778,37.41699722
3562,E912887,[용인서울선]고산터널용인,국가교통정보센터(고속도로),127.0884583,37.42100278
3563,E912888,[용인서울선]광교상현IC,국가교통정보센터(고속도로),127.0605214,37.29856176
3564,E912889,[용인서울선]금광지하차도서울,국가교통정보센터(고속도로),127.0742667,37.28081389
3565,E912890,[용인서울선]금광지하차도용인,국가교통정보센터(고속도로),127.0703972,37.28322778
3566,E912871,[용인서울선]금토2교,국가교통정보센터(고속도로),127.0774974,37.40544215
3567,E912891,[용인서울선]금토TG,국가교통정보센터(고속도로),127.0827093,37.41254705
3568,E912892,[용인서울선]길마재교,국가교통정보센터(고속도로),127.053193,37.31204446
3569,E912893,[용인서울선]길마재터널서울,국가교통정보센터(고속도로),127.0564111,37.30585
3570,E912894,[용인서울선]길마재터널용인,국가교통정보센터(고속도로),127.0558083,37.30545278
3571,E912895,[용인서울선]대장1교,국가교통정보센터(고속도로),127.0669028,37.36160556
3572,E912896,[용인서울선]대장2교,국가교통정보센터(고속도로),127.0629611,37.36616111
3573,E912897,[용인서울선]동역지하차도서울,국가교통정보센터(고속도로),127.0648833,37.29213333
3574,E912898,[용인서울선]동역지하차도용인,국가교통정보센터(고속도로),127.0634472,37.29371389
3575,E912899,[용인서울선]동천육교,국가교통정보센터(고속도로),127.0595548,37.34409624
3576,E912900,[용인서울선]동천터널서울,국가교통정보센터(고속도로),127.0589083,37.34049444
3577,E912901,[용인서울선]동천터널용인,국가교통정보센터(고속도로),127.0583806,37.3404
3578,E912872,[용인서울선]서분당IC램프,국가교통정보센터(고속도로),127.0630527,37.35230631
3579,E912902,[용인서울선]서수지IC,국가교통정보센터(고속도로),127.0566626,37.32409675
3580,E912903,[용인서울선]서수지TG,국가교통정보센터(고속도로),127.0593611,37.33075278
3581,E912873,[용인서울선]서판교IC,국가교통정보센터(고속도로),127.0689944,37.38534167
3582,E912904,[용인서울선]서판교IC진입서울,국가교통정보센터(고속도로),127.070625,37.39148889
3583,E912874,[용인서울선]서판교IC진출용인,국가교통정보센터(고속도로),127.0693009,37.38525924
3584,E912905,[용인서울선]성복터널서울,국가교통정보센터(고속도로),127.0532528,37.31630556
3585,E912906,[용인서울선]성복터널용인,국가교통정보센터(고속도로),127.0526889,37.31620556
3586,E912907,[용인서울선]세곡교,국가교통정보센터(고속도로),127.0903194,37.46562778
3587,E912908,[용인서울선]세곡터널입구서울,국가교통정보센터(고속도로),127.0961778,37.45657778
3588,E912909,[용인서울선]세곡터널입구용인,국가교통정보센터(고속도로),127.0949139,37.45778889
3589,E912910,[용인서울선]세곡터널출구서울,국가교통정보센터(고속도로),127.0943083,37.461675
3590,E912911,[용인서울선]세곡터널출구용인,국가교통정보센터(고속도로),127.0956722,37.45470278
3591,E912912,[용인서울선]신대지하차도(서울),국가교통정보센터(고속도로),127.0686233,37.28605153
3592,E912875,[용인서울선]신대지하차도용인,국가교통정보센터(고속도로),127.0667327,37.28872319
3593,E912916,[용인서울선]심곡터널입구서울,국가교통정보센터(고속도로),127.0917639,37.44176389
3594,E912913,[용인서울선]심곡터널입구용인,국가교통정보센터(고속도로),127.0927444,37.44550278
3595,E912914,[용인서울선]심곡터널출구서울,국가교통정보센터(고속도로),127.0938639,37.44556944
3596,E912915,[용인서울선]심곡터널출구용인,국가교통정보센터(고속도로),127.0904833,37.44261944
3597,E912917,[용인서울선]심세곡관리동서울,국가교통정보센터(고속도로),127.0959417,37.45022222
3598,E912876,[용인서울선]심세곡관리동용인,국가교통정보센터(고속도로),127.095914,37.450321
3599,E912918,[용인서울선]여수내지하차도서울,국가교통정보센터(고속도로),127.0697861,37.28442778
3600,E912919,[용인서울선]여수내지하차도용인,국가교통정보센터(고속도로),127.0650167,37.2911
3601,E912920,[용인서울선]운중터널서울,국가교통정보센터(고속도로),127.0731167,37.399
3602,E912921,[용인서울선]운중터널용인,국가교통정보센터(고속도로),127.07225,37.39883611
3603,E912877,[용인서울선]하산운터널서울중앙,국가교통정보센터(고속도로),127.067025,37.3773
3604,E912878,[용인서울선]하산운터널서울출구,국가교통정보센터(고속도로),127.068944,37.383381
3605,E912922,[용인서울선]하산운터널입구서울,국가교통정보센터(고속도로),127.0654167,37.37299722
3606,E912923,[용인서울선]하산운터널입구용인,국가교통정보센터(고속도로),127.0658361,37.38028333
3607,E912924,[용인서울선]하산운터널중앙용인,국가교통정보센터(고속도로),127.064425,37.37683056
3608,E912925,[용인서울선]하산운터널출구용인,국가교통정보센터(고속도로),127.0634361,37.3729
3609,E912926,[용인서울선]헌릉IC,국가교통정보센터(고속도로),127.0897718,37.46236154
3610,E912927,[용인서울선]흥덕IC(서울),국가교통정보센터(고속도로),127.0765846,37.27961806
3611,E912879,[용인서울선]흥덕IC용인,국가교통정보센터(고속도로),127.0785635,37.27900286
3612,E912928,[울산선]반송교,국가교통정보센터(고속도로),129.1584601,35.54825484
3613,E912929,[울산선]반연육교,국가교통정보센터(고속도로),129.1773593,35.55458343
3614,E912930,[울산선]범서정류장,국가교통정보센터(고속도로),129.234848,35.564888
3615,E912931,[울산선]사연교,국가교통정보센터(고속도로),129.1926049,35.56609626
3616,E912932,[울산선]사연교(관제),국가교통정보센터(고속도로),129.188009,35.564034
3617,E912933,[울산선]언양아치교,국가교통정보센터(고속도로),129.1356354,35.56335449
3618,E912934,[울산선]언양정류장,국가교통정보센터(고속도로),129.134374,35.564631
3619,E912935,[울산선]울산시점,국가교통정보센터(고속도로),129.14417,35.55222
3620,E912936,[울산선]울산졸음쉼터,국가교통정보센터(고속도로),129.167831420898,35.5504112243652
3621,E912937,[울산선]울산종점,국가교통정보센터(고속도로),129.2592928,35.55310954
3622,E912938,[울산선]입암,국가교통정보센터(고속도로),129.219619,35.573759
3623,E912939,[울산선]장촌,국가교통정보센터(고속도로),129.1506805,35.5490799
3624,E912940,[울산선]천상천교,국가교통정보센터(고속도로),129.238727,35.562088
3625,E912941,[익산장수선]노평,국가교통정보센터(고속도로),127.598304748535,35.7202224731445
3626,E912942,[익산장수선]단양2교,국가교통정보센터(고속도로),127.44,35.77
3627,E912943,[익산장수선]완주휴게소2,국가교통정보센터(고속도로),127.199,35.874
3628,E912944,[익산장수선]진안3터널,국가교통정보센터(고속도로),127.493,35.772
3629,E912945,[익산장수선]천천교,국가교통정보센터(고속도로),127.531,35.742
3630,E912946,[익산포항선][대구]와촌터널(대구외부),국가교통정보센터(고속도로),128.760093,35.953769
3631,E912947,[익산포항선][대구]임고1터널(대구외부),국가교통정보센터(고속도로),129.035852,36.054117
3632,E912948,[익산포항선][대구]임고4터널(대구외부),국가교통정보센터(고속도로),129.146681,36.064834
3633,E912949,[익산포항선][익산]곰티터널(익산외부),국가교통정보센터(고속도로),127.311821,35.791944
3634,E912950,[익산포항선][익산]부귀2터널(익산외부),국가교통정보센터(고속도로),127.337598,35.778483
3635,E912951,[익산포항선][익산]상관2터널(익산외부),국가교통정보센터(고속도로),127.26305,35.802959
3636,E912952,[익산포항선][익산]장수터널(익산외부),국가교통정보센터(고속도로),127.573354,35.718548
3637,E912953,[익산포항선][장수]곰티터널(장수외부),국가교통정보센터(고속도로),127.282698,35.797574
3638,E912954,[익산포항선][장수]방곡터널(장수외부),국가교통정보센터(고속도로),127.512123,35.755298
3639,E912955,[익산포항선][장수]부귀1터널(장수외부),국가교통정보센터(고속도로),127.316082,35.790766
3640,E912956,[익산포항선][장수]장수터널(장수외부),국가교통정보센터(고속도로),127.543229,35.737601
3641,E912957,[익산포항선][포항]달전터널(포항외부),국가교통정보센터(고속도로),129.268746,36.049002
3642,E912958,[익산포항선][포항]와촌터널(포항외부),국가교통정보센터(고속도로),128.716993,35.952439
3643,E912959,[익산포항선][포항]임고1터널(포항외부),국가교통정보센터(고속도로),129.005511,36.054641
3644,E912960,[익산포항선][포항]임고4터널(포항외부),국가교통정보센터(고속도로),129.122027,36.055161
3645,E912961,[익산포항선]고산천교,국가교통정보센터(고속도로),127.1355505,35.9049701
3646,E912962,[익산포항선]곰티터널익산#10(고정),국가교통정보센터(고속도로),127.289307,35.796061
3647,E912963,[익산포항선]곰티터널장수#3(고정),국가교통정보센터(고속도로),127.302354,35.793311
3648,E912964,[익산포항선]구룡2교,국가교통정보센터(고속도로),127.4527778,35.77138889
3649,E912965,[익산포항선]기계4교,국가교통정보센터(고속도로),129.1821325,36.08675472
3650,E912966,[익산포항선]단양1교,국가교통정보센터(고속도로),127.41777,35.77783
3651,E912967,[익산포항선]달전터널(외부),국가교통정보센터(고속도로),129.292603,36.048401
3652,E912968,[익산포항선]덕연1교,국가교통정보센터(고속도로),128.9879785,36.05460964
3653,E912969,[익산포항선]도동대교,국가교통정보센터(고속도로),128.6755893,35.93159445
3654,E912970,[익산포항선]도동분기점,국가교통정보센터(고속도로),128.66753,35.91903
3655,E912971,[익산포항선]도동분기점2,국가교통정보센터(고속도로),128.6649527,35.9140797
3656,E912972,[익산포항선]도평터널,국가교통정보센터(고속도로),128.691091,35.938214
3657,E912973,[익산포항선]마이산졸음쉼터(익산),국가교통정보센터(고속도로),127.3625269,35.7682125
3658,E912974,[익산포항선]마이산졸음쉼터(장수),국가교통정보센터(고속도로),127.3636458,35.7672761
3659,E912975,[익산포항선]매산육교,국가교통정보센터(고속도로),128.9018669,36.028131
3660,E912976,[익산포항선]명덕1교,국가교통정보센터(고속도로),127.20311,35.8717
3661,E912977,[익산포항선]명덕2교,국가교통정보센터(고속도로),127.2043725,35.8703932
3662,E912978,[익산포항선]물곡교,국가교통정보센터(고속도로),127.4763246,35.77439197
3663,E912979,[익산포항선]박사천교,국가교통정보센터(고속도로),128.813134,35.957029
3664,E912980,[익산포항선]방곡터널익산외부(고정),국가교통정보센터(고속도로),127.525753,35.744061
3665,E912981,[익산포항선]백안터널,국가교통정보센터(고속도로),128.706449,35.949569
3666,E912982,[익산포항선]벽계천교,국가교통정보센터(고속도로),129.2502334,36.05174313
3667,E912983,[익산포항선]보성교,국가교통정보센터(고속도로),128.847748,35.980446
3668,E912984,[익산포항선]북영천,국가교통정보센터(고속도로),128.9163205,36.03235922
3669,E912985,[익산포항선]사동2교,국가교통정보센터(고속도로),129.0922222,36.05361111
3670,E912986,[익산포항선]삼례천교,국가교통정보센터(고속도로),127.1023701,35.92674032
3671,E912987,[익산포항선]서포항,국가교통정보센터(고속도로),129.21498,36.07303
3672,E912988,[익산포항선]석전,국가교통정보센터(고속도로),127.110785,35.920722
3673,E912989,[익산포항선]소양,국가교통정보센터(고속도로),127.234903,35.864431
3674,E912990,[익산포항선]소양천교,국가교통정보센터(고속도로),127.2508102,35.85979032
3675,E912991,[익산포항선]신덕육교,국가교통정보센터(고속도로),128.842195,35.977671
3676,E912992,[익산포항선]신탁2교,국가교통정보센터(고속도로),127.1179802,35.9161803
3677,E912994,[익산포항선]연장1교,국가교통정보센터(고속도로),127.37611,35.76389
3678,E912993,[익산포항선]연장2교,국가교통정보센터(고속도로),127.40444,35.77472
3679,E912996,[익산포항선]오천1교,국가교통정보센터(고속도로),127.5042249,35.7668127
3680,E912995,[익산포항선]오천2교,국가교통정보센터(고속도로),127.5049889,35.7661564
3681,E912997,[익산포항선]와촌교,국가교통정보센터(고속도로),128.8086111,35.95611111
3682,E912998,[익산포항선]와촌터널(대구#5),국가교통정보센터(고속도로),128.731976,35.955377
3683,E912999,[익산포항선]와촌터널(포항#6),국가교통정보센터(고속도로),128.751072,35.955342
3684,E913000,[익산포항선]와촌휴게소,국가교통정보센터(고속도로),128.7646618,35.95264442
3685,E913001,[익산포항선]완주,국가교통정보센터(고속도로),127.155159,35.89703369
3686,E913002,[익산포항선]완주분기점,국가교통정보센터(고속도로),127.1702384,35.88504105
3687,E913003,[익산포항선]완주분기점2,국가교통정보센터(고속도로),127.171959,35.8841522
3688,E913004,[익산포항선]완주졸음쉼터(익산),국가교통정보센터(고속도로),127.1007511,35.9287507
3689,E913005,[익산포항선]완주졸음쉼터(장수),국가교통정보센터(고속도로),127.1015001,35.9275
3690,E913006,[익산포항선]완주휴게소,국가교통정보센터(고속도로),127.1933277,35.87789137
3691,E913007,[익산포항선]의암교,국가교통정보센터(고속도로),127.2491667,35.81222222
3692,E913008,[익산포항선]익산분기점2,국가교통정보센터(고속도로),127.09397,35.93849
3693,E913011,[익산포항선]임고2터널,국가교통정보센터(고속도로),129.057021,36.045176
3694,E913010,[익산포항선]임고3터널,국가교통정보센터(고속도로),129.07182,36.04135
3695,E913009,[익산포항선]임고4터널,국가교통정보센터(고속도로),129.144655,36.062354
3696,E913012,[익산포항선]임고4터널(대구#6),국가교통정보센터(고속도로),129.133273,36.057426
3697,E913013,[익산포항선]임고4터널(포항#4),국가교통정보센터(고속도로),129.142886,36.062283
3698,E913014,[익산포항선]장수,국가교통정보센터(고속도로),127.58694,35.71528
3699,E913015,[익산포항선]장수터널익산#3(고정),국가교통정보센터(고속도로),127.551348,35.732683
3700,E913016,[익산포항선]장수터널장수#7(고정),국가교통정보센터(고속도로),127.567184,35.722336
3701,E913017,[익산포항선]죽곡2교,국가교통정보센터(고속도로),128.9590415,36.05235345
3702,E913018,[익산포항선]죽절교,국가교통정보센터(고속도로),127.226387,35.86545944
3703,E913019,[익산포항선]진안,국가교통정보센터(고속도로),127.4460619,35.7716736
3704,E913020,[익산포항선]진안1터널,국가교통정보센터(고속도로),127.3907261,35.7686111
3705,E913021,[익산포항선]진안교,국가교통정보센터(고속도로),127.39056,35.76806
3706,E913022,[익산포항선]진안휴게소,국가교통정보센터(고속도로),127.42944,35.77528
3707,E913023,[익산포항선]청통와촌,국가교통정보센터(고속도로),128.8291559,35.97059105
3708,E913024,[익산포항선]청통휴게소,국가교통정보센터(고속도로),128.8624756,35.99580073
3709,E913025,[익산포항선]팔공산,국가교통정보센터(고속도로),128.661593,35.912079
3710,E913026,[익산포항선]포항,국가교통정보센터(고속도로),129.3116527,36.0443321
3711,E913027,[익산포항선]현내교,국가교통정보센터(고속도로),129.2030469,36.07882146
3712,E913028,[익산포항선]화산교,국가교통정보센터(고속도로),128.8870947,36.01838545
3713,E913029,[익산포항선]화심1교,국가교통정보센터(고속도로),127.2568201,35.8264198
3714,E913030,[인천국제공항]공항25.2,국가교통정보센터(고속도로),126.72018,37.57161
3715,E913031,[인천국제공항]서울20.2,국가교통정보센터(고속도로),126.66358,37.56933
3716,E913032,[인천국제공항선]개화터널입구(서울32.2),국가교통정보센터(고속도로),126.7936783,37.58439255
3717,E913033,[인천국제공항선]공항1.6K,국가교통정보센터(고속도로),126.48888,37.48562
3718,E913034,[인천국제공항선]공항15.7K,국가교통정보센터(고속도로),126.6169,37.55536
3719,E913037,[인천국제공항선]공항22.0K,국가교통정보센터(고속도로),126.6843,37.56997
3720,E913035,[인천국제공항선]공항30.1K,국가교통정보센터(고속도로),126.77082,37.57955
3721,E913036,[인천국제공항선]공항32.8K,국가교통정보센터(고속도로),126.801,37.58593
3722,E913038,[인천국제공항선]공항5.0K,국가교통정보센터(고속도로),126.51281,37.50751
3723,E913039,[인천국제공항선]공항신도시나들목(공항1.8),국가교통정보센터(고속도로),126.48979,37.48707
3724,E913040,[인천국제공항선]공항입구나들목(공항3.6),국가교통정보센터(고속도로),126.5003204,37.5009079
3725,E913041,[인천국제공항선]금산나들목(서울6.5),국가교통정보센터(고속도로),126.5287552,37.51328278
3726,E913042,[인천국제공항선]김포나들목(서울30.9),국가교통정보센터(고속도로),126.7794647,37.58135605
3727,E913043,[인천국제공항선]노오지분기점(공항27.1),국가교통정보센터(고속도로),126.7412109,37.57202911
3728,E913044,[인천국제공항선]방화대교남단(올림픽대로)(서울34.8),국가교통정보센터(고속도로),126.82206,37.58458
3729,E913045,[인천국제공항선]방화대교북단(강변북로)(공항36.0),국가교통정보센터(고속도로),126.83179,37.59278
3730,E913046,[인천국제공항선]북인천영업소(공항16.0),국가교통정보센터(고속도로),126.6197968,37.55575562
3731,E913047,[인천국제공항선]서울36.0K,국가교통정보센터(고속도로),126.83191,37.59295
3732,E913048,[인천국제공항선]서울9.1K,국가교통정보센터(고속도로),126.55117,37.52846
3733,E913049,[인천국제공항선]시점(공항0.03),국가교통정보센터(고속도로),126.48542,37.47172
3734,E913050,[인천국제공항선]신공항영업소(공항20.4),국가교통정보센터(고속도로),126.6666183,37.56970978
3735,E913051,[인천국제공항선]영종대교(공항12.5),국가교통정보센터(고속도로),126.58236,37.54514
3736,E913052,[인천국제공항선]영종대교동탑상부12.6K,국가교통정보센터(고속도로),126.58431,37.54559
3737,E913053,[인천국제공항선]영종대교서탑상부12.3K,국가교통정보센터(고속도로),126.58118,37.54445
3738,E913056,[인천국제공항선]영종대교시점,국가교통정보센터(고속도로),126.606777,37.552978
3739,E913055,[인천국제공항선]영종대교시점(공항10.1),국가교통정보센터(고속도로),126.55918,37.53494
3740,E913054,[인천국제공항선]영종대교하부12.3K,국가교통정보센터(고속도로),126.58135,37.54432
3741,E913057,[인천대교고속도로]공항신도시JCT,국가교통정보센터(고속도로),126.492715,37.484596
3742,E913058,[인천대교고속도로]공항신도시진입부,국가교통정보센터(고속도로),126.483295,37.485169
3743,E913059,[인천대교고속도로]동측고가교,국가교통정보센터(고속도로),126.604533,37.406515
3744,E913060,[인천대교고속도로]사장교동측,국가교통정보센터(고속도로),126.583086,37.407847
3745,E913061,[인천대교고속도로]사장교서측,국가교통정보센터(고속도로),126.560971,37.417777
3746,E913062,[인천대교고속도로]사장교중앙,국가교통정보센터(고속도로),126.573761,37.411562
3747,E913063,[인천대교고속도로]서측고가교1,국가교통정보센터(고속도로),126.528095,37.452714
3748,E913064,[인천대교고속도로]서측고가교2,국가교통정보센터(고속도로),126.53995,37.437421
3749,E913065,[인천대교고속도로]송도IC,국가교통정보센터(고속도로),126.649988,37.406492
3750,E913066,[인천대교고속도로]연수JCT,국가교통정보센터(고속도로),126.633097,37.408516
3751,E913067,[인천대교고속도로]영종IC,국가교통정보센터(고속도로),126.51075,37.474146
3752,E913068,[인천대교고속도로]옥련IC,국가교통정보센터(고속도로),126.638225,37.425144
3753,E913069,[인천대교고속도로]학익JCT,국가교통정보센터(고속도로),126.649784,37.436007
3754,E913070,[제2경인선][안양]광명터널(안양2),국가교통정보센터(고속도로),126.860706,37.436474
3755,E913071,[제2경인선][안양]광명터널(안양3고정),국가교통정보센터(고속도로),126.871409,37.431577
3756,E913072,[제2경인선][인천]광명터널(인천3),국가교통정보센터(고속도로),126.864808,37.434459
3757,E913073,[제2경인선]광명,국가교통정보센터(고속도로),126.8499862,37.43977273
3758,E913074,[제2경인선]광명터널,국가교통정보센터(고속도로),126.858115,37.43755927
3759,E913075,[제2경인선]남동,국가교통정보센터(고속도로),126.7127436,37.43383602
3760,E913076,[제2경인선]남인천,국가교통정보센터(고속도로),126.75611,37.43222
3761,E913077,[제2경인선]남인천2,국가교통정보센터(고속도로),126.75177,37.43264
3762,E913078,[제2경인선]남인천영업소1,국가교통정보센터(고속도로),126.764183044433,37.4319915771484
3763,E913079,[제2경인선]문학,국가교통정보센터(고속도로),126.6767428,37.43586138
3764,E913080,[제2경인선]문학경기장,국가교통정보센터(고속도로),126.688923,37.433053
3765,E913081,[제2경인선]서창분기점,국가교통정보센터(고속도로),126.7385736,37.43272602
3766,E913083,[제2경인선]서창분기점2,국가교통정보센터(고속도로),126.7430083,37.432925
3767,E913082,[제2경인선]석수,국가교통정보센터(고속도로),126.9061083,37.4242095
3768,E913084,[제2경인선]신천,국가교통정보센터(고속도로),126.78361,37.43028
3769,E913085,[제2경인선]안현분기점1,국가교통정보센터(고속도로),126.807868957519,37.4324531555175
3770,E913086,[제2경인선]안현분기점2,국가교통정보센터(고속도로),126.825538635253,37.4400291442871
3771,E913087,[제2경인선]은행3교,국가교통정보센터(고속도로),126.7967597,37.42862553
3772,E913088,[제2경인선]일직,국가교통정보센터(고속도로),126.886042,37.425469
3773,E913089,[제2경인선]장수천1교,국가교통정보센터(고속도로),126.72286,37.43355
3774,E913091,[제2경인선]제2경인시점,국가교통정보센터(고속도로),126.63242,37.446114
3775,E913090,[제2경인선]제2경인시점1,국가교통정보센터(고속도로),126.63309094,37.4458227281
3776,E913092,[제2경인선]학익대교,국가교통정보센터(고속도로),126.652726,37.436506
3777,E913093,[제2경인선]학익대교1,국가교통정보센터(고속도로),126.661231994628,37.4381675720214
3778,E913094,[제2순환선]동탄금곡교,국가교통정보센터(고속도로),127.0772222,37.17916667
3779,E913096,[제2순환선]봉담방음터널(봉담),국가교통정보센터(고속도로),126.9636111,37.21722222
3780,E913095,[제2순환선]봉담분천2교,국가교통정보센터(고속도로),126.9630556,37.19916667
3781,E913097,[제2순환선]북오산IC,국가교통정보센터(고속도로),127.06,37.18389
3782,E913098,[제2순환선]북평택영업소,국가교통정보센터(고속도로),126.9927778,37.07055556
3783,E913099,[제2순환선]세교방음터널2(봉담),국가교통정보센터(고속도로),127.045048,37.180257
3784,E913100,[제2순환선]세교터널(동탄),국가교통정보센터(고속도로),127.048268,37.181135
3785,E913101,[제2순환선]세교터널(서오산)2,국가교통정보센터(고속도로),127.045349,37.179999
3786,E913102,[제2순환선]양감송산교,국가교통정보센터(고속도로),126.9955556,37.10583333
3787,E913103,[제2순환선]어연IC,국가교통정보센터(고속도로),126.98865,37.0585
3788,E913104,[제2순환선]오산서랑동,국가교통정보센터(고속도로),127.0127778,37.17055556
3789,E913105,[제2순환선]오산지곶교,국가교통정보센터(고속도로),127.0280556,37.17388889
3790,E913106,[제2순환선]오성,국가교통정보센터(고속도로),126.9852778,37.01777778
3791,E913107,[제2순환선]정남,국가교통정보센터(고속도로),126.97194,37.18333
3792,E913108,[제2순환선]정남고지리,국가교통정보센터(고속도로),126.99749,37.15863
3793,E913109,[제2순환선]정남괘랑2교,국가교통정보센터(고속도로),126.9827778,37.17888889
3794,E913110,[제2순환선]정남망월리,국가교통정보센터(고속도로),127.0019444,37.145
3795,E913111,[제2순환선]평택분기점,국가교통정보센터(고속도로),126.9847222,37.03333333
3796,E913112,[제2순환선]향남,국가교통정보센터(고속도로),127.0011111,37.13194444
3797,E913113,[제2순환선]향남교,국가교통정보센터(고속도로),126.9972222,37.12194444
3798,E913114,[제2영동선]Chowol(WJ)03,국가교통정보센터(고속도로),127.350532,37.37459326
3799,E913115,[제2영동선]Daesin(KJ)02,국가교통정보센터(고속도로),127.626826,37.391011884
3800,E913116,[제2영동선]Daesin(WJ)02,국가교통정보센터(고속도로),127.628318,37.39178045
3801,E913117,[제2영동선]Gonjiam1(KJ)01,국가교통정보센터(고속도로),127.36501,37.37553008
3802,E913118,[제2영동선]Gonjiam1(WJ)02,국가교통정보센터(고속도로),127.366094,37.37563948
3803,E913119,[제2영동선]Gonjiam2(KJ)02,국가교통정보센터(고속도로),127.379192,37.3779431
3804,E913120,[제2영동선]Gonjiam2(WJ)03,국가교통정보센터(고속도로),127.380457,37.37830494
3805,E913121,[제2영동선]Gonjiam3(KJ)01,국가교통정보센터(고속도로),127.413595,37.37975798
3806,E913122,[제2영동선]Gonjiam3(WJ)02,국가교통정보센터(고속도로),127.414747,37.37963263
3807,E913124,[제2영동선]Jijung1(KJ)01,국가교통정보센터(고속도로),127.788012,37.40295868
3808,E913125,[제2영동선]Jijung1(WJ)02,국가교통정보센터(고속도로),127.790069,37.4027976
3809,E913126,[제2영동선]Jijung2(KJ)04,국가교통정보센터(고속도로),127.813136,37.39697278
3810,E913127,[제2영동선]Jijung2(WJ)04,국가교통정보센터(고속도로),127.815122,37.3965847
3811,E913128,[제2영동선]Jijung3(KJ)01,국가교통정보센터(고속도로),127.842168,37.39040576
3812,E913129,[제2영동선]Jijung3(WJ)02,국가교통정보센터(고속도로),127.843412,37.39061454
3813,E913123,[제2영동선]Kumsa(WJ)01,국가교통정보센터(고속도로),127.472377,37.3780213
3814,E913130,[제2영동선]Maebong(KJ)01,국가교통정보센터(고속도로),127.909896,37.38788185
3815,E913131,[제2영동선]Maebong(WJ)01,국가교통정보센터(고속도로),127.910694,37.38798493
3816,E913132,[제2영동선]Sanbuk(KJ)02,국가교통정보센터(고속도로),127.46151,37.37935062
3817,E913133,[제2영동선]Sanbuk(WJ)03,국가교통정보센터(고속도로),127.462933,37.37920685
3818,E913134,[제2영동선]Yangdong(KJ)01,국가교통정보센터(고속도로),127.743187,37.39881445
3819,E913135,[제2영동선]Yangdong(WJ)01,국가교통정보센터(고속도로),127.74504,37.39931879
3820,E913136,[제2영동선]경기광주휴게소,국가교통정보센터(고속도로),127.424326,37.37916662
3821,E913138,[제2영동선]광주JCT1,국가교통정보센터(고속도로),127.323497,37.3726631
3822,E913137,[제2영동선]광주JCT2,국가교통정보센터(고속도로),127.322062,37.372646
3823,E913139,[제2영동선]남한강대교1,국가교통정보센터(고속도로),127.540731,37.379101
3824,E913140,[제2영동선]남한강대교2,국가교통정보센터(고속도로),127.564302,37.384543
3825,E913141,[제2영동선]대신IC,국가교통정보센터(고속도로),127.583031,37.38428535
3826,E913142,[제2영동선]대신터널1,국가교통정보센터(고속도로),127.634449,37.394965
3827,E913143,[제2영동선]대신터널2,국가교통정보센터(고속도로),127.658332,37.402165
3828,E913144,[제2영동선]도곡1교,국가교통정보센터(고속도로),127.492811,37.376429
3829,E913145,[제2영동선]동곤지암IC,국가교통정보센터(고속도로),127.394504,37.38122282
3830,E913146,[제2영동선]동양평IC,국가교통정보센터(고속도로),127.751415,37.3995544
3831,E913147,[제2영동선]동여주IC,국가교통정보센터(고속도로),127.672013,37.40025203
3832,E913148,[제2영동선]무장리,국가교통정보센터(고속도로),127.879001,37.391888
3833,E913149,[제2영동선]삼산교,국가교통정보센터(고속도로),127.778411,37.40170251
3834,E913150,[제2영동선]서원주IC,국가교통정보센터(고속도로),127.858362,37.3940833
3835,E913151,[제2영동선]성지지맥,국가교통정보센터(고속도로),127.701347,37.40153976
3836,E913152,[제2영동선]송현1교,국가교통정보센터(고속도로),127.446893,37.379864
3837,E913153,[제2영동선]신평JCT,국가교통정보센터(고속도로),127.892866,37.38600694
3838,E913154,[제2영동선]양평휴게소,국가교통정보센터(고속도로),127.727072,37.3968485
3839,E913155,[제2영동선]원주JCT,국가교통정보센터(고속도로),127.929761,37.38591325
3840,E913156,[제2영동선]원주영업소,국가교통정보센터(고속도로),127.923866,37.38625086
3841,E913157,[제2영동선]장풍리,국가교통정보센터(고속도로),127.614029,37.38557555
3842,E913158,[제2영동선]초현1교,국가교통정보센터(고속도로),127.599229,37.38400456
3843,E913159,[제2영동선]판대2교,국가교통정보센터(고속도로),127.801855,37.40042451
3844,E913160,[제2영동선]하오개,국가교통정보센터(고속도로),127.326659,37.374807
3845,E913161,[제2영동선]흥천이포IC,국가교통정보센터(고속도로),127.516839,37.378367
3846,E913162,[제2외곽순환선]검단양촌IC,국가교통정보센터(고속도로),126.620665886,37.59751174
3847,E913163,[제2외곽순환선]대곶IC,국가교통정보센터(고속도로),126.6032044,37.6477257
3848,E913164,[제2외곽순환선]대능2교,국가교통정보센터(고속도로),126.6025720115,37.631971647
3849,E913165,[제2외곽순환선]북청라IC,국가교통정보센터(고속도로),126.623175509,37.559241995
3850,E913166,[제2외곽순환선]북청라대교,국가교통정보센터(고속도로),126.621015569,37.544503388
3851,E913167,[제2외곽순환선]북청라대교,국가교통정보센터(고속도로),126.622043716,37.578949895
3852,E913168,[제2외곽순환선]서김포통진IC,국가교통정보센터(고속도로),126.6348376,37.6748736
3853,E913169,[제2외곽순환선]인천북항터널남측,국가교통정보센터(고속도로),126.63263048,37.462295096
3854,E913170,[제2외곽순환선]인천항고가교남측,국가교통정보센터(고속도로),126.620843632,37.443330794
3855,E913171,[제2외곽순환선]청라원창영업소,국가교통정보센터(고속도로),126.625492678,37.514560258
3856,E913172,[제2외곽순환선]학운1교,국가교통정보센터(고속도로),126.6087367,37.611543862
3857,E913173,[제2중부선]경기광주분기점2,국가교통정보센터(고속도로),127.316566467285,37.3772544860839
3858,E913174,[제2중부선]경안천교,국가교통정보센터(고속도로),127.296577453613,37.4304046630859
3859,E913175,[제2중부선]곤지암2,국가교통정보센터(고속도로),127.321324,37.353426
3860,E913176,[제2중부선]광지원터널,국가교통정보센터(고속도로),127.25556,37.4575
3861,E913177,[제2중부선]궁평1교,국가교통정보센터(고속도로),127.3270958,37.33789832
3862,E913178,[제2중부선]마장,국가교통정보센터(고속도로),127.39477,37.274774
3863,E913179,[제2중부선]마장휴게소,국가교통정보센터(고속도로),127.4058,37.26625
3864,E913180,[제2중부선]목동1교,국가교통정보센터(고속도로),127.410354614257,37.2600212097167
3865,E913181,[제2중부선]상번천졸음쉼터,국가교통정보센터(고속도로),127.27847290039,37.44580078125
3866,E913182,[제2중부선]선동,국가교통정보센터(고속도로),127.311974,37.395801
3867,E913183,[제2중부선]신둔,국가교통정보센터(고속도로),127.365081787109,37.29931640625
3868,E913184,[제2중부선]신월1교,국가교통정보센터(고속도로),127.30362701416,37.4133682250976
3869,E913185,[제2중부선]엄미교,국가교통정보센터(고속도로),127.249163,37.473834
3870,E913186,[제2중부선]용면2,국가교통정보센터(고속도로),127.3579528,37.30695833
3871,E913187,[제2중부선]진우1육교,국가교통정보센터(고속도로),127.3380983,37.32509094
3872,E913188,[제2중부선]진우리,국가교통정보센터(고속도로),127.3410333,37.32007222
3873,E913189,[제2중부선]천진암교,국가교통정보센터(고속도로),127.2726819,37.44929209
3874,E913190,[제2중부선]초월,국가교통정보센터(고속도로),127.313575,37.392744
3875,E913191,[제2중부선]하번천,국가교통정보센터(고속도로),127.260553,37.452622
3876,E913192,[중부내륙선][내서]상주터널(내서외부),국가교통정보센터(고속도로),128.2204808,36.31620378
3877,E913193,[중부내륙선][마산]금사3터널(마산외부),국가교통정보센터(고속도로),127.5167383,37.40221817
3878,E913194,[중부내륙선][양평]금사4터널(양평외부2),국가교통정보센터(고속도로),127.503505,37.416329
3879,E913195,[중부내륙선][양평]금사4터널[양평외부1/2],국가교통정보센터(고속도로),127.507559,37.40994472
3880,E913196,[중부내륙선][여주]상주터널(여주외부),국가교통정보센터(고속도로),128.2265369,36.29495957
3881,E913197,[중부내륙선][여주]진남터널(여주외부),국가교통정보센터(고속도로),128.139748,36.65534772
3882,E913198,[중부내륙선][창원]강상2터널,국가교통정보센터(고속도로),127.4744919,37.46222507
3883,E913199,[중부내륙선][창원]금사5터널,국가교통정보센터(고속도로),127.489944,37.431359
3884,E913200,[중부내륙선]가신2교,국가교통정보센터(고속도로),127.7289704,37.05206836
3885,E913201,[중부내륙선]가암1교,국가교통정보센터(고속도로),128.2425389,35.94060116
3886,E913202,[중부내륙선]가암2교,국가교통정보센터(고속도로),128.2421651,35.95293146
3887,E913203,[중부내륙선]가암2교2,국가교통정보센터(고속도로),128.2423752,35.95185344
3888,E913204,[중부내륙선]가장교,국가교통정보센터(고속도로),128.1527241,36.53889856
3889,E913205,[중부내륙선]감곡,국가교통정보센터(고속도로),127.6670649,37.12541057
3890,E913206,[중부내륙선]감천교,국가교통정보센터(고속도로),128.2594209,36.20038877
3891,E913207,[중부내륙선]계내,국가교통정보센터(고속도로),128.4980697,35.37888579
3892,E913208,[중부내륙선]계성고개,국가교통정보센터(고속도로),128.5081522,35.49891271
3893,E913210,[중부내륙선]고령1터널,국가교통정보센터(고속도로),128.4083022,35.71488793
3894,E913209,[중부내륙선]고령2터널,국가교통정보센터(고속도로),128.3965951,35.72615488
3895,E913212,[중부내륙선]고령3터널,국가교통정보센터(고속도로),128.3904995,35.73716833
3896,E913211,[중부내륙선]고령4터널,국가교통정보센터(고속도로),128.3409146,35.80611843
3897,E913213,[중부내륙선]고령분기점,국가교통정보센터(고속도로),128.3750724,35.75338674
3898,E913214,[중부내륙선]공검터널,국가교통정보센터(고속도로),128.1890462,36.49954171
3899,E913215,[중부내륙선]공평,국가교통정보센터(고속도로),128.1625842,36.59986609
3900,E913216,[중부내륙선]광대2교,국가교통정보센터(고속도로),127.5823585,37.26946646
3901,E913217,[중부내륙선]광대리,국가교통정보센터(고속도로),127.5864083,37.26036516
3902,E913218,[중부내륙선]괴산,국가교통정보센터(고속도로),127.9260322,36.86636813
3903,E913219,[중부내륙선]구양리,국가교통정보센터(고속도로),127.5769526,37.31595525
3904,E913220,[중부내륙선]궁1교,국가교통정보센터(고속도로),127.5235302,37.38577247
3905,E913221,[중부내륙선]귀백리,국가교통정보센터(고속도로),127.5437974,37.34527361
3906,E913222,[중부내륙선]금계,국가교통정보센터(고속도로),128.2725372,36.14798355
3907,E913223,[중부내륙선]금당교,국가교통정보센터(고속도로),127.6121656,37.19724327
3908,E913224,[중부내륙선]금당리,국가교통정보센터(고속도로),127.6069567,37.21280245
3909,E913225,[중부내륙선]김천1터널,국가교통정보센터(고속도로),128.2599164,36.07310167
3910,E913231,[중부내륙선]김천2터널,국가교통정보센터(고속도로),128.2619042,36.09563398
3911,E913226,[중부내륙선]김천2터널(양평외부),국가교통정보센터(고속도로),128.2613128,36.09234394
3912,E913227,[중부내륙선]김천2터널(창원외부),국가교통정보센터(고속도로),128.271706,36.10777249
3913,E913228,[중부내륙선]김천3터널(양평외부1),국가교통정보센터(고속도로),128.2780351,36.11824305
3914,E913229,[중부내륙선]김천3터널(양평외부2),국가교통정보센터(고속도로),128.2775606,36.14352513
3915,E913230,[중부내륙선]김천3터널(창원외부),국가교통정보센터(고속도로),128.278473,36.141529
3916,E913232,[중부내륙선]김천분기점,국가교통정보센터(고속도로),128.2659303,36.16387918
3917,E913233,[중부내륙선]김천분기점4교,국가교통정보센터(고속도로),128.2669175,36.15491942
3918,E913238,[중부내륙선]나한교,국가교통정보센터(고속도로),128.16145324707,36.5935096740722
3919,E913234,[중부내륙선]낙동대교,국가교통정보센터(고속도로),128.418939,35.69964481
3920,E913235,[중부내륙선]낙동분기점,국가교통정보센터(고속도로),128.2394013,36.37276844
3921,E913236,[중부내륙선]낙동터널,국가교통정보센터(고속도로),128.2360693,36.39978352
3922,E913237,[중부내륙선]낙상졸음쉼터2,국가교통정보센터(고속도로),128.2070861,36.44538204
3923,E913239,[중부내륙선]남김천,국가교통정보센터(고속도로),128.2671224,36.06016594
3924,E913240,[중부내륙선]남성주,국가교통정보센터(고속도로),128.3277484,35.83584885
3925,E913241,[중부내륙선]남성주휴게소,국가교통정보센터(고속도로),128.3193812,35.85567719
3926,E913242,[중부내륙선]남성주휴게소(양평),국가교통정보센터(고속도로),128.3189697,35.85757065
3927,E913243,[중부내륙선]남성주휴게소(창원),국가교통정보센터(고속도로),128.3175659,35.86920547
3928,E913244,[중부내륙선]남여주,국가교통정보센터(고속도로),127.5878536,37.25549764
3929,E913245,[중부내륙선]남지,국가교통정보센터(고속도로),128.4827906,35.39817345
3930,E913246,[중부내륙선]내고교,국가교통정보센터(고속도로),128.2645026,36.22519306
3931,E913247,[중부내륙선]내서,국가교통정보센터(고속도로),128.516031,35.26873011
3932,E913248,[중부내륙선]노은분기점,국가교통정보센터(고속도로),127.8056129,37.03443493
3933,E913249,[중부내륙선]단평1교,국가교통정보센터(고속도로),127.6474892,37.14812754
3934,E913250,[중부내륙선]단평리,국가교통정보센터(고속도로),127.6567388,37.13446477
3935,E913251,[중부내륙선]달성2터널(현풍),국가교통정보센터(고속도로),128.477447509765,35.7306900024414
3936,E913252,[중부내륙선]대동,국가교통정보센터(고속도로),128.4423775,35.65548854
3937,E913253,[중부내륙선]대성1교,국가교통정보센터(고속도로),128.2753151,36.11156289
3938,E913254,[중부내륙선]대성1교(양평),국가교통정보센터(고속도로),128.2747317,36.11079869
3939,E913255,[중부내륙선]대원,국가교통정보센터(고속도로),128.241806,36.2831459
3940,E913256,[중부내륙선]대원1교,국가교통정보센터(고속도로),128.2370104,36.28584942
3941,E913257,[중부내륙선]대치,국가교통정보센터(고속도로),128.4958245,35.36075555
3942,E913258,[중부내륙선]대합,국가교통정보센터(고속도로),128.4588888,35.60589889
3943,E913259,[중부내륙선]대합농공단지,국가교통정보센터(고속도로),128.4689873,35.5920368
3944,E913260,[중부내륙선]대황2교,국가교통정보센터(고속도로),128.2696061,35.90814372
3945,E913261,[중부내륙선]덕담3교,국가교통정보센터(고속도로),128.2010726,36.45399047
3946,E913262,[중부내륙선]덕촌교,국가교통정보센터(고속도로),128.2576106,36.2669767
3947,E913263,[중부내륙선]동포교,국가교통정보센터(고속도로),128.2471596,35.9927173
3948,E913264,[중부내륙선]두정터널,국가교통정보센터(고속도로),127.850477,36.941248
3949,E913265,[중부내륙선]마원육교,국가교통정보센터(고속도로),128.1058197,36.71603394
3950,E913266,[중부내륙선]만정터널,국가교통정보센터(고속도로),127.8479714,36.96024059
3951,E913267,[중부내륙선]매현터널양평외부,국가교통정보센터(고속도로),127.8781916,36.9216586
3952,E913268,[중부내륙선]매현터널창원외부,국가교통정보센터(고속도로),127.8738794,36.92449257
3953,E913269,[중부내륙선]명리교,국가교통정보센터(고속도로),128.5101937,35.47731447
3954,E913270,[중부내륙선]모곡1교,국가교통정보센터(고속도로),128.1115411,36.69412742
3955,E913271,[중부내륙선]모곡2교,국가교통정보센터(고속도로),128.1150513,36.68924332
3956,E913272,[중부내륙선]모전,국가교통정보센터(고속도로),128.4721637,35.56941479
3957,E913273,[중부내륙선]모전육교,국가교통정보센터(고속도로),128.4664402,35.57524276
3958,E913275,[중부내륙선]문경1터널(창원)외부,국가교통정보센터(고속도로),128.0784732,36.74114994
3959,E913274,[중부내륙선]문경2터널(양평)외부,국가교통정보센터(고속도로),128.0957215,36.7231989
3960,E913276,[중부내륙선]문경SA(창원),국가교통정보센터(고속도로),128.1490021,36.62417984
3961,E913277,[중부내륙선]문경새재,국가교통정보센터(고속도로),128.1103433,36.70970201
3962,E913278,[중부내륙선]문경새재터널(양평)외부,국가교통정보센터(고속도로),128.0588741,36.74728372
3963,E913279,[중부내륙선]문경새재터널(창원)외부,국가교통정보센터(고속도로),128.0143294,36.74580397
3964,E913280,[중부내륙선]문경휴게소,국가교통정보센터(고속도로),128.1567311,36.61189162
3965,E913281,[중부내륙선]문주1교,국가교통정보센터(고속도로),127.8889649,36.91085577
3966,E913282,[중부내륙선]문촌3교,국가교통정보센터(고속도로),127.7076276,37.11105207
3967,E913283,[중부내륙선]문촌리,국가교통정보센터(고속도로),127.6939587,37.11792604
3968,E913284,[중부내륙선]별티,국가교통정보센터(고속도로),128.299429,35.89612814
3969,E913285,[중부내륙선]병산교,국가교통정보센터(고속도로),127.4588242,37.49030022
3970,E913286,[중부내륙선]병성천교,국가교통정보센터(고속도로),128.2119326,36.43888567
3971,E913287,[중부내륙선]복대리,국가교통정보센터(고속도로),127.5305675,37.35763628
3972,E913288,[중부내륙선]봉곡1교,국가교통정보센터(고속도로),128.2557831,36.25760651
3973,E913289,[중부내륙선]봉명교,국가교통정보센터(고속도로),128.2641296,36.17580032
3974,E913290,[중부내륙선]봉산1교,국가교통정보센터(고속도로),128.5051091,35.45291182
3975,E913291,[중부내륙선]봉암천교,국가교통정보센터(고속도로),128.3150815,35.88000524
3976,E913292,[중부내륙선]봉정교,국가교통정보센터(고속도로),128.2567173,36.00312634
3977,E913293,[중부내륙선]북상주,국가교통정보센터(고속도로),128.170565,36.52986266
3978,E913294,[중부내륙선]북여주,국가교통정보센터(고속도로),127.5264942,37.37325969
3979,E913295,[중부내륙선]북충주,국가교통정보센터(고속도로),127.7998459,37.0347381
3980,E913296,[중부내륙선]불정1교,국가교통정보센터(고속도로),128.1409906,36.65338805
3981,E913297,[중부내륙선]불정터널,국가교통정보센터(고속도로),128.1462999,36.63843275
3982,E913298,[중부내륙선]삼대2교,국가교통정보센터(고속도로),128.3795395,35.74682955
3983,E913299,[중부내륙선]삼승교,국가교통정보센터(고속도로),127.6265958,37.1691637
3984,E913300,[중부내륙선]삼풍교,국가교통정보센터(고속도로),127.9996633,36.754716
3985,E913301,[중부내륙선]상용1교,국가교통정보센터(고속도로),128.3511013,35.79362569
3986,E913302,[중부내륙선]상우1교,국가교통정보센터(고속도로),127.6590565,37.13108706
3987,E913303,[중부내륙선]상우리,국가교통정보센터(고속도로),127.6804428,37.12179184
3988,E913304,[중부내륙선]상주,국가교통정보센터(고속도로),128.2151267,36.41821359
3989,E913305,[중부내륙선]상주2,국가교통정보센터(고속도로),128.2133816,36.42788096
3990,E913306,[중부내륙선]새못저수지,국가교통정보센터(고속도로),128.5043894,35.44347915
3991,E913307,[중부내륙선]새못저수지2,국가교통정보센터(고속도로),128.504364,35.44445419
3992,E913308,[중부내륙선]서여주,국가교통정보센터(고속도로),127.5824347,37.30415843
3993,E913309,[중부내륙선]서여주휴게소,국가교통정보센터(고속도로),127.5792928,37.27933293
3994,E913310,[중부내륙선]선무천교,국가교통정보센터(고속도로),128.3171477,35.87266473
3995,E913311,[중부내륙선]선산,국가교통정보센터(고속도로),128.2596268,36.24397604
3996,E913312,[중부내륙선]선산휴게소,국가교통정보센터(고속도로),128.2505439,36.27547025
3997,E913313,[중부내륙선]성산,국가교통정보센터(고속도로),128.299868,35.89542051
3998,E913315,[중부내륙선]성산1교,국가교통정보센터(고속도로),128.2892392,35.8996149
3999,E913314,[중부내륙선]성산2교,국가교통정보센터(고속도로),128.2813447,35.90059273
4000,E913316,[중부내륙선]성주,국가교통정보센터(고속도로),128.2494455,35.91909365
4001,E913317,[중부내륙선]성주터널,국가교통정보센터(고속도로),128.3090953,35.88797874
4002,E913318,[중부내륙선]성주휴게소,국가교통정보센터(고속도로),128.2594224,36.00745975
4003,E913319,[중부내륙선]성주휴게소(양평),국가교통정보센터(고속도로),128.2597351,36.00798798
4004,E913320,[중부내륙선]성주휴게소(창원),국가교통정보센터(고속도로),128.2612305,36.01039886
4005,E913321,[중부내륙선]소류지,국가교통정보센터(고속도로),128.264679,36.22980499
4006,E913322,[중부내륙선]송학교,국가교통정보센터(고속도로),127.4683308,37.47963095
4007,E913323,[중부내륙선]신당,국가교통정보센터(고속도로),128.5126351,35.48240629
4008,E913324,[중부내륙선]신당육교,국가교통정보센터(고속도로),128.5108428,35.48966658
4009,E913325,[중부내륙선]신상,국가교통정보센터(고속도로),128.2285826,36.40446002
4010,E913326,[중부내륙선]신오,국가교통정보센터(고속도로),128.2231142,36.3397136
4011,E913327,[중부내륙선]신제,국가교통정보센터(고속도로),128.5042419,35.43817902
4012,E913328,[중부내륙선]신제육교,국가교통정보센터(고속도로),128.4979303,35.4310301
4013,E913329,[중부내륙선]신지리,국가교통정보센터(고속도로),127.580577,37.2911103
4014,E913330,[중부내륙선]신화2교,국가교통정보센터(고속도로),127.471456,37.47037467
4015,E913331,[중부내륙선]신효리,국가교통정보센터(고속도로),127.7875186,37.03671571
4016,E913332,[중부내륙선]안금리,국가교통정보센터(고속도로),127.5980727,37.21834597
4017,E913333,[중부내륙선]양평,국가교통정보센터(고속도로),127.4464604,37.52166279
4018,E913334,[중부내륙선]양평대교,국가교통정보센터(고속도로),127.4532881,37.49760826
4019,E913335,[중부내륙선]여주분기점,국가교통정보센터(고속도로),127.5926928,37.2249835
4020,E913336,[중부내륙선]여주분기점3,국가교통정보센터(고속도로),127.5920246,37.22663569
4021,E913337,[중부내륙선]여초,국가교통정보센터(고속도로),128.5056739,35.50566325
4022,E913338,[중부내륙선]역곡,국가교통정보센터(고속도로),128.1675568,36.53252029
4023,E913339,[중부내륙선]역곡2교,국가교통정보센터(고속도로),128.1757801,36.52139073
4024,E913340,[중부내륙선]연대리,국가교통정보센터(고속도로),127.6139754,37.18093999
4025,E913341,[중부내륙선]연대육교,국가교통정보센터(고속도로),127.6125183,37.19125366
4026,E913342,[중부내륙선]연풍,국가교통정보센터(고속도로),127.9922932,36.75911135
4027,E913343,[중부내륙선]연풍터널(양평)-외부,국가교통정보센터(고속도로),127.9844286,36.7656889
4028,E913344,[중부내륙선]연풍터널(창원),국가교통정보센터(고속도로),127.983708,36.7892593
4029,E913345,[중부내륙선]영산,국가교통정보센터(고속도로),128.5069668,35.46061415
4030,E913346,[중부내륙선]영산나들목,국가교통정보센터(고속도로),128.5058594,35.44777679
4031,E913347,[중부내륙선]영산나들목,국가교통정보센터(고속도로),128.5063931,35.44823718
4032,E913348,[중부내륙선]예동2교(창원),국가교통정보센터(고속도로),128.2620963,36.18243036
4033,E913349,[중부내륙선]예리,국가교통정보센터(고속도로),128.2594404,36.1915361
4034,E913350,[중부내륙선]오가1교,국가교통정보센터(고속도로),127.9560342,36.8402137
4035,E913351,[중부내륙선]오곡,국가교통정보센터(고속도로),128.5173231,35.27531371
4036,E913352,[중부내륙선]옥천대교,국가교통정보센터(고속도로),127.4521126,37.50937288
4037,E913353,[중부내륙선]옥포분기점3,국가교통정보센터(고속도로),128.467880249023,35.7984466552734
4038,E913354,[중부내륙선]완오리,국가교통정보센터(고속도로),127.8455429,36.98814011
4039,E913355,[중부내륙선]외평교,국가교통정보센터(고속도로),127.5199523,37.39734689
4040,E913356,[중부내륙선]용담,국가교통정보센터(고속도로),128.201255,36.47570751
4041,E913357,[중부내륙선]용봉2교,국가교통정보센터(고속도로),128.2676112,36.02431367
4042,E913358,[중부내륙선]용봉3교,국가교통정보센터(고속도로),128.2708296,36.04408535
4043,E913359,[중부내륙선]용소천교,국가교통정보센터(고속도로),128.3682939,35.77071342
4044,E913360,[중부내륙선]용전리,국가교통정보센터(고속도로),127.8434448,37.0172348
4045,E913361,[중부내륙선]용전터널,국가교통정보센터(고속도로),127.8478545,36.99504026
4046,E913362,[중부내륙선]용정교,국가교통정보센터(고속도로),128.3392433,35.8224969
4047,E913363,[중부내륙선]원부리,국가교통정보센터(고속도로),127.6369806,37.16114815
4048,E913364,[중부내륙선]월령육교,국가교통정보센터(고속도로),128.4855244,35.40986303
4049,E913365,[중부내륙선]월명,국가교통정보센터(고속도로),128.2704773,36.05044937
4050,E913366,[중부내륙선]월포1육교,국가교통정보센터(고속도로),128.4430215,35.64210238
4051,E913367,[중부내륙선]월포2교,국가교통정보센터(고속도로),128.4439512,35.62959621
4052,E913368,[중부내륙선]유곡,국가교통정보센터(고속도로),128.2215846,36.33505864
4053,E913370,[중부내륙선]유곡2,국가교통정보센터(고속도로),128.2213986,36.32667703
4054,E913369,[중부내륙선]유곡3교,국가교통정보센터(고속도로),128.2288616,36.34771638
4055,E913371,[중부내륙선]유원육교,국가교통정보센터(고속도로),128.5003815,35.30158615
4056,E913372,[중부내륙선]율극리,국가교통정보센터(고속도로),127.5586524,37.3302708
4057,E913373,[중부내륙선]이방,국가교통정보센터(고속도로),128.4463628,35.61715438
4058,E913374,[중부내륙선]이안,국가교통정보센터(고속도로),128.1495647,36.58007791
4059,E913375,[중부내륙선]이안천교,국가교통정보센터(고속도로),128.149322509765,36.5410194396972
4060,E913376,[중부내륙선]자양,국가교통정보센터(고속도로),128.2349634,35.97054786
4061,E913377,[중부내륙선]자양교,국가교통정보센터(고속도로),128.2347538,35.97193269
4062,E913378,[중부내륙선]장연,국가교통정보센터(고속도로),127.9814379,36.79378041
4063,E913379,[중부내륙선]장연터널(양평),국가교통정보센터(고속도로),127.9598497,36.82592001
4064,E913380,[중부내륙선]장연터널(양평)-외부,국가교통정보센터(고속도로),127.9824637,36.79201051
4065,E913381,[중부내륙선]장연터널(양평12고정),국가교통정보센터(고속도로),127.9635251,36.81899069
4066,E913382,[중부내륙선]장연터널(양평5고정),국가교통정보센터(고속도로),127.9638705,36.8185998
4067,E913383,[중부내륙선]장연터널(창원12고정),국가교통정보센터(고속도로),127.9769796,36.80046295
4068,E913384,[중부내륙선]장연터널(창원5고정),국가교통정보센터(고속도로),127.9768098,36.80054179
4069,E913385,[중부내륙선]점촌함창,국가교통정보센터(고속도로),128.1544489,36.58578473
4070,E913386,[중부내륙선]조곡리,국가교통정보센터(고속도로),127.9073051,36.87232088
4071,E913387,[중부내륙선]조곡터널,국가교통정보센터(고속도로),127.8976058,36.87783399
4072,E913388,[중부내륙선]조곡터널(양평)-외부,국가교통정보센터(고속도로),127.8916419,36.8940294
4073,E913389,[중부내륙선]주진,국가교통정보센터(고속도로),128.0126463,36.74596818
4074,E913390,[중부내륙선]중원터널,국가교통정보센터(고속도로),127.7204201,37.08605947
4075,E913391,[중부내륙선]중원터널(양평)-외부,국가교통정보센터(고속도로),127.723375,37.07067542
4076,E913392,[중부내륙선]지당리,국가교통정보센터(고속도로),127.7152265,37.10140162
4077,E913393,[중부내륙선]지산리,국가교통정보센터(고속도로),128.1487732,36.56714249
4078,E913394,[중부내륙선]직교,국가교통정보센터(고속도로),128.4770203,35.53956223
4079,E913395,[중부내륙선]진남터널(창원외부),국가교통정보센터(고속도로),128.1245399,36.67468158
4080,E913396,[중부내륙선]창녕,국가교통정보센터(고속도로),128.4763509,35.54383883
4081,E913397,[중부내륙선]창녕낙동강교,국가교통정보센터(고속도로),128.4906331,35.39035693
4082,E913398,[중부내륙선]창녕분기점,국가교통정보센터(고속도로),128.507812,35.46602073
4083,E913399,[중부내륙선]창락육교,국가교통정보센터(고속도로),128.499254,35.52487233
4084,E913400,[중부내륙선]청계,국가교통정보센터(고속도로),128.4975885,35.33543743
4085,E913401,[중부내륙선]초막골,국가교통정보센터(고속도로),128.5068359,35.51384354
4086,E913402,[중부내륙선]추점리,국가교통정보센터(고속도로),127.9405494,36.85880405
4087,E913403,[중부내륙선]추점터널양평외부,국가교통정보센터(고속도로),127.9504026,36.84821177
4088,E913404,[중부내륙선]추점터널창원외부,국가교통정보센터(고속도로),127.9454328,36.85327567
4089,E913405,[중부내륙선]충주,국가교통정보센터(고속도로),127.8468103,36.97740491
4090,E913406,[중부내륙선]충주분기점1,국가교통정보센터(고속도로),127.7390201,37.04338576
4091,E913407,[중부내륙선]충주휴게소,국가교통정보센터(고속도로),127.836779,37.02373167
4092,E913408,[중부내륙선]칠서,국가교통정보센터(고속도로),128.5052027,35.32484029
4093,E913409,[중부내륙선]칠서휴게소,국가교통정보센터(고속도로),128.4961328,35.36935893
4094,E913410,[중부내륙선]칠원분기점,국가교통정보센터(고속도로),128.5010439,35.29243785
4095,E913411,[중부내륙선]칠원영업소,국가교통정보센터(고속도로),128.5153202,35.27872642
4096,E913412,[중부내륙선]탄용터널,국가교통정보센터(고속도로),127.861105,36.93283092
4097,E913413,[중부내륙선]탐하,국가교통정보센터(고속도로),128.4817033,35.532695
4098,E913414,[중부내륙선]태곡육교,국가교통정보센터(고속도로),128.4916484,35.35184841
4099,E913415,[중부내륙선]토평천교,국가교통정보센터(고속도로),128.4711726,35.55861497
4100,E913416,[중부내륙선]퇴천교,국가교통정보센터(고속도로),128.5015015,35.52016477
4101,E913417,[중부내륙선]평지,국가교통정보센터(고속도로),128.468977,35.59831744
4102,E913418,[중부내륙선]하구암1교,국가교통정보센터(고속도로),127.824379,37.03084946
4103,E913419,[중부내륙선]하구암리,국가교통정보센터(고속도로),127.81809,37.03353676
4104,E913420,[중부내륙선]한포천,국가교통정보센터(고속도로),127.7639974,37.04052034
4105,E913421,[중부내륙선]헌신2교,국가교통정보센터(고속도로),128.2223663,36.41151047
4106,E913422,[중부내륙선]현풍,국가교통정보센터(고속도로),128.4347167,35.67408025
4107,E913423,[중부내륙선]현풍분기점,국가교통정보센터(고속도로),128.4320007,35.6802001
4108,E913424,[중부내륙선]현풍졸음쉼터,국가교통정보센터(고속도로),128.4378659,35.66238194
4109,E913425,[중부내륙선]호계,국가교통정보센터(고속도로),128.5184174,35.26347733
4110,E913426,[중부내륙선]회산육교,국가교통정보센터(고속도로),128.5008792,35.31950233
4111,E913427,[중부내륙선]효정,국가교통정보센터(고속도로),128.4738623,35.55119744
4112,E913428,[중부내륙선]흑암1교,국가교통정보센터(고속도로),128.1465897,36.5561956
4113,E913429,[중부내륙지선](구)달성터널,국가교통정보센터(고속도로),128.475833,35.754283
4114,E913430,[중부내륙지선][현풍]달성1터널(현풍5),국가교통정보센터(고속도로),128.479645,35.748938
4115,E913431,[중부내륙지선]구달성터널공단로,국가교통정보센터(고속도로),128.435928344726,35.6974029541015
4116,E913432,[중부내륙지선]남대구,국가교통정보센터(고속도로),128.5290527,35.83972
4117,E913433,[중부내륙지선]논공남리,국가교통정보센터(고속도로),128.453369140625,35.7186012268066
4118,E913434,[중부내륙지선]논공단지,국가교통정보센터(고속도로),128.4616069,35.72649721
4119,E913435,[중부내륙지선]달성,국가교통정보센터(고속도로),128.4746517,35.76829813
4120,E913436,[중부내륙지선]달성2터널,국가교통정보센터(고속도로),128.478154,35.730793
4121,E913437,[중부내륙지선]본리,국가교통정보센터(고속도로),128.469375610351,35.728229522705
4122,E913438,[중부내륙지선]서대구,국가교통정보센터(고속도로),128.531192,35.875374
4123,E913439,[중부내륙지선]서대구2,국가교통정보센터(고속도로),128.528060913085,35.8823127746582
4124,E913440,[중부내륙지선]성서,국가교통정보센터(고속도로),128.52141,35.8508
4125,E913442,[중부내륙지선]성서2,국가교통정보센터(고속도로),128.5224609375,35.8482780456542
4126,E913441,[중부내륙지선]성서3,국가교통정보센터(고속도로),128.523544311523,35.8467063903808
4127,E913443,[중부내륙지선]송촌,국가교통정보센터(고속도로),128.4715313,35.77735211
4128,E913444,[중부내륙지선]옥포분기점,국가교통정보센터(고속도로),128.46868,35.78447
4129,E913445,[중부내륙지선]옥포분기점2,국가교통정보센터(고속도로),128.464065551757,35.7941932678222
4130,E913446,[중부내륙지선]용산2,국가교통정보센터(고속도로),128.530518,35.869046
4131,E913447,[중부내륙지선]용산동,국가교통정보센터(고속도로),128.5310054,35.86941392
4132,E913448,[중부내륙지선]월암,국가교통정보센터(고속도로),128.517551,35.826892
4133,E913450,[중부내륙지선]유천,국가교통정보센터(고속도로),128.501007,35.810781
4134,E913449,[중부내륙지선]유천하이패스IC,국가교통정보센터(고속도로),128.511663,35.820476
4135,E913451,[중부내륙지선]현풍1육교,국가교통정보센터(고속도로),128.4461532,35.715092
4136,E913452,[중부내륙지선]현풍휴게소,국가교통정보센터(고속도로),128.4375332,35.705092
4137,E913453,[중부내륙지선]화원,국가교통정보센터(고속도로),128.483995,35.801141
4138,E913454,[중부선(통영대전)]갈전,국가교통정보센터(고속도로),127.850357055664,35.4623908996582
4139,E913455,[중부선(통영대전)]경호강2교,국가교통정보센터(고속도로),127.87147,35.406912
4140,E913456,[중부선(통영대전)]굴암,국가교통정보센터(고속도로),127.589,36.001
4141,E913457,[중부선(통영대전)]내동,국가교통정보센터(고속도로),128.070129394531,35.1561737060546
4142,E913458,[중부선(통영대전)]대곡,국가교통정보센터(고속도로),127.627204895019,35.7050170898437
4143,E913459,[중부선(통영대전)]대암2교,국가교통정보센터(고속도로),127.485,36.166
4144,E913460,[중부선(통영대전)]독산(방음),국가교통정보센터(고속도로),128.065909,35.161082
4145,E913461,[중부선(통영대전)]매계,국가교통정보센터(고속도로),127.612754821777,35.7805519104003
4146,E913462,[중부선(통영대전)]범학,국가교통정보센터(고속도로),127.91143,35.381861
4147,E913463,[중부선(통영대전)]서창교,국가교통정보센터(고속도로),127.663,35.947
4148,E913464,[중부선(통영대전)]세천교,국가교통정보센터(고속도로),127.477027893066,36.3272628784179
4149,E913465,[중부선(통영대전)]송산,국가교통정보센터(고속도로),128.379562377929,34.9774742126464
4150,E913466,[중부선(통영대전)]시목2교,국가교통정보센터(고속도로),127.7731,35.594
4151,E913467,[중부선(통영대전)]어전2교,국가교통정보센터(고속도로),127.61,35.783
4152,E913468,[중부선(통영대전)]오동2교,국가교통정보센터(고속도로),127.623,35.707
4153,E913469,[중부선(통영대전)]육십령터널(13/15)_대전,국가교통정보센터(고속도로),127.6591187,35.68611526
4154,E913470,[중부선(통영대전)]육십령터널(15/15)_통영,국가교통정보센터(고속도로),127.6300812,35.70310974
4155,E913471,[중부선(통영대전)]특리,국가교통정보센터(고속도로),127.858406066894,35.4326515197753
4156,E913472,[중부선(통영대전)]평촌,국가교통정보센터(고속도로),127.840362548828,35.4739761352539
4157,E913473,[중부선(통영대전)]현내2교,국가교통정보센터(고속도로),127.56,36.045
4158,E913474,[중부선(통영대전)]황리,국가교통정보센터(고속도로),128.401580810546,34.9575614929199
4159,E913475,[중부선]가림교,국가교통정보센터(고속도로),127.659,35.964
4160,E913476,[중부선]가산교,국가교통정보센터(고속도로),127.476895,36.920598
4161,E913477,[중부선]경기광주분기점1,국가교통정보센터(고속도로),127.315711975097,37.3812294006347
4162,E913478,[중부선]곤지암,국가교통정보센터(고속도로),127.3210716,37.35232946
4163,E913479,[중부선]곤지암JCT,국가교통정보센터(고속도로),127.3407598,37.31984939
4164,E913480,[중부선]광주,국가교통정보센터(고속도로),127.2692883,37.44809903
4165,E913481,[중부선]광지원2교,국가교통정보센터(고속도로),127.25556,37.45323054
4166,E913483,[중부선]낙타고개1,국가교통정보센터(고속도로),127.4450252,37.11929898
4167,E913482,[중부선]낙타고개2,국가교통정보센터(고속도로),127.4386452,37.14540898
4168,E913484,[중부선]남이육교,국가교통정보센터(고속도로),127.420143127441,36.6016044616699
4169,E913485,[중부선]남이천,국가교통정보센터(고속도로),127.44123459,37.18186031
4170,E913486,[중부선]남촌교,국가교통정보센터(고속도로),127.4247436,36.68428875
4171,E913487,[중부선]농다리,국가교통정보센터(고속도로),127.49169921875,36.826358795166
4172,E913488,[중부선]농다리쉼터(남이),국가교통정보센터(고속도로),127.494361877441,36.8350868225097
4173,E913489,[중부선]늑현육교,국가교통정보센터(고속도로),127.317286,37.369572
4174,E913490,[중부선]대소,국가교통정보센터(고속도로),127.472549,36.942621
4175,E913491,[중부선]대소분기점,국가교통정보센터(고속도로),127.474075317382,36.9360923767089
4176,E913492,[중부선]대소분기점2,국가교통정보센터(고속도로),127.470223,36.95332728
4177,E913493,[중부선]대소쉼터(하남),국가교통정보센터(고속도로),127.469139099121,36.9776306152343
4178,E913494,[중부선]동서울영업소,국가교통정보센터(고속도로),127.221494,37.51773
4179,E913495,[중부선]마장분기점,국가교통정보센터(고속도로),127.413327,37.255659
4180,E913496,[중부선]매계2교,국가교통정보센터(고속도로),127.59,35.76
4181,E913497,[중부선]매촌1교,국가교통정보센터(고속도로),127.8606873,35.41931534
4182,E913499,[중부선]모가,국가교통정보센터(고속도로),127.4404726,37.16832113
4183,E913498,[중부선]모가졸음쉼터,국가교통정보센터(고속도로),127.4435326,37.19804113
4184,E913500,[중부선]목리교,국가교통정보센터(고속도로),127.4027,37.2675
4185,E913501,[중부선]무금,국가교통정보센터(고속도로),127.5743492,36.02994774
4186,E913502,[중부선]미잠육교,국가교통정보센터(고속도로),127.4773882,36.92178982
4187,E913503,[중부선]미호천,국가교통정보센터(고속도로),127.428452,36.698582
4188,E913504,[중부선]백곡천교,국가교통정보센터(고속도로),127.4940843,36.83801098
4189,E913505,[중부선]백천2교,국가교통정보센터(고속도로),127.7827835,35.52039337
4190,E913506,[중부선]번천졸음쉼터,국가교통정보센터(고속도로),127.2616895,37.45046688
4191,E913507,[중부선]비하,국가교통정보센터(고속도로),127.419167,36.633333
4192,E913508,[중부선]비하2,국가교통정보센터(고속도로),127.4177933,36.64008713
4193,E913509,[중부선]산곡분기점,국가교통정보센터(고속도로),127.246548,37.475601
4194,E913510,[중부선]산서,국가교통정보센터(고속도로),127.453,36.278
4195,E913511,[중부선]삼성,국가교통정보센터(고속도로),127.4818344,37.01679611
4196,E913512,[중부선]삼호교,국가교통정보센터(고속도로),127.466603,36.968321
4197,E913513,[중부선]상산곡,국가교통정보센터(고속도로),127.2403052,37.48569532
4198,E913514,[중부선]상산곡교,국가교통정보센터(고속도로),127.2372552,37.49375532
4199,E913515,[중부선]서이천,국가교통정보센터(고속도로),127.3913327,37.27722252
4200,E913516,[중부선]서청주,국가교통정보센터(고속도로),127.4205121,36.64988245
4201,E913517,[중부선]석곡교,국가교통정보센터(고속도로),127.4193773,36.61530722
4202,E913518,[중부선]송갈교,국가교통정보센터(고속도로),127.43944,37.21083
4203,E913519,[중부선]신월천교,국가교통정보센터(고속도로),127.30472,37.41083
4204,E913520,[중부선]신월천교2,국가교통정보센터(고속도로),127.30036,37.417358
4205,E913521,[중부선]안평,국가교통정보센터(고속도로),127.419052124023,37.2509231567382
4206,E913522,[중부선]여천교,국가교통정보센터(고속도로),127.507293701171,36.7800064086914
4207,E913523,[중부선]오창,국가교통정보센터(고속도로),127.4428036,36.71455875
4208,E913524,[중부선]오창분기점,국가교통정보센터(고속도로),127.4611588,36.73928833
4209,E913525,[중부선]오창쉼터(남이),국가교통정보센터(고속도로),127.454948425292,36.7329292297363
4210,E913526,[중부선]오창쉼터(하남),국가교통정보센터(고속도로),127.458137512207,36.7366294860839
4211,E913527,[중부선]오창휴게소,국가교통정보센터(고속도로),127.4764136,36.7519577
4212,E913528,[중부선]요광교,국가교통정보센터(고속도로),127.48,36.2
4213,E913529,[중부선]용면,국가교통정보센터(고속도로),127.3575,37.30694
4214,E913530,[중부선]용면교,국가교통정보센터(고속도로),127.36611,37.29639
4215,E913531,[중부선]월광2교,국가교통정보센터(고속도로),127.6,35.73
4216,E913532,[중부선]월정교,국가교통정보센터(고속도로),127.445907592773,37.0987091064453
4217,E913533,[중부선]은암,국가교통정보센터(고속도로),127.5075236,36.79158552
4218,E913534,[중부선]음성휴게소,국가교통정보센터(고속도로),127.4830273,37.02471113
4219,E913535,[중부선]이천휴게소,국가교통정보센터(고속도로),127.404499,37.2649
4220,E913536,[중부선]일죽,국가교통정보센터(고속도로),127.4511868,37.09061221
4221,E913537,[중부선]일죽쉼터(남이),국가교통정보센터(고속도로),127.459327697753,37.0811538696289
4222,E913538,[중부선]일죽쉼터(하남),국가교통정보센터(고속도로),127.458686828613,37.0818977355957
4223,E913539,[중부선]장암,국가교통정보센터(고속도로),127.4642368,37.07588221
4224,E913540,[중부선]장암1,국가교통정보센터(고속도로),127.466384887695,37.073013305664
4225,E913543,[중부선]중부1터널,국가교통정보센터(고속도로),127.2515958,37.45990371
4226,E913542,[중부선]중부2터널,국가교통정보센터(고속도로),127.28722,37.44028
4227,E913541,[중부선]중부3터널,국가교통정보센터(고속도로),127.2969444,37.4275
4228,E913544,[중부선]중석육교,국가교통정보센터(고속도로),127.490593,36.84820557
4229,E913545,[중부선]증평,국가교통정보센터(고속도로),127.5022436,36.7713977
4230,E913546,[중부선]증평1,국가교통정보센터(고속도로),127.4941387,36.76628116
4231,E913547,[중부선]진우,국가교통정보센터(고속도로),127.3445526,37.31759059
4232,E913548,[중부선]진주분기점2,국가교통정보센터(고속도로),128.10225,35.137195
4233,E913550,[중부선]진천,국가교통정보센터(고속도로),127.4757182,36.86873982
4234,E913549,[중부선]진천(구)졸음쉼터,국가교통정보센터(고속도로),127.485389709472,36.8550987243652
4235,E913552,[중부선]진천1,국가교통정보센터(고속도로),127.4780556,36.86194444
4236,E913551,[중부선]진천2,국가교통정보센터(고속도로),127.475435,36.866204
4237,E913553,[중부선]진천터널(남이1),국가교통정보센터(고속도로),127.5034027,36.80607986
4238,E913554,[중부선]진천터널2,국가교통정보센터(고속도로),127.493133544921,36.811466217041
4239,E913555,[중부선]진천터널외부(남이),국가교통정보센터(고속도로),127.494514,36.810586
4240,E913556,[중부선]진천터널외부(하남),국가교통정보센터(고속도로),127.507255554199,36.7988853454589
4241,E913557,[중부선]천현,국가교통정보센터(고속도로),127.220895,37.51912097
4242,E913558,[중부선]천현2,국가교통정보센터(고속도로),127.2059806,37.53168889
4243,E913559,[중부선]청용,국가교통정보센터(고속도로),127.4794205,37.0046564
4244,E913560,[중부선]초월1,국가교통정보센터(고속도로),127.312278747558,37.3943634033203
4245,E913561,[중부선]초평교,국가교통정보센터(고속도로),127.4908333,36.81638889
4246,E913562,[중부선]평동육교,국가교통정보센터(고속도로),127.423713684082,36.661148071289
4247,E913563,[중부선]하가,국가교통정보센터(고속도로),127.66,35.925
4248,E913564,[중부선]하남,국가교통정보센터(고속도로),127.21623,37.530307
4249,E913565,[중부선]하산곡,국가교통정보센터(고속도로),127.22583,37.50972
4250,E913566,[중부선]호법분기점,국가교통정보센터(고속도로),127.428684,37.230641
4251,E913567,[중부선]호법분기점2,국가교통정보센터(고속도로),127.4287796,37.22925568
4252,E913568,[중부선]호티2교,국가교통정보센터(고속도로),127.5,36.11
4253,E913569,[중부선]화봉육교,국가교통정보센터(고속도로),127.4763158,37.0502221
4254,E913570,[중부선]화봉육교1,국가교통정보센터(고속도로),127.477104187011,37.0459403991699
4255,E913571,[중부선]화산,국가교통정보센터(고속도로),127.489151000976,36.7637748718261
4256,E913572,[중부선]후안2교,국가교통정보센터(고속도로),127.43167,37.22028
4257,E913573,[중앙선][부산]죽령터널(부산외부1),국가교통정보센터(고속도로),128.409105,36.910006
4258,E913574,[중앙선][부산]죽령터널(부산외부2),국가교통정보센터(고속도로),128.457912,36.895317
4259,E913575,[중앙선][춘천]죽령터널(춘천외부1),국가교통정보센터(고속도로),128.457814,36.89555
4260,E913576,[중앙선][춘천]죽령터널(춘천외부2),국가교통정보센터(고속도로),128.408938,36.910362
4261,E913577,[중앙선]가산,국가교통정보센터(고속도로),128.5333536,36.09599231
4262,E913579,[중앙선]가산터널1,국가교통정보센터(고속도로),128.53727,36.114391
4263,E913578,[중앙선]각기2교,국가교통정보센터(고속도로),128.2822266,37.02081299
4264,E913580,[중앙선]갈풍1교,국가교통정보센터(고속도로),127.947006225585,37.4763641357421
4265,E913581,[중앙선]갈풍리,국가교통정보센터(고속도로),127.95059,37.48976
4266,E913582,[중앙선]강서낙동강교,국가교통정보센터(고속도로),128.974559,35.203675
4267,E913583,[중앙선]고상,국가교통정보센터(고속도로),128.614556,36.509625
4268,E913584,[중앙선]고상1,국가교통정보센터(고속도로),128.60924,36.505757
4269,E913585,[중앙선]고하,국가교통정보센터(고속도로),128.633085,36.528862
4270,E913586,[중앙선]고하1,국가교통정보센터(고속도로),128.62543,36.520809
4271,E913587,[중앙선]공근교,국가교통정보센터(고속도로),127.974243164062,37.5791358947753
4272,E913588,[중앙선]공근리,국가교통정보센터(고속도로),127.97365,37.570149
4273,E913589,[중앙선]관설1교,국가교통정보센터(고속도로),127.978699,37.300139
4274,E913590,[중앙선]관설3교,국가교통정보센터(고속도로),127.964164733886,37.3122863769531
4275,E913591,[중앙선]관음,국가교통정보센터(고속도로),128.5502729,35.95223641
4276,E913592,[중앙선]광격1교,국가교통정보센터(고속도로),127.931106567382,37.4488906860351
4277,E913593,[중앙선]광격2교,국가교통정보센터(고속도로),127.941627,37.463183
4278,E913594,[중앙선]괴정교,국가교통정보센터(고속도로),128.984161376953,35.2491950988769
4279,E913595,[중앙선]국곡,국가교통정보센터(고속도로),128.6053262,36.50167508
4280,E913596,[중앙선]군위,국가교통정보센터(고속도로),128.5593802,36.19918816
4281,E913597,[중앙선]군위2,국가교통정보센터(고속도로),128.560180664062,36.2107429504394
4282,E913598,[중앙선]군위BS,국가교통정보센터(고속도로),128.569213867187,36.2574348449707
4283,E913599,[중앙선]군위분기점,국가교통정보센터(고속도로),128.5505556,36.16027778
4284,E913600,[중앙선]군위터널,국가교통정보센터(고속도로),128.541175,36.146605
4285,E913601,[중앙선]군위터널2,국가교통정보센터(고속도로),128.5475159,36.15604401
4286,E913602,[중앙선]군위휴게소,국가교통정보센터(고속도로),128.574995,36.264124
4287,E913603,[중앙선]굴지터널,국가교통정보센터(고속도로),127.79778,37.72389
4288,E913604,[중앙선]금계천1교,국가교통정보센터(고속도로),127.98417,37.52333
4289,E913605,[중앙선]금계천2교,국가교통정보센터(고속도로),127.9798029,37.55850013
4290,E913607,[중앙선]금대3교,국가교통정보센터(고속도로),127.9925842,37.28879929
4291,E913606,[중앙선]금대4교,국가교통정보센터(고속도로),127.99333,37.28833
4292,E913608,[중앙선]금성교,국가교통정보센터(고속도로),128.190682,37.061045
4293,E913609,[중앙선]금창리,국가교통정보센터(고속도로),128.05923461914,37.2475547790527
4294,E913610,[중앙선]금호분기점,국가교통정보센터(고속도로),128.524365,35.899248
4295,E913611,[중앙선]금호분기점2,국가교통정보센터(고속도로),128.5250397,35.89380646
4296,E913612,[중앙선]금호분기점3,국가교통정보센터(고속도로),128.5237024,35.89384706
4297,E913613,[중앙선]금호터널,국가교통정보센터(고속도로),128.525994,35.907791
4298,E913614,[중앙선]금호터널1,국가교통정보센터(고속도로),128.527740478515,35.9179229736328
4299,E913615,[중앙선]기도4교,국가교통정보센터(고속도로),128.577886,36.382015
4300,E913616,[중앙선]기동리,국가교통정보센터(고속도로),128.293701171875,37.002758026123
4301,E913617,[중앙선]남산터널(부산)-외부,국가교통정보센터(고속도로),127.888721,37.659947
4302,E913618,[중앙선]남산터널(춘천)-외부,국가교통정보센터(고속도로),127.903637,37.657485
4303,E913619,[중앙선]남안동,국가교통정보센터(고속도로),128.6214475,36.47497024
4304,E913620,[중앙선]남원주,국가교통정보센터(고속도로),127.9311553,37.32310248
4305,E913621,[중앙선]남제천,국가교통정보센터(고속도로),128.1818423,37.07622078
4306,E913622,[중앙선]남조천교,국가교통정보센터(고속도로),128.3590698,36.91864395
4307,E913623,[중앙선]내성천교,국가교통정보센터(고속도로),128.557272,36.698821
4308,E913624,[중앙선]노동교,국가교통정보센터(고속도로),128.622756958007,36.5896949768066
4309,E913625,[중앙선]다부,국가교통정보센터(고속도로),128.5171191,36.04760827
4310,E913626,[중앙선]다부1교,국가교통정보센터(고속도로),128.520279,36.039589
4311,E913627,[중앙선]다부2교,국가교통정보센터(고속도로),128.5357787,36.06825675
4312,E913628,[중앙선]다부리,국가교통정보센터(고속도로),128.534645,36.057014
4313,E913629,[중앙선]다부리1,국가교통정보센터(고속도로),128.5302734375,36.0545501708984
4314,E913630,[중앙선]다부터널,국가교통정보센터(고속도로),128.536318,36.022622
4315,E913631,[중앙선]다부터널(부산외부),국가교통정보센터(고속도로),128.5306549,36.02755356
4316,E913632,[중앙선]단양,국가교통정보센터(고속도로),128.3651758,36.91794944
4317,E913633,[중앙선]단양대교,국가교통정보센터(고속도로),128.317449,36.943946
4318,E913634,[중앙선]단양터널(부산)입구,국가교통정보센터(고속도로),128.303239,36.957434
4319,E913635,[중앙선]단양휴게소,국가교통정보센터(고속도로),128.322579,36.940416
4320,E913636,[중앙선]단양휴게소2,국가교통정보센터(고속도로),128.290195,36.992856
4321,E913637,[중앙선]대가2교,국가교통정보센터(고속도로),128.26278,37.03139
4322,E913638,[중앙선]대감분기점,국가교통정보센터(고속도로),128.982013,35.267278
4323,E913639,[중앙선]대동-대감분기점,국가교통정보센터(고속도로),128.984252929687,35.2742004394531
4324,E913640,[중앙선]대동분기점,국가교통정보센터(고속도로),128.984949,35.279399
4325,E913641,[중앙선]대사1교,국가교통정보센터(고속도로),128.5862723,36.34412442
4326,E913643,[중앙선]대사2,국가교통정보센터(고속도로),128.58511352539,36.3407096862792
4327,E913642,[중앙선]대사3교,국가교통정보센터(고속도로),128.578311,36.355849
4328,E913645,[중앙선]도리원교,국가교통정보센터(고속도로),128.581817626953,36.2955856323242
4329,E913644,[중앙선]독양교,국가교통정보센터(고속도로),128.5726042,36.72154303
4330,E913646,[중앙선]동명교,국가교통정보센터(고속도로),128.5506445,35.99574481
4331,E913647,[중앙선]동명휴게소,국가교통정보센터(고속도로),128.5497679,36.00296546
4332,E913648,[중앙선]만운2교,국가교통정보센터(고속도로),128.5686058,36.61119916
4333,E913649,[중앙선]만종육교,국가교통정보센터(고속도로),127.902448,37.365542
4334,E913650,[중앙선]만종졸음쉼터,국가교통정보센터(고속도로),127.9086,37.35171
4335,E913651,[중앙선]만종터널(부산),국가교통정보센터(고속도로),127.91487,37.33837
4336,E913652,[중앙선]만종터널(춘천),국가교통정보센터(고속도로),127.9147,37.33888
4337,E913653,[중앙선]매곡2교,국가교통정보센터(고속도로),127.980125427246,37.5388488769531
4338,E913654,[중앙선]매곡리,국가교통정보센터(고속도로),127.981483459472,37.5260925292968
4339,E913655,[중앙선]명도2교,국가교통정보센터(고속도로),128.127241,37.16416
4340,E913657,[중앙선]명암2교,국가교통정보센터(고속도로),128.1299119,37.18528
4341,E913656,[중앙선]명암3교,국가교통정보센터(고속도로),128.1257172,37.19816971
4342,E913658,[중앙선]무장2교,국가교통정보센터(고속도로),127.908638000488,37.415542602539
4343,E913659,[중앙선]무장리,국가교통정보센터(고속도로),127.898868,37.409227
4344,E913660,[중앙선]미석,국가교통정보센터(고속도로),128.57722,36.733944
4345,E913661,[중앙선]반곡리,국가교통정보센터(고속도로),127.945,37.468056
4346,E913662,[중앙선]방량2교,국가교통정보센터(고속도로),127.915412902832,37.6499633789062
4347,E913663,[중앙선]백운2교,국가교통정보센터(고속도로),128.010818481445,37.2696113586425
4348,E913664,[중앙선]보문터널(부산외부1),국가교통정보센터(고속도로),128.5482941,36.6402626
4349,E913665,[중앙선]보문터널(춘천외부1),국가교통정보센터(고속도로),128.5527344,36.6301651
4350,E913666,[중앙선]봉명2교,국가교통정보센터(고속도로),127.794204711914,37.763916015625
4351,E913667,[중앙선]봉암교,국가교통정보센터(고속도로),128.54023,36.832537
4352,E913668,[중앙선]봉양BS,국가교통정보센터(고속도로),128.585394,36.300116
4353,E913669,[중앙선]봉양교,국가교통정보센터(고속도로),128.589337,36.305
4354,E913670,[중앙선]봉양리,국가교통정보센터(고속도로),128.137222290039,37.1428909301757
4355,E913671,[중앙선]봉현터널,국가교통정보센터(고속도로),128.496865,36.870836
4356,E913672,[중앙선]북단양,국가교통정보센터(고속도로),128.2883103,37.01503607
4357,E913673,[중앙선]북상1교,국가교통정보센터(고속도로),128.33901977539,36.9241867065429
4358,E913674,[중앙선]북원주,국가교통정보센터(고속도로),127.922637,37.420446
4359,E913675,[중앙선]비끼재,국가교통정보센터(고속도로),128.1242808,37.19937844
4360,E913676,[중앙선]사부교,국가교통정보센터(고속도로),128.586938,36.319915
4361,E913677,[중앙선]사암2교,국가교통정보센터(고속도로),127.779096,37.821942
4362,E913678,[중앙선]사직,국가교통정보센터(고속도로),128.555098,36.217359
4363,E913679,[중앙선]삼마치터널(부산)-외부,국가교통정보센터(고속도로),127.942269,37.621521
4364,E913680,[중앙선]삼마치터널(춘천)-외부,국가교통정보센터(고속도로),127.962186,37.609462
4365,E913681,[중앙선]상리교,국가교통정보센터(고속도로),128.290344238281,36.972858428955
4366,E913682,[중앙선]상리천교,국가교통정보센터(고속도로),128.595802,36.596888
4367,E913683,[중앙선]상방교,국가교통정보센터(고속도로),128.325943,36.93649292
4368,E913684,[중앙선]서안동,국가교통정보센터(고속도로),128.6260884,36.58912129
4369,E913685,[중앙선]서안동1,국가교통정보센터(고속도로),128.60969543457,36.5920715332031
4370,E913686,[중앙선]섬강교,국가교통정보센터(고속도로),127.930549621582,37.4309730529785
4371,E913687,[중앙선]소야교,국가교통정보센터(고속도로),128.2737344,37.02755682
4372,E913688,[중앙선]소야리,국가교통정보센터(고속도로),128.2657401,37.02974301
4373,E913689,[중앙선]수계1교,국가교통정보센터(고속도로),128.54854,36.675227
4374,E913690,[중앙선]수계3교,국가교통정보센터(고속도로),128.5548242,36.69182303
4375,E913692,[중앙선]수곡1교,국가교통정보센터(고속도로),128.641099,36.575646
4376,E913691,[중앙선]수곡2교,국가교통정보센터(고속도로),128.633087158203,36.5848159790039
4377,E913694,[중앙선]수서1교,국가교통정보센터(고속도로),128.5552862,36.18997636
4378,E913693,[중앙선]수서2,국가교통정보센터(고속도로),128.550201416015,36.185131072998
4379,E913695,[중앙선]신림,국가교통정보센터(고속도로),128.0875844,37.2258204
4380,E913696,[중앙선]신림교,국가교통정보센터(고속도로),128.12678527832,37.1965866088867
4381,E913697,[중앙선]신림교,국가교통정보센터(고속도로),128.0631145,37.24249723
4382,E913698,[중앙선]신림리,국가교통정보센터(고속도로),128.085205078125,37.2299194335937
4383,E913699,[중앙선]신양,국가교통정보센터(고속도로),128.55851,36.6168
4384,E913700,[중앙선]신양1교,국가교통정보센터(고속도로),128.5541928,36.62407503
4385,E913701,[중앙선]신평분기점,국가교통정보센터(고속도로),127.895213,37.374679
4386,E913702,[중앙선]신평저수지,국가교통정보센터(고속도로),127.892807006835,37.391918182373
4387,E913703,[중앙선]안동휴게소,국가교통정보센터(고속도로),128.6457183,36.56203292
4388,E913704,[중앙선]안평,국가교통정보센터(고속도로),128.572611,36.368431
4389,E913705,[중앙선]어둔교,국가교통정보센터(고속도로),127.9722183,37.59387701
4390,E913706,[중앙선]역전평교,국가교통정보센터(고속도로),127.792724609375,37.7276878356933
4391,E913707,[중앙선]연봉교,국가교통정보센터(고속도로),127.873847961425,37.6709785461425
4392,E913708,[중앙선]영주,국가교통정보센터(고속도로),128.5717023,36.76922176
4393,E913709,[중앙선]영주휴게소,국가교통정보센터(고속도로),128.5473171,36.80696588
4394,E913710,[중앙선]예천,국가교통정보센터(고속도로),128.5416186,36.66816881
4395,E913711,[중앙선]오산교,국가교통정보센터(고속도로),127.986122131347,37.515769958496
4396,E913712,[중앙선]오암,국가교통정보센터(고속도로),128.536148071289,36.6585578918457
4397,E913713,[중앙선]오암2교,국가교통정보센터(고속도로),128.5406096,36.65108214
4398,E913714,[중앙선]용각리,국가교통정보센터(고속도로),128.61961364746,36.4489631652832
4399,E913715,[중앙선]용부원2교,국가교통정보센터(고속도로),128.3803804,36.9183621
4400,E913716,[중앙선]용산,국가교통정보센터(고속도로),128.541764,36.812553
4401,E913717,[중앙선]용산2교,국가교통정보센터(고속도로),128.54280090332,36.8114852905273
4402,E913718,[중앙선]원무2터널(부산)-외부,국가교통정보센터(고속도로),127.7698877,37.77798728
4403,E913719,[중앙선]원무2터널(춘천)-외부,국가교통정보센터(고속도로),127.778007,37.772207
4404,E913720,[중앙선]원주휴게소,국가교통정보센터(고속도로),127.9304995,37.43982271
4405,E913722,[중앙선]원창3교,국가교통정보센터(고속도로),127.768892,37.78444
4406,E913721,[중앙선]원창4교,국가교통정보센터(고속도로),127.769142150878,37.7852058410644
4407,E913723,[중앙선]원창5교,국가교통정보센터(고속도로),127.770897,37.805512
4408,E913724,[중앙선]원창고개,국가교통정보센터(고속도로),127.776208,37.81991095
4409,E913725,[중앙선]월림1교,국가교통정보센터(고속도로),128.184585571289,37.0728454589843
4410,E913726,[중앙선]월림4교,국가교통정보센터(고속도로),128.161010742187,37.0892372131347
4411,E913727,[중앙선]월운2교,국가교통정보센터(고속도로),127.9325,37.6325
4412,E913728,[중앙선]위천교,국가교통정보센터(고속도로),128.5586788,36.23971766
4413,E913730,[중앙선]읍내2,국가교통정보센터(고속도로),128.551297,35.973634
4414,E913729,[중앙선]읍내졸음쉼터(춘천),국가교통정보센터(고속도로),128.547180175781,35.9484176635742
4415,E913731,[중앙선]읍내터널,국가교통정보센터(고속도로),128.5509033,35.9799881
4416,E913732,[중앙선]의성,국가교통정보센터(고속도로),128.5807752,36.29199961
4417,E913733,[중앙선]일직터널,국가교통정보센터(고속도로),128.602451,36.411341
4418,E913734,[중앙선]장수교,국가교통정보센터(고속도로),128.569595336914,36.7747230529785
4419,E913735,[중앙선]장전평2교,국가교통정보센터(고속도로),127.87861,37.66422
4420,E913736,[중앙선]장천,국가교통정보센터(고속도로),128.541288,36.12489013
4421,E913737,[중앙선]장평리,국가교통정보센터(고속도로),128.149169921875,37.123794555664
4422,E913738,[중앙선]장평리교,국가교통정보센터(고속도로),128.149613,37.122081
4423,E913739,[중앙선]적성터널(춘천)입구,국가교통정보센터(고속도로),128.2903442,36.97285843
4424,E913740,[중앙선]적성터널(춘천)출구,국가교통정보센터(고속도로),128.2885742,36.98539352
4425,E913741,[중앙선]전구,국가교통정보센터(고속도로),128.477442,36.87935
4426,E913742,[중앙선]전구1교,국가교통정보센터(고속도로),128.49351,36.872538
4427,E913743,[중앙선]전구2교,국가교통정보센터(고속도로),128.46841,36.886876
4428,E913744,[중앙선]제천,국가교통정보센터(고속도로),128.1424119,37.13320001
4429,E913745,[중앙선]제천터널(부산)외부,국가교통정보센터(고속도로),128.205441,37.051024
4430,E913746,[중앙선]제천터널(춘천)외부,국가교통정보센터(고속도로),128.230577,37.048193
4431,E913747,[중앙선]제천휴게소,국가교통정보센터(고속도로),128.158068,37.091543
4432,E913748,[중앙선]조양2교,국가교통정보센터(고속도로),127.793988,37.750735
4433,E913749,[중앙선]조탑교,국가교통정보센터(고속도로),128.618167,36.462289
4434,E913750,[중앙선]주산리,국가교통정보센터(고속도로),127.927474975585,37.4234237670898
4435,E913756,[중앙선]주포천교,국가교통정보센터(고속도로),128.082155,37.23195
4436,E913751,[중앙선]죽령교,국가교통정보센터(고속도로),128.464261,36.891661
4437,E913757,[중앙선]죽령터널(11/22)_부산,국가교통정보센터(고속도로),128.4328156,36.90332413
4438,E913759,[중앙선]죽령터널(16/22)_춘천,국가교통정보센터(고속도로),128.4254303,36.90548706
4439,E913758,[중앙선]죽령터널(17/22)_부산,국가교통정보센터(고속도로),128.4454651,36.89962006
4440,E913760,[중앙선]죽령터널(9/22)_춘천,국가교통정보센터(고속도로),128.439148,36.90149307
4441,E913754,[중앙선]죽령터널(부산13),국가교통정보센터(고속도로),128.441931,36.900335
4442,E913755,[중앙선]죽령터널(춘천7),국가교통정보센터(고속도로),128.430065,36.904041
4443,E913752,[중앙선]죽령터널졸음쉼터(부산),국가교통정보센터(고속도로),128.39891,36.913229
4444,E913753,[중앙선]죽령터널졸음쉼터(춘천),국가교통정보센터(고속도로),128.396213,36.914109
4445,E913762,[중앙선]창길1교,국가교통정보센터(고속도로),128.583190917968,36.3913612365722
4446,E913761,[중앙선]창길2교,국가교통정보센터(고속도로),128.5933164,36.39961013
4447,E913763,[중앙선]창길3교,국가교통정보센터(고속도로),128.596405029296,36.4069862365722
4448,E913764,[중앙선]천평교,국가교통정보센터(고속도로),128.5348152,36.08607273
4449,E913765,[중앙선]초정,국가교통정보센터(고속도로),128.979432,35.231836
4450,E913766,[중앙선]초정교,국가교통정보센터(고속도로),128.983902,35.24293518
4451,E913767,[중앙선]춘천,국가교통정보센터(고속도로),127.765239,37.843057
4452,E913768,[중앙선]춘천분기점,국가교통정보센터(고속도로),127.792102,37.739515
4453,E913769,[중앙선]춘천영업소,국가교통정보센터(고속도로),127.77812,37.838818
4454,E913770,[중앙선]춘천휴게소,국가교통정보센터(고속도로),127.767761230468,37.8140525817871
4455,E913771,[중앙선]치악1터널,국가교통정보센터(고속도로),128.035552,37.262122
4456,E913773,[중앙선]치악휴게소(부산),국가교통정보센터(고속도로),128.0498694,37.25440916
4457,E913774,[중앙선]치악휴게소(춘천),국가교통정보센터(고속도로),128.04701,37.255814
4458,E913772,[중앙선]치악휴게소2,국가교통정보센터(고속도로),128.053112,37.25193444
4459,E913775,[중앙선]칠곡,국가교통정보센터(고속도로),128.5347695,35.93572037
4460,E913776,[중앙선]칠곡2,국가교통정보센터(고속도로),128.541137695312,35.9444541931152
4461,E913777,[중앙선]파지1교,국가교통정보센터(고속도로),128.559775,36.794588
4462,E913778,[중앙선]평팔,국가교통정보센터(고속도로),128.614382,36.424735
4463,E913779,[중앙선]평팔4교,국가교통정보센터(고속도로),128.621661,36.43234117
4464,E913780,[중앙선]평팔리,국가교통정보센터(고속도로),128.617584228515,36.4429092407226
4465,E913781,[중앙선]풍기,국가교통정보센터(고속도로),128.5303083,36.85260749
4466,E913782,[중앙선]풍산,국가교통정보센터(고속도로),128.640808105468,36.5759811401367
4467,E913785,[중앙선]하원곡3교,국가교통정보센터(고속도로),128.243865966796,37.0415382385253
4468,E913786,[중앙선]하화계리,국가교통정보센터(고속도로),127.851745605468,37.6913452148437
4469,E913787,[중앙선]학곡1교,국가교통정보센터(고속도로),127.951477050781,37.490234375
4470,E913783,[중앙선]학산교,국가교통정보센터(고속도로),128.1029039,37.20721053
4471,E913784,[중앙선]학산리,국가교통정보센터(고속도로),128.09861755371,37.2103042602539
4472,E913788,[중앙선]현곡교,국가교통정보센터(고속도로),129.006783,35.918066
4473,E913789,[중앙선]현곡리,국가교통정보센터(고속도로),128.30906677246,36.9505882263183
4474,E913790,[중앙선]호문철교,국가교통정보센터(고속도로),128.575852,36.755136
4475,E913791,[중앙선]홍천,국가교통정보센터(고속도로),127.8558486,37.67802845
4476,E913792,[중앙선]홍천강3교,국가교통정보센터(고속도로),127.813980102539,37.7136344909667
4477,E913793,[중앙선]홍천강휴게소,국가교통정보센터(고속도로),127.831213,37.710808
4478,E913794,[중앙선]횡성,국가교통정보센터(고속도로),127.9682021,37.50368494
4479,E913795,[중앙선지선]덕산,국가교통정보센터(고속도로),128.9834137,35.28032303
4480,E913796,[중앙선지선]석산교,국가교통정보센터(고속도로),129.0300293,35.32834625
4481,E913797,[중앙지선]남양산,국가교통정보센터(고속도로),129.025271,35.32558365
4482,E913798,[중앙지선]대동1(김해),국가교통정보센터(고속도로),128.943911,35.242325
4483,E913799,[중앙지선]대동2(김해),국가교통정보센터(고속도로),128.959091186523,35.2564888000488
4484,E913800,[중앙지선]대동3(김해),국가교통정보센터(고속도로),128.975891113281,35.2750549316406
4485,E913801,[중앙지선]물금,국가교통정보센터(고속도로),129.0120154,35.3085422
4486,E913802,[중앙지선]양산낙동강교,국가교통정보센터(고속도로),128.996658,35.286134
4487,E913803,[중앙지선]양산천교,국가교통정보센터(고속도로),129.015869140625,35.318374633789
4488,E913804,[중앙지선]증산교,국가교통정보센터(고속도로),129.009826660156,35.2983894348144
4489,E913805,[천안논산선]233km↑,국가교통정보센터(고속도로),127.0834833,36.41616111
4490,E913807,[천안논산선]248.9km,국가교통정보센터(고속도로),127.1153917,36.54975
4491,E913806,[천안논산선]255.4km,국가교통정보센터(고속도로),127.116444,36.60725
4492,E913808,[천안논산선]검상교,국가교통정보센터(고속도로),127.079639,36.435278
4493,E913809,[천안논산선]공주JCT,국가교통정보센터(고속도로),127.091861,36.485639
4494,E913810,[천안논산선]공주JCT/남,국가교통정보센터(고속도로),127.089167,36.479778
4495,E913811,[천안논산선]광명교,국가교통정보센터(고속도로),127.072333,36.3285
4496,E913812,[천안논산선]광정교↑,국가교통정보센터(고속도로),127.1184861,36.61185278
4497,E913813,[천안논산선]남공주IC,국가교통정보센터(고속도로),127.080611,36.427417
4498,E913814,[천안논산선]남공주IC/북↓,국가교통정보센터(고속도로),127.0787667,36.43192222
4499,E913815,[천안논산선]남논산TG/북,국가교통정보센터(고속도로),127.0848312,36.0979538
4500,E913816,[천안논산선]남논산TG/졸음↓,국가교통정보센터(고속도로),127.0800611,36.10336389
4501,E913817,[천안논산선]남천안IC,국가교통정보센터(고속도로),127.16525,36.756222
4502,E913819,[천안논산선]남풍세IC/상VMS↑,국가교통정보센터(고속도로),127.1224722,36.71180278
4503,E913818,[천안논산선]남풍세↑,국가교통정보센터(고속도로),127.141425,36.72301944
4504,E913820,[천안논산선]내촌2교↑,국가교통정보센터(고속도로),127.1151611,36.60221389
4505,E913821,[천안논산선]논산JCT/북,국가교통정보센터(고속도로),127.101539,36.083703
4506,E913822,[천안논산선]논산천교,국가교통정보센터(고속도로),127.051722,36.180583
4507,E913823,[천안논산선]마전교,국가교통정보센터(고속도로),127.085586,36.097489
4508,E913824,[천안논산선]무학천교,국가교통정보센터(고속도로),127.11875,36.695111
4509,E913825,[천안논산선]반촌교,국가교통정보센터(고속도로),127.111,36.513
4510,E913826,[천안논산선]북공주JCT,국가교통정보센터(고속도로),127.100944,36.499806
4511,E913827,[천안논산선]삼성3교,국가교통정보센터(고속도로),127.172056,36.762111
4512,E913828,[천안논산선]서논산IC/남,국가교통정보센터(고속도로),127.051553,36.219531
4513,E913829,[천안논산선]서논산IC/북,국가교통정보센터(고속도로),127.054389,36.227806
4514,E913830,[천안논산선]소사교↑,국가교통정보센터(고속도로),127.0651167,36.26795
4515,E913831,[천안논산선]송정천교,국가교통정보센터(고속도로),127.062909,36.283327
4516,E913832,[천안논산선]신당교,국가교통정보센터(고속도로),127.064167,36.251167
4517,E913833,[천안논산선]신화2교,국가교통정보센터(고속도로),127.070092,36.129844
4518,E913834,[천안논산선]신흥교,국가교통정보센터(고속도로),127.120556,36.707889
4519,E913835,[천안논산선]연무IC,국가교통정보센터(고속도로),127.06035,36.147275
4520,E913836,[천안논산선]오룡교↑,국가교통정보센터(고속도로),127.0775528,36.40393611
4521,E913838,[천안논산선]용성천1교,국가교통정보센터(고속도로),127.074139,36.378444
4522,E913837,[천안논산선]용성천2교,국가교통정보센터(고속도로),127.074667,36.397889
4523,E913839,[천안논산선]우성교,국가교통정보센터(고속도로),127.088917,36.46925
4524,E913840,[천안논산선]운궁교,국가교통정보센터(고속도로),127.115028,36.59125
4525,E913841,[천안논산선]웅진대교/남,국가교통정보센터(고속도로),127.088528,36.44825
4526,E913842,[천안논산선]웅진대교/북,국가교통정보센터(고속도로),127.091561,36.459639
4527,E913843,[천안논산선]원남교↓,국가교통정보센터(고속도로),127.0513306,36.21065521
4528,E913844,[천안논산선]이인SA/남,국가교통정보센터(고속도로),127.067556,36.346972
4529,E913845,[천안논산선]이인SA/북,국가교통정보센터(고속도로),127.069611,36.358972
4530,E913846,[천안논산선]인풍교,국가교통정보센터(고속도로),127.111583,36.642
4531,E913868,[천안논산선]전평교,국가교통정보센터(고속도로),127.111806,36.558111
4532,E913847,[천안논산선]전평교/북↓,국가교통정보센터(고속도로),127.1118278,36.56524167
4533,E913848,[천안논산선]정안IC,국가교통정보센터(고속도로),127.120528,36.626944
4534,E913849,[천안논산선]정안IC/북,국가교통정보센터(고속도로),127.1185,36.635278
4535,E913850,[천안논산선]정안SA,국가교통정보센터(고속도로),127.113833,36.570389
4536,E913851,[천안논산선]정안교,국가교통정보센터(고속도로),127.115083,36.545306
4537,E913852,[천안논산선]정우TN/남,국가교통정보센터(고속도로),127.110389,36.52125
4538,E913853,[천안논산선]정우TN/북,국가교통정보센터(고속도로),127.110639,36.534444
4539,E913855,[천안논산선]차령TN/남,국가교통정보센터(고속도로),127.110333,36.65125
4540,E913854,[천안논산선]차령TN/남↓,국가교통정보센터(고속도로),127.1100722,36.65082778
4541,E913857,[천안논산선]차령TN/북,국가교통정보센터(고속도로),127.1175472,36.68280556
4542,E913856,[천안논산선]차령TN/북,국가교통정보센터(고속도로),127.11775,36.682889
4543,E913858,[천안논산선]채운철교,국가교통정보센터(고속도로),127.053444,36.162639
4544,E913859,[천안논산선]천안JCT,국가교통정보센터(고속도로),127.182333,36.767361
4545,E913860,[천안논산선]탄천IC,국가교통정보센터(고속도로),127.068278,36.301111
4546,E913861,[천안논산선]탄천SA,국가교통정보센터(고속도로),127.071222,36.313806
4547,E913862,[천안논산선]풍세TG/남↑,국가교통정보센터(고속도로),127.1534778,36.73353889
4548,E913863,[천안논산선]풍세TG/북,국가교통정보센터(고속도로),127.160444,36.741222
4549,E913864,[천안논산선]풍세TG/졸음↑,국가교통정보센터(고속도로),127.1570639,36.73725556
4550,E913865,[천안논산선]풍세교,국가교통정보센터(고속도로),127.147028,36.727028
4551,E913866,[천안논산선]호정1교,국가교통정보센터(고속도로),127.126222,36.717528
4552,E913867,[천안논산선]화정2교↑,국가교통정보센터(고속도로),127.0516815,36.19804001
4553,E913869,[청주상주선]문의청남대,국가교통정보센터(고속도로),127.5076384,36.52991757
4554,E913870,[청주상주선]문의청남대휴게소,국가교통정보센터(고속도로),127.49222,36.54
4555,E913871,[청주영덕선][청원]내서1터널(청원),국가교통정보센터(고속도로),128.04034,36.42767
4556,E913872,[청주영덕선]가덕,국가교통정보센터(고속도로),127.518622,36.526631
4557,E913873,[청주영덕선]갈평교,국가교통정보센터(고속도로),127.8330241,36.45558588
4558,E913874,[청주영덕선]갈평육교,국가교통정보센터(고속도로),127.844833374023,36.455467224121
4559,E913875,[청주영덕선]구병산교,국가교통정보센터(고속도로),127.8544141,36.45197588
4560,E913876,[청주영덕선]금굴교,국가교통정보센터(고속도로),127.728141784667,36.4565315246582
4561,E913877,[청주영덕선]금산리,국가교통정보센터(고속도로),127.92943572998,36.4443664550781
4562,E913878,[청주영덕선]길안1터널,국가교통정보센터(고속도로),128.865728,36.436834
4563,E913879,[청주영덕선]길안1터널(청주외부),국가교통정보센터(고속도로),128.865728,36.436817
4564,E913881,[청주영덕선]길안3터널(영덕외부1),국가교통정보센터(고속도로),128.9481474,36.43941342
4565,E913880,[청주영덕선]길안3터널(영덕외부2),국가교통정보센터(고속도로),128.9581444,36.4395744
4566,E913882,[청주영덕선]길안4터널(청주외부),국가교통정보센터(고속도로),128.959281,36.440165
4567,E913883,[청주영덕선]길안천교,국가교통정보센터(고속도로),128.8952261,36.43775574
4568,E913885,[청주영덕선]나각산터널(영덕외부),국가교통정보센터(고속도로),128.308794,36.375363
4569,E913884,[청주영덕선]낙동분기점_청주영덕,국가교통정보센터(고속도로),128.227954,36.367013
4570,E913886,[청주영덕선]남상주,국가교통정보센터(고속도로),128.1401146,36.36780588
4571,E913887,[청주영덕선]내서1교,국가교통정보센터(고속도로),128.05889,36.41088089
4572,E913888,[청주영덕선]내서1터널,국가교통정보센터(고속도로),128.040417,36.427541
4573,E913889,[청주영덕선]내서1터널(영덕),국가교통정보센터(고속도로),128.04079,36.42735
4574,E913890,[청주영덕선]내서3터널(영덕외부),국가교통정보센터(고속도로),128.096761,36.393028
4575,E913891,[청주영덕선]내서3터널(청주)-외부,국가교통정보센터(고속도로),128.084626,36.402045
4576,E913893,[청주영덕선]내서4터널(청주)-외부-1/2,국가교통정보센터(고속도로),128.115991,36.380021
4577,E913892,[청주영덕선]내서4터널(청주)-외부-2/2,국가교통정보센터(고속도로),128.098913,36.392321
4578,E913894,[청주영덕선]단밀1터널,국가교통정보센터(고속도로),128.3198205,36.37535734
4579,E913895,[청주영덕선]단밀2터널,국가교통정보센터(고속도로),128.331481,36.374797
4580,E913896,[청주영덕선]단밀2터널(청주외부),국가교통정보센터(고속도로),128.344971,36.378052
4581,E913897,[청주영덕선]단밀4터널(청주외부),국가교통정보센터(고속도로),128.351522,36.380881
4582,E913898,[청주영덕선]단촌1터널,국가교통정보센터(고속도로),128.6537929,36.42267599
4583,E913900,[청주영덕선]단촌2터널,국가교통정보센터(고속도로),128.7067177,36.41921624
4584,E913899,[청주영덕선]단촌3터널(영덕외부),국가교통정보센터(고속도로),128.712869,36.420664
4585,E913901,[청주영덕선]단촌4터널(청주외부1),국가교통정보센터(고속도로),128.726171,36.422027
4586,E913902,[청주영덕선]단촌4터널(청주외부2),국가교통정보센터(고속도로),128.752453,36.416183
4587,E913903,[청주영덕선]단촌철교,국가교통정보센터(고속도로),128.6763117,36.41957603
4588,E913904,[청주영덕선]달산2터널(영덕외부),국가교통정보센터(고속도로),129.2734693,36.41886439
4589,E913905,[청주영덕선]달산2터널(영덕외부1),국가교통정보센터(고속도로),129.291505,36.400568
4590,E913906,[청주영덕선]달천1교,국가교통정보센터(고속도로),127.9408264,36.43927679
4591,E913907,[청주영덕선]동상주,국가교통정보센터(고속도로),128.2949658,36.37591072
4592,E913908,[청주영덕선]동안동,국가교통정보센터(고속도로),128.8877754,36.4365986
4593,E913909,[청주영덕선]동청송영양,국가교통정보센터(고속도로),129.1214635,36.49403655
4594,E913910,[청주영덕선]묵계1교,국가교통정보센터(고속도로),128.923861,36.437472
4595,E913911,[청주영덕선]문동,국가교통정보센터(고속도로),127.47306,36.55
4596,E913912,[청주영덕선]문동1,국가교통정보센터(고속도로),127.470901489257,36.5517807006835
4597,E913913,[청주영덕선]문의1터널(영덕2),국가교통정보센터(고속도로),127.55361,36.51206
4598,E913914,[청주영덕선]문의1터널(영덕외부),국가교통정보센터(고속도로),127.545131,36.512911
4599,E913917,[청주영덕선]문의1터널(청주2),국가교통정보센터(고속도로),127.5525,36.5123
4600,E913915,[청주영덕선]문의2터널(영덕외부),국가교통정보센터(고속도로),127.557925,36.511775
4601,E913916,[청주영덕선]문의2터널(청주)-외부,국가교통정보센터(고속도로),127.561201,36.511964
4602,E913918,[청주영덕선]문의교,국가교통정보센터(고속도로),127.53222,36.52167
4603,E913919,[청주영덕선]문의청남대휴게소1,국가교통정보센터(고속도로),127.481124877929,36.5447998046875
4604,E913920,[청주영덕선]미천교,국가교통정보센터(고속도로),128.8010603,36.41269495
4605,E913921,[청주영덕선]보은,국가교통정보센터(고속도로),127.71861,36.45667
4606,E913923,[청주영덕선]보청교,국가교통정보센터(고속도로),127.667381286621,36.4725685119628
4607,E913922,[청주영덕선]복곡2교,국가교통정보센터(고속도로),129.2008055,36.46616667
4608,E913924,[청주영덕선]북의성,국가교통정보센터(고속도로),128.691970825195,36.4187507629394
4609,E913925,[청주영덕선]사일산터널(영덕외부),국가교통정보센터(고속도로),128.970928,36.442591
4610,E913927,[청주영덕선]사일산터널(청주외부1),국가교통정보센터(고속도로),129.001321,36.455338
4611,E913926,[청주영덕선]사일산터널(청주외부2),국가교통정보센터(고속도로),128.9978234,36.45487748
4612,E913928,[청주영덕선]삼가천교,국가교통정보센터(고속도로),127.8116341,36.45530588
4613,E913929,[청주영덕선]상곡교,국가교통정보센터(고속도로),127.9845209,36.44225588
4614,E913930,[청주영덕선]상주분기점,국가교통정보센터(고속도로),128.277801513671,36.3747253417968
4615,E913931,[청주영덕선]상주쉼터(영덕),국가교통정보센터(고속도로),128.067581176757,36.4080276489257
4616,E913932,[청주영덕선]상주쉼터(청주),국가교통정보센터(고속도로),128.044128417968,36.4258651733398
4617,E913933,[청주영덕선]상주휴게소,국가교통정보센터(고속도로),128.1884718,36.37397856
4618,E913934,[청주영덕선]서변1교,국가교통정보센터(고속도로),128.767349243164,36.4160690307617
4619,E913935,[청주영덕선]서원1교,국가교통정보센터(고속도로),128.0060172,36.43912401
4620,E913937,[청주영덕선]서원3교,국가교통정보센터(고속도로),128.00813,36.438018
4621,E913936,[청주영덕선]서원4교,국가교통정보센터(고속도로),128.0227105,36.42921451
4622,E913938,[청주영덕선]서의성,국가교통정보센터(고속도로),128.4098,36.4007554
4623,E913939,[청주영덕선]서재교,국가교통정보센터(고속도로),128.3663805,36.38730263
4624,E913940,[청주영덕선]성리교,국가교통정보센터(고속도로),127.6987978,36.46246592
4625,E913941,[청주영덕선]성암교,국가교통정보센터(고속도로),128.387576,36.39573703
4626,E913942,[청주영덕선]속리산,국가교통정보센터(고속도로),127.7867451,36.45558588
4627,E913943,[청주영덕선]속리산휴게소,국가교통정보센터(고속도로),127.8738541,36.44530588
4628,E913944,[청주영덕선]수리티교,국가교통정보센터(고속도로),127.635124206542,36.4746971130371
4629,E913945,[청주영덕선]수리티터널(청주)-외부,국가교통정보센터(고속도로),127.651988,36.473783
4630,E913946,[청주영덕선]수한터널,국가교통정보센터(고속도로),127.679444,36.470278
4631,E913947,[청주영덕선]신촌,국가교통정보센터(고속도로),128.072982788085,36.4069023132324
4632,E913948,[청주영덕선]안동분기점,국가교통정보센터(고속도로),128.6216905,36.43278098
4633,E913949,[청주영덕선]안사1터널(영덕외부),국가교통정보센터(고속도로),128.4794921875,36.4044380187988
4634,E913950,[청주영덕선]안사2터널(청주외부),국가교통정보센터(고속도로),128.499774,36.413224
4635,E913952,[청주영덕선]안평1터널(청주외부1),국가교통정보센터(고속도로),128.559539794921,36.4183845520019
4636,E913951,[청주영덕선]안평1터널(청주외부2),국가교통정보센터(고속도로),128.526944,36.417316
4637,E913953,[청주영덕선]안평2터널(영덕외부),국가교통정보센터(고속도로),128.580032348632,36.4225463867187
4638,E913954,[청주영덕선]안평2터널(영덕외부2),국가교통정보센터(고속도로),128.589306,36.427913
4639,E913955,[청주영덕선]안평2터널(청주외부),국가교통정보센터(고속도로),128.5886711,36.4274298
4640,E913956,[청주영덕선]안평3터널(청주외부),국가교통정보센터(고속도로),128.608658,36.433583
4641,E913957,[청주영덕선]양곡교,국가교통정보센터(고속도로),128.433176,36.41036348
4642,E913958,[청주영덕선]영덕,국가교통정보센터(고속도로),129.3710951,36.38484795
4643,E913959,[청주영덕선]영덕터널(청주외부),국가교통정보센터(고속도로),129.309032,36.391196
4644,E913960,[청주영덕선]영덕터널(청주외부2),국가교통정보센터(고속도로),129.341359,36.381251
4645,E913961,[청주영덕선]옥산터널,국가교통정보센터(고속도로),128.827728,36.427498
4646,E913962,[청주영덕선]운평1교,국가교통정보센터(고속도로),128.208174,36.369206
4647,E913963,[청주영덕선]의성SA,국가교통정보센터(고속도로),128.4470661,36.41025819
4648,E913964,[청주영덕선]장림천교,국가교통정보센터(고속도로),128.6456401,36.42579473
4649,E913965,[청주영덕선]점곡SA(영덕),국가교통정보센터(고속도로),128.784957885742,36.4156608581542
4650,E913966,[청주영덕선]점곡SA(청주),국가교통정보센터(고속도로),128.8181505,36.41920084
4651,E913967,[청주영덕선]지사교,국가교통정보센터(고속도로),128.121139526367,36.3742179870605
4652,E913968,[청주영덕선]지천4교,국가교통정보센터(고속도로),128.1639161,36.37382468
4653,E913970,[청주영덕선]지품10터널(영덕외부),국가교통정보센터(고속도로),129.268056,36.423468
4654,E913972,[청주영덕선]지품10터널(청주외부),국가교통정보센터(고속도로),129.268186,36.423031
4655,E913973,[청주영덕선]지품1터널(청주외부),국가교통정보센터(고속도로),129.141447,36.493038
4656,E913971,[청주영덕선]지품2교,국가교통정보센터(고속도로),129.1802048,36.47989855
4657,E913976,[청주영덕선]지품2터널(영덕외부),국가교통정보센터(고속도로),129.167777,36.481095
4658,E913969,[청주영덕선]지품2터널(청주외부),국가교통정보센터(고속도로),129.1563,36.48568
4659,E913974,[청주영덕선]지품3터널(영덕외부),국가교통정보센터(고속도로),129.2006797,36.4664932
4660,E913975,[청주영덕선]지품3터널(청주외부),국가교통정보센터(고속도로),129.190780639648,36.4748802185058
4661,E913979,[청주영덕선]지품6터널(영덕외부),국가교통정보센터(고속도로),129.219892,36.456751
4662,E913977,[청주영덕선]지품6터널(청주외부),국가교통정보센터(고속도로),129.21953,36.45738
4663,E913978,[청주영덕선]지품7터널(영덕외부),국가교통정보센터(고속도로),129.23547,36.44
4664,E913982,[청주영덕선]지품7터널(청주외부),국가교통정보센터(고속도로),129.245636,36.435462
4665,E913980,[청주영덕선]지품8터널(영덕외부),국가교통정보센터(고속도로),129.251754760742,36.4333724975585
4666,E913981,[청주영덕선]지품8터널(청주외부),국가교통정보센터(고속도로),129.2512563,36.4336663
4667,E913983,[청주영덕선]지품9터널(청주외부),국가교통정보센터(고속도로),129.256393,36.431066
4668,E913984,[청주영덕선]진보터널(청주외부),국가교통정보센터(고속도로),129.113971,36.493793
4669,E913985,[청주영덕선]척산,국가교통정보센터(고속도로),127.45472,36.56028
4670,E913986,[청주영덕선]척산1,국가교통정보센터(고속도로),127.442779541015,36.5640068054199
4671,E913987,[청주영덕선]청송,국가교통정보센터(고속도로),129.0270767,36.4551146
4672,E913988,[청주영덕선]청주분기점,국가교통정보센터(고속도로),127.436078,36.563596
4673,E913989,[청주영덕선]청주분기점(램프),국가교통정보센터(고속도로),127.4302,36.5675
4674,E913990,[청주영덕선]탄부,국가교통정보센터(고속도로),127.7623051,36.45447588
4675,E913991,[청주영덕선]탄부쉼터(영덕),국가교통정보센터(고속도로),127.77017211914,36.4546813964843
4676,E913992,[청주영덕선]탄부쉼터(청주),국가교통정보센터(고속도로),127.7708631,36.45475314
4677,E913993,[청주영덕선]탄부터널,국가교통정보센터(고속도로),127.745561,36.456359
4678,E913995,[청주영덕선]파천1터널(청주외부1),국가교통정보센터(고속도로),129.052761,36.469781
4679,E913994,[청주영덕선]파천1터널(청주외부2),국가교통정보센터(고속도로),129.041109,36.462192
4680,E913996,[청주영덕선]파천2터널(청주외부),국가교통정보센터(고속도로),129.068196,36.475085
4681,E913997,[청주영덕선]파천3터널(영덕외부1),국가교통정보센터(고속도로),129.077898,36.475063
4682,E913998,[청주영덕선]파천3터널(영덕외부2),국가교통정보센터(고속도로),129.091242,36.480933
4683,E913999,[청주영덕선]파천3터널(청주외부),국가교통정보센터(고속도로),129.092062,36.481997
4684,E914000,[청주영덕선]평각3교,국가교통정보센터(고속도로),127.776847839355,36.455093383789
4685,E914001,[청주영덕선]평온교,국가교통정보센터(고속도로),127.89587,36.44661497
4686,E914002,[청주영덕선]피반령,국가교통정보센터(고속도로),127.5898819,36.50297928
4687,E914003,[청주영덕선]피반령터널(영덕)-5/11,국가교통정보센터(고속도로),127.580556,36.508118
4688,E914004,[청주영덕선]피반령터널(청주)-7/10,국가교통정보센터(고속도로),127.569441,36.511309
4689,E914005,[청주영덕선]피반령터널(청주)-외부,국가교통정보센터(고속도로),127.591358,36.502252
4690,E914006,[청주영덕선]현하천1교,국가교통정보센터(고속도로),128.842201,36.43491796
4691,E914007,[청주영덕선]화서,국가교통정보센터(고속도로),127.9623009,36.44252588
4692,E914008,[청주영덕선]화서휴게소,국가교통정보센터(고속도로),127.9183264,36.44538679
4693,E914009,[청주영덕선]회인,국가교통정보센터(고속도로),127.6084058,36.48709814
4694,E914010,[청주영덕선]회인대교,국가교통정보센터(고속도로),127.616539,36.47997284
4695,E914011,[청주영덕선]회인쉼터(청주),국가교통정보센터(고속도로),127.590744018554,36.5024032592773
4696,E914012,[청주영덕선]회인터널(영덕외부),국가교통정보센터(고속도로),127.627464,36.475301
4697,E914014,[통영대전선][대전]고성2터널(대전외부1),국가교통정보센터(고속도로),128.249214,35.057539
4698,E914013,[통영대전선][대전]고성2터널(대전외부2),국가교통정보센터(고속도로),128.229838,35.070714
4699,E914015,[통영대전선][대전]산청1터널(대전),국가교통정보센터(고속도로),127.919538,35.358153
4700,E914016,[통영대전선][대전]오도재터널[대전외부1/1](153.1),국가교통정보센터(고속도로),127.651254,35.873723
4701,E914017,[통영대전선][대전]통영1터널(대전2),국가교통정보센터(고속도로),128.405464,34.952299
4702,E914018,[통영대전선][대전]함양터널(대전외부1),국가교통정보센터(고속도로),127.772183,35.600962
4703,E914019,[통영대전선][대전]함양터널(대전외부2),국가교통정보센터(고속도로),127.757006,35.617851
4704,E914020,[통영대전선][통영]산청1터널(통영),국가교통정보센터(고속도로),127.918948,35.359833
4705,E914021,[통영대전선][통영]오도재터널(통영5고정),국가교통정보센터(고속도로),127.65923,35.884235
4706,E914022,[통영대전선][통영]오도재터널[통영외부1/1](154.9),국가교통정보센터(고속도로),127.657074,35.881123
4707,E914023,[통영대전선][통영]육십령터널(통영외부1),국가교통정보센터(고속도로),127.629046,35.70362
4708,E914024,[통영대전선][통영]육십령터널(통영외부2),국가교통정보센터(고속도로),127.658766,35.686278
4709,E914025,[통영대전선][통영]통영1터널(통영2),국가교통정보센터(고속도로),128.402686,34.956467
4710,E914026,[통영대전선][하남]오도재터널(하남3고정),국가교통정보센터(고속도로),127.6601,35.885443
4711,E914028,[통영대전선][하남]육십령터널(하남외부1),국가교통정보센터(고속도로),127.658282,35.68663
4712,E914027,[통영대전선][하남]육십령터널(하남외부2),국가교통정보센터(고속도로),127.629419,35.703401
4713,E914029,[통영대전선]가당1교,국가교통정보센터(고속도로),127.57836151123,36.0223426818847
4714,E914030,[통영대전선]가당2교,국가교통정보센터(고속도로),127.584576,36.010841
4715,E914031,[통영대전선]가오,국가교통정보센터(고속도로),127.463691711425,36.2960891723632
4716,E914032,[통영대전선]가오교,국가교통정보센터(고속도로),127.460662,36.302816
4717,E914033,[통영대전선]가화1교,국가교통정보센터(고속도로),128.01220703125,35.2066497802734
4718,E914034,[통영대전선]경호강,국가교통정보센터(고속도로),127.873784,35.404372
4719,E914036,[통영대전선]경호강4교,국가교통정보센터(고속도로),127.8949151,35.39209037
4720,E914037,[통영대전선]경호강4교2,국가교통정보센터(고속도로),127.882034301757,35.3979797363281
4721,E914035,[통영대전선]경호강5교,국가교통정보센터(고속도로),127.920294,35.355669
4722,E914038,[통영대전선]고성,국가교통정보센터(고속도로),128.346571,35.010404
4723,E914040,[통영대전선]고성1터널(통영)-외부-1/2,국가교통정보센터(고속도로),128.213071,35.074635
4724,E914039,[통영대전선]고성1터널(통영)-외부-2/2,국가교통정보센터(고속도로),128.229687,35.070747
4725,E914041,[통영대전선]고성휴게소,국가교통정보센터(고속도로),128.256877,35.053993
4726,E914042,[통영대전선]고성휴게소28,국가교통정보센터(고속도로),128.2699054,35.0494565
4727,E914043,[통영대전선]공주교,국가교통정보센터(고속도로),127.474647521972,36.2534561157226
4728,E914044,[통영대전선]관봉교,국가교통정보센터(고속도로),128.1342084,35.1234036
4729,E914045,[통영대전선]광도대교,국가교통정보센터(고속도로),128.413591,34.876826
4730,E914046,[통영대전선]굴암교,국가교통정보센터(고속도로),127.594100952148,35.9969482421875
4731,E914047,[통영대전선]금곡졸음쉼터,국가교통정보센터(고속도로),128.164428710937,35.0948677062988
4732,E914048,[통영대전선]금당2교,국가교통정보센터(고속도로),127.6648999,35.67628986
4733,E914049,[통영대전선]금산,국가교통정보센터(고속도로),128.318583,35.021467
4734,E914050,[통영대전선]금산185,국가교통정보센터(고속도로),127.5192929,36.10458442
4735,E914051,[통영대전선]금산육교,국가교통정보센터(고속도로),128.333291,35.01728612
4736,E914052,[통영대전선]금서,국가교통정보센터(고속도로),127.8500881,35.45658559
4737,E914053,[통영대전선]금서졸음쉼터,국가교통정보센터(고속도로),127.854774475097,35.4382019042968
4738,E914054,[통영대전선]남강천3교,국가교통정보센터(고속도로),127.813468933105,35.4916725158691
4739,E914055,[통영대전선]남대전,국가교통정보센터(고속도로),127.4742295,36.26513442
4740,E914056,[통영대전선]다곡,국가교통정보센터(고속도로),127.74056,35.62167
4741,E914057,[통영대전선]다곡1교,국가교통정보센터(고속도로),127.724143981933,35.6283798217773
4742,E914058,[통영대전선]다곡4교,국가교통정보센터(고속도로),127.747779846191,35.6185607910156
4743,E914059,[통영대전선]단성,국가교통정보센터(고속도로),127.9519563,35.29031091
4744,E914060,[통영대전선]대가교,국가교통정보센터(고속도로),128.2950913,35.03236785
4745,E914061,[통영대전선]대궁,국가교통정보센터(고속도로),127.808002,35.500872
4746,E914063,[통영대전선]대별3교,국가교통정보센터(고속도로),127.462783813476,36.2935142517089
4747,E914064,[통영대전선]대별3교(고정),국가교통정보센터(고속도로),127.461596,36.292158
4748,E914062,[통영대전선]대별4교,국가교통정보센터(고속도로),127.453222,36.278605
4749,E914065,[통영대전선]대암1교,국가교통정보센터(고속도로),127.4854828,36.1729714
4750,E914066,[통영대전선]대포,국가교통정보센터(고속도로),127.8478713,35.46760946
4751,E914067,[통영대전선]덕암1교,국가교통정보센터(고속도로),127.765403747558,35.5837440490722
4752,E914068,[통영대전선]덕유산,국가교통정보센터(고속도로),127.6469995,35.84282198
4753,E914069,[통영대전선]덕유산휴게소,국가교통정보센터(고속도로),127.6450595,35.81726198
4754,E914070,[통영대전선]동고성,국가교통정보센터(고속도로),128.374578,34.981393
4755,E914071,[통영대전선]동달,국가교통정보센터(고속도로),128.4326171875,34.8692474365234
4756,E914072,[통영대전선]두문,국가교통정보센터(고속도로),128.172179,35.091569
4757,E914073,[통영대전선]마달터널,국가교통정보센터(고속도로),127.49,36.21472
4758,E914074,[통영대전선]명석,국가교통정보센터(고속도로),127.997297,35.215621
4759,E914075,[통영대전선]무주,국가교통정보센터(고속도로),127.646053,35.97743413
4760,E914076,[통영대전선]무주졸음쉼터,국가교통정보센터(고속도로),127.605445861816,35.9942054748535
4761,E914077,[통영대전선]백천1교,국가교통정보센터(고속도로),127.773643493652,35.5292167663574
4762,E914078,[통영대전선]북통영,국가교통정보센터(고속도로),128.412372,34.893421
4763,E914079,[통영대전선]사내교,국가교통정보센터(고속도로),127.6607894,35.93689435
4764,E914080,[통영대전선]사천1터널,국가교통정보센터(고속도로),128.143498,35.108635
4765,E914081,[통영대전선]사천3터널,국가교통정보센터(고속도로),128.153889,35.098822
4766,E914082,[통영대전선]산내분기점,국가교통정보센터(고속도로),127.4525199,36.28225303
4767,E914083,[통영대전선]산청,국가교통정보센터(고속도로),127.8599119,35.42690984
4768,E914085,[통영대전선]산청1터널,국가교통정보센터(고속도로),127.9162724,35.3671621
4769,E914084,[통영대전선]산청2터널,국가교통정보센터(고속도로),127.942001342773,35.3043098449707
4770,E914086,[통영대전선]산청3터널,국가교통정보센터(고속도로),127.97564,35.254103
4771,E914087,[통영대전선]산청휴게소,국가교통정보센터(고속도로),127.9359483,35.34336839
4772,E914088,[통영대전선]삼가2교,국가교통정보센터(고속도로),127.6647574,35.89666554
4773,E914089,[통영대전선]생초,국가교통정보센터(고속도로),127.8249346,35.4816487
4774,E914090,[통영대전선]서상IC,국가교통정보센터(고속도로),127.6736145,35.66589737
4775,E914092,[통영대전선]서상_125,국가교통정보센터(고속도로),127.679191,35.660407
4776,E914091,[통영대전선]서상_126,국가교통정보센터(고속도로),127.676829,35.663442
4777,E914093,[통영대전선]서재1교,국가교통정보센터(고속도로),127.995277404785,35.2277450561523
4778,E914094,[통영대전선]서진주,국가교통정보센터(고속도로),128.038655,35.189335
4779,E914095,[통영대전선]서하,국가교통정보센터(고속도로),127.7179537,35.63217919
4780,E914096,[통영대전선]서하교,국가교통정보센터(고속도로),127.704231262207,35.6430397033691
4781,E914097,[통영대전선]서현교,국가교통정보센터(고속도로),127.988525390625,35.2428245544433
4782,E914098,[통영대전선]선원2교,국가교통정보센터(고속도로),127.5448201,36.07113021
4783,E914099,[통영대전선]세천,국가교통정보센터(고속도로),127.481521606445,36.3381919860839
4784,E914100,[통영대전선]세천2교,국가교통정보센터(고속도로),127.4805625,36.33282449
4785,E914101,[통영대전선]소곡교,국가교통정보센터(고속도로),128.1272282,35.12685763
4786,E914102,[통영대전선]송계,국가교통정보센터(고속도로),127.687423706054,35.6576271057128
4787,E914103,[통영대전선]송계3교,국가교통정보센터(고속도로),127.69556,35.65139
4788,E914104,[통영대전선]송산교,국가교통정보센터(고속도로),128.3685326,34.98300284
4789,E914105,[통영대전선]수동,국가교통정보센터(고속도로),127.776442,35.525228
4790,E914106,[통영대전선]수동졸음쉼터,국가교통정보센터(고속도로),127.8017393,35.51558839
4791,E914107,[통영대전선]수직교,국가교통정보센터(고속도로),128.4133741,34.91356097
4792,E914108,[통영대전선]신율,국가교통정보센터(고속도로),128.081771850585,35.1433143615722
4793,E914109,[통영대전선]양악교,국가교통정보센터(고속도로),127.640811,35.805525
4794,E914110,[통영대전선]어전1교,국가교통정보센터(고속도로),127.6191357,35.7870642
4795,E914111,[통영대전선]연화산,국가교통정보센터(고속도로),128.1931506,35.07974457
4796,E914112,[통영대전선]영천강1교,국가교통정보센터(고속도로),128.201415,35.075688
4797,E914113,[통영대전선]오동터널,국가교통정보센터(고속도로),127.615238,35.716485
4798,E914114,[통영대전선]오미,국가교통정보센터(고속도로),127.976726,35.249687
4799,E914115,[통영대전선]외부교,국가교통정보센터(고속도로),127.510292053222,36.1436805725097
4800,E914116,[통영대전선]외송,국가교통정보센터(고속도로),127.927749633789,35.3496284484863
4801,E914117,[통영대전선]용포1교,국가교통정보센터(고속도로),127.623992919921,35.9918022155761
4802,E914118,[통영대전선]은어송,국가교통정보센터(고속도로),127.46289,36.30973
4803,E914119,[통영대전선]인삼랜드휴게소,국가교통정보센터(고속도로),127.4972872,36.15370378
4804,E914120,[통영대전선]잠두교,국가교통정보센터(고속도로),127.6127471,35.99383435
4805,E914121,[통영대전선]장계,국가교통정보센터(고속도로),127.597586,35.738958
4806,E914122,[통영대전선]장기2교,국가교통정보센터(고속도로),127.6472693,35.8556413
4807,E914123,[통영대전선]장문,국가교통정보센터(고속도로),128.421145,34.871364
4808,E914124,[통영대전선]장수분기점,국가교통정보센터(고속도로),127.610155,35.727878
4809,E914125,[통영대전선]적문교,국가교통정보센터(고속도로),127.4778395,36.23819442
4810,E914126,[통영대전선]적상천2교,국가교통정보센터(고속도로),127.6626373,35.9578148
4811,E914127,[통영대전선]적상터널,국가교통정보센터(고속도로),127.6660326,35.9091066
4812,E914128,[통영대전선]죽림,국가교통정보센터(고속도로),128.412872314453,34.8855743408203
4813,E914129,[통영대전선]지곡,국가교통정보센터(고속도로),127.769703,35.58705768
4814,E914130,[통영대전선]진주대교,국가교통정보센터(고속도로),128.063046,35.164158
4815,E914131,[통영대전선]진주분기점,국가교통정보센터(고속도로),128.0977914,35.13829414
4816,E914132,[통영대전선]집재터널,국가교통정보센터(고속도로),127.594772,35.753677
4817,E914133,[통영대전선]창평교,국가교통정보센터(고속도로),127.527191162109,36.0932846069335
4818,E914134,[통영대전선]척정교,국가교통정보센터(고속도로),128.309295,35.022933
4819,E914135,[통영대전선]추부,국가교통정보센터(고속도로),127.4852128,36.19102141
4820,E914136,[통영대전선]통영1터널,국가교통정보센터(고속도로),128.395887,34.962164
4821,E914138,[통영대전선]통영2터널(대전)-외부,국가교통정보센터(고속도로),128.406445,34.924097
4822,E914139,[통영대전선]통영2터널(통영)-외부,국가교통정보센터(고속도로),128.406139,34.949686
4823,E914137,[통영대전선]통영3터널,국가교통정보센터(고속도로),128.413189,34.914634
4824,E914140,[통영대전선]통영시점,국가교통정보센터(고속도로),128.438069,34.867094
4825,E914141,[통영대전선]퇴옹교,국가교통정보센터(고속도로),127.968040466308,35.2803421020507
4826,E914142,[통영대전선]판문,국가교통정보센터(고속도로),128.02425,35.20004156
4827,E914143,[통영대전선]판문2,국가교통정보센터(고속도로),128.043090820312,35.1792564392089
4828,E914144,[통영대전선]판암,국가교통정보센터(고속도로),127.4722225,36.31671449
4829,E914145,[통영대전선]평거,국가교통정보센터(고속도로),128.0542311,35.17279457
4830,E914147,[통영대전선]평촌1교,국가교통정보센터(고속도로),127.7565247,35.56853005
4831,E914146,[통영대전선]평촌2교,국가교통정보센터(고속도로),127.757339477539,35.5594978332519
4832,E914148,[통영대전선]함양분기점,국가교통정보센터(고속도로),127.7696301,35.5353346
4833,E914149,[통영대전선]함양휴게소,국가교통정보센터(고속도로),127.7599862,35.55045306
4834,E914150,[통영대전선]현내1교,국가교통정보센터(고속도로),127.552955627441,36.0590476989746
4835,E914151,[통영대전선]현내3교,국가교통정보센터(고속도로),127.5693335,36.0364636
4836,E914152,[통영대전선]호티1교,국가교통정보센터(고속도로),127.5090215,36.1244016
4837,E914153,[통영대전선]화개교,국가교통정보센터(고속도로),128.1100604,35.13374468
4838,E914154,[평택시흥선]고정2교,국가교통정보센터(고속도로),126.75254,37.25191
4839,E914155,[평택시흥선]공룡알화석지,국가교통정보센터(고속도로),126.74591,37.26559
4840,E914156,[평택시흥선]군자R-A,국가교통정보센터(고속도로),126.76824,37.35689
4841,E914157,[평택시흥선]군자R-B,국가교통정보센터(고속도로),126.76648,37.36808
4842,E914158,[평택시흥선]금의1육교,국가교통정보센터(고속도로),126.8315,37.10902
4843,E914159,[평택시흥선]남안산,국가교통정보센터(고속도로),126.74955,37.32962
4844,E914160,[평택시흥선]남양교,국가교통정보센터(고속도로),126.80288,37.15136
4845,E914161,[평택시흥선]독정2육교,국가교통정보센터(고속도로),126.85366,37.07833
4846,E914162,[평택시흥선]서평택JCT,국가교통정보센터(고속도로),126.884,37.056
4847,E914163,[평택시흥선]석교교,국가교통정보센터(고속도로),126.77009,37.19565
4848,E914164,[평택시흥선]송산마도,국가교통정보센터(고속도로),126.76002,37.20911
4849,E914165,[평택시흥선]송산포도휴게소,국가교통정보센터(고속도로),126.75863,37.23941
4850,E914166,[평택시흥선]수촌1교,국가교통정보센터(고속도로),126.841,37.101
4851,E914167,[평택시흥선]시화대교,국가교통정보센터(고속도로),126.74616,37.29868
4852,E914168,[평택시흥선]신길교,국가교통정보센터(고속도로),126.7633717,37.34423026
4853,E914169,[평택시흥선]신길천교,국가교통정보센터(고속도로),126.75141,37.31336
4854,E914170,[평택시흥선]용포1교,국가교통정보센터(고속도로),126.76085,37.22518
4855,E914171,[평택시흥선]음섬2교,국가교통정보센터(고속도로),126.74568,37.28407
4856,E914172,[평택시흥선]장덕교,국가교통정보센터(고속도로),126.79481,37.16706
4857,E914173,[평택시흥선]장안영업소,국가교통정보센터(고속도로),126.8474,37.08985
4858,E914174,[평택시흥선]정든교,국가교통정보센터(고속도로),126.8648,37.06289
4859,E914175,[평택시흥선]조암IC,국가교통정보센터(고속도로),126.817,37.12
4860,E914176,[평택시흥선]주곡1교,국가교통정보센터(고속도로),126.809808,37.133153
4861,E914177,[평택시흥선]청원교,국가교통정보센터(고속도로),126.7806,37.17963
4862,E914178,[평택제천선][평택]안진터널(평택외부),국가교통정보센터(고속도로),127.38473,36.97378
4863,E914180,[평택제천선]가흥2교,국가교통정보센터(고속도로),127.856963,37.065889
4864,E914179,[평택제천선]가흥3교,국가교통정보센터(고속도로),127.860366821289,37.0676078796386
4865,E914181,[평택제천선]강문교,국가교통정보센터(고속도로),127.150901794433,37.0369720458984
4866,E914182,[평택제천선]고념1교,국가교통정보센터(고속도로),126.894359,37.052888
4867,E914183,[평택제천선]고덕,국가교통정보센터(고속도로),127.033111572265,37.02587890625
4868,E914184,[평택제천선]고잔,국가교통정보센터(고속도로),126.90437,37.050459
4869,E914185,[평택제천선]공도교,국가교통정보센터(고속도로),127.1922176,37.006277
4870,E914186,[평택제천선]광혜원졸음쉼터,국가교통정보센터(고속도로),127.425575256347,36.9518852233886
4871,E914187,[평택제천선]궁리2교,국가교통정보센터(고속도로),127.0443567,37.02470982
4872,E914188,[평택제천선]금광1터널(제천)-외부,국가교통정보센터(고속도로),127.306528,36.975419
4873,E914189,[평택제천선]금광1터널(평택)-외부,국가교통정보센터(고속도로),127.290346,36.973131
4874,E914190,[평택제천선]금성터널(제천1),국가교통정보센터(고속도로),128.0907288,37.06472397
4875,E914191,[평택제천선]금성터널(제천7),국가교통정보센터(고속도로),128.1130371,37.06643171
4876,E914192,[평택제천선]금성터널(평택13),국가교통정보센터(고속도로),128.1223614,37.06875408
4877,E914193,[평택제천선]금성터널(평택17),국가교통정보센터(고속도로),128.137761,37.07295479
4878,E914194,[평택제천선]금성터널(평택외부),국가교통정보센터(고속도로),128.1360837,37.07253984
4879,E914195,[평택제천선]금왕꽃동네,국가교통정보센터(고속도로),127.549592,36.954817
4880,E914196,[평택제천선]금왕휴게소,국가교통정보센터(고속도로),127.592358,36.972935
4881,E914197,[평택제천선]남안성,국가교통정보센터(고속도로),127.2458309,36.9752173
4882,E914198,[평택제천선]남안성2,국가교통정보센터(고속도로),127.2576685,36.97200161
4883,E914199,[평택제천선]남한강대교,국가교통정보센터(고속도로),127.896835,37.068163
4884,E914201,[평택제천선]노은1터널(평택외부1),국가교통정보센터(고속도로),127.750384,37.039631
4885,E914202,[평택제천선]노은1터널(평택외부2),국가교통정보센터(고속도로),127.772249,37.037331
4886,E914200,[평택제천선]노은2터널,국가교통정보센터(고속도로),127.778381,37.036341
4887,E914203,[평택제천선]노은4터널,국가교통정보센터(고속도로),127.793973,37.036816
4888,E914204,[평택제천선]대소분기점,국가교통정보센터(고속도로),127.4731575,36.93951446
4889,E914205,[평택제천선]동락천교,국가교통정보센터(고속도로),127.687802,37.009681
4890,E914206,[평택제천선]동충주,국가교통정보센터(고속도로),127.92035,37.064487
4891,E914207,[평택제천선]만정교,국가교통정보센터(고속도로),127.178871154785,37.0123748779296
4892,E914208,[평택제천선]명서1교,국가교통정보센터(고속도로),128.015948,37.066629
4893,E914209,[평택제천선]문숭리,국가교통정보센터(고속도로),127.716286,37.015109
4894,E914210,[평택제천선]반제터널,국가교통정보센터(고속도로),127.172045,37.016264
4895,E914211,[평택제천선]봉곡교,국가교통정보센터(고속도로),127.581372,36.964706
4896,E914212,[평택제천선]봉현2교,국가교통정보센터(고속도로),127.538200378417,36.9508514404296
4897,E914214,[평택제천선]부윤리1,국가교통정보센터(고속도로),127.517189,36.944931
4898,E914215,[평택제천선]부윤리2,국가교통정보센터(고속도로),127.529874,36.948246
4899,E914213,[평택제천선]북진천,국가교통정보센터(고속도로),127.447515,36.946182
4900,E914216,[평택제천선]사우정,국가교통정보센터(고속도로),127.837974548339,37.0424995422363
4901,E914217,[평택제천선]산척1교,국가교통정보센터(고속도로),127.962974,37.068816
4902,E914218,[평택제천선]산척1터널(제천외부),국가교통정보센터(고속도로),127.9411623,37.06214699
4903,E914219,[평택제천선]산척1터널(평택외부),국가교통정보센터(고속도로),127.951301,37.063474
4904,E914220,[평택제천선]산척3터널(평택외부),국가교통정보센터(고속도로),128.0716973,37.06687327
4905,E914221,[평택제천선]산척4터널(평택외부),국가교통정보센터(고속도로),128.093608,37.066077
4906,E914222,[평택제천선]서안성,국가교통정보센터(고속도로),127.1598638,37.03398629
4907,E914223,[평택제천선]서충주IC,국가교통정보센터(고속도로),127.668576,37.010229
4908,E914224,[평택제천선]송탄,국가교통정보센터(고속도로),127.1078518,37.03483191
4909,E914225,[평택제천선]송탄2,국가교통정보센터(고속도로),127.115443,37.03315307
4910,E914226,[평택제천선]송탄교,국가교통정보센터(고속도로),127.09242,37.037058
4911,E914227,[평택제천선]수태1교,국가교통정보센터(고속도로),127.497858,36.943907
4912,E914228,[평택제천선]신니교,국가교통정보센터(고속도로),127.701404,37.008665
4913,E914229,[평택제천선]안성맞춤휴게소,국가교통정보센터(고속도로),127.2790049,36.96915591
4914,E914230,[평택제천선]안성분기점,국가교통정보센터(고속도로),127.1333129,37.03479027
4915,E914231,[평택제천선]안성천교,국가교통정보센터(고속도로),127.2286111,36.98555556
4916,E914232,[평택제천선]안진터널(제천)-5/10,국가교통정보센터(고속도로),127.402049,36.963643
4917,E914233,[평택제천선]안진터널(제천)-외부,국가교통정보센터(고속도로),127.412148,36.956685
4918,E914234,[평택제천선]안진터널(평택)-7/10,국가교통정보센터(고속도로),127.396041,36.967467
4919,E914235,[평택제천선]안화2교,국가교통정보센터(고속도로),126.991798400878,37.0237998962402
4920,E914236,[평택제천선]양기3교,국가교통정보센터(고속도로),127.206863,36.996422
4921,E914238,[평택제천선]오생1교,국가교통정보센터(고속도로),127.645917,37.002553
4922,E914239,[평택제천선]오생리,국가교통정보센터(고속도로),127.650037,37.005843
4923,E914237,[평택제천선]옥정교,국가교통정보센터(고속도로),127.368779,36.97444131
4924,E914240,[평택제천선]용계2교,국가교통정보센터(고속도로),127.603345,36.982809
4925,E914241,[평택제천선]유촌리,국가교통정보센터(고속도로),127.566266,36.958122
4926,E914242,[평택제천선]육령2교,국가교통정보센터(고속도로),127.614331,36.9861
4927,E914243,[평택제천선]육령5교,국가교통정보센터(고속도로),127.628751,36.997617
4928,E914244,[평택제천선]육령7교,국가교통정보센터(고속도로),127.640380859375,36.9988288879394
4929,E914245,[평택제천선]음성IC,국가교통정보센터(고속도로),127.619068,36.989029
4930,E914246,[평택제천선]장천1교,국가교통정보센터(고속도로),127.871691,37.069675
4931,E914247,[평택제천선]제천분기점,국가교통정보센터(고속도로),128.172916,37.08169
4932,E914248,[평택제천선]죽현,국가교통정보센터(고속도로),127.4212584,36.95279732
4933,E914249,[평택제천선]중앙탑졸음쉼터,국가교통정보센터(고속도로),127.833740234375,37.041332244873
4934,E914250,[평택제천선]진교,국가교통정보센터(고속도로),128.160286,37.07757953
4935,E914251,[평택제천선]천등산3터널(제천외부),국가교통정보센터(고속도로),128.042555,37.063204
4936,E914252,[평택제천선]천등산3터널(평택외부),국가교통정보센터(고속도로),128.0529327,37.06452746
4937,E914253,[평택제천선]천등산휴계소(평택),국가교통정보센터(고속도로),127.9887983,37.07685409
4938,E914254,[평택제천선]청룡교,국가교통정보센터(고속도로),127.120109558105,37.0326652526855
4939,E914255,[평택제천선]청북,국가교통정보센터(고속도로),126.9177645,37.04871012
4940,E914256,[평택제천선]충주분기점,국가교통정보센터(고속도로),127.7459,37.03894
4941,E914257,[평택제천선]토진,국가교통정보센터(고속도로),126.972075,37.031325
4942,E914258,[평택제천선]토진2교,국가교통정보센터(고속도로),126.9510295,37.04433222
4943,E914259,[평택제천선]평택분기점,국가교통정보센터(고속도로),126.9708333,37.03111111
4944,E914260,[평택제천선]평택터널,국가교통정보센터(고속도로),127.0768079,37.02886982
4945,E914261,[평택제천선]하구암3교,국가교통정보센터(고속도로),127.811496,37.037663
4946,E914262,[평택제천선]하구암7교,국가교통정보센터(고속도로),127.843487,37.04671
4947,E914263,[평택제천선]한운,국가교통정보센터(고속도로),127.3344491,36.98116922
4948,E914264,[평택제천선]해창교,국가교통정보센터(고속도로),127.0183903,37.02588444
4949,E914265,[평택제천선]현곡,국가교통정보센터(고속도로),127.349183,36.980469
4950,E914266,[평택제천선]현곡1교,국가교통정보센터(고속도로),126.934814453125,37.048542022705
4951,E914267,[평택제천선]화석리1,국가교통정보센터(고속도로),127.724446,37.027136
4952,E914268,[평택제천선]화석리2,국가교통정보센터(고속도로),127.732847,37.033894
4953,E914269,[평택화성선]동탄오산천교,국가교통정보센터(고속도로),127.0875,37.17806
4954,E914270,[평택화성선]봉담,국가교통정보센터(고속도로),126.9565887,37.22908865
4955,E914271,[평택화성선]봉담터널(평택),국가교통정보센터(고속도로),126.9636547,37.2174521
4956,E914272,[평택화성선]봉담터널(화성),국가교통정보센터(고속도로),126.964088,37.216411
4957,E914273,[평택화성선]서오산분기점,국가교통정보센터(고속도로),126.99778,37.17639
4958,E914274,[평택화성선]서오산영업소,국가교통정보센터(고속도로),127.0063889,37.18388889
4959,E914275,[평택화성선]안녕IC,국가교통정보센터(고속도로),127.0119444,37.19222222
4960,E914276,[평택화성선]양감정문리,국가교통정보센터(고속도로),126.9905556,37.08833333
4961,E914277,[평택화성선]정남용수교,국가교통정보센터(고속도로),126.9975,37.16916667
4962,E914278,[평택화성선]청북,국가교통정보센터(고속도로),126.9847222,37.045
4963,E914279,[함양울산선(창녕밀양)]광계3교,국가교통정보센터(고속도로),128.496284,35.464568
4964,E914280,[함양울산선(창녕밀양)]무안1터널(울산)-4/9,국가교통정보센터(고속도로),128.610042,35.480668
4965,E914281,[함양울산선(창녕밀양)]무안1터널(울산)-5/9,국가교통정보센터(고속도로),128.612118,35.481272
4966,E914282,[함양울산선(창녕밀양)]무안1터널(울산)-6/9,국가교통정보센터(고속도로),128.614195,35.481874
4967,E914283,[함양울산선(창녕밀양)]무안1터널(울산)-8/9,국가교통정보센터(고속도로),128.61837,35.483023
4968,E914284,[함양울산선(창녕밀양)]무안1터널(울산)외부-1/1,국가교통정보센터(고속도로),128.589621,35.474614
4969,E914285,[함양울산선(창녕밀양)]무안1터널(함양)-2/9,국가교통정보센터(고속도로),128.62049,35.483512
4970,E914286,[함양울산선(창녕밀양)]무안1터널(함양)-4/9,국가교통정보센터(고속도로),128.616272,35.482476
4971,E914287,[함양울산선(창녕밀양)]무안1터널(함양)-8/9,국가교통정보센터(고속도로),128.606929,35.479762
4972,E914288,[함양울산선(창녕밀양)]무안1터널(함양)-9/9,국가교통정보센터(고속도로),128.605891,35.47946
4973,E914289,[함양울산선(창녕밀양)]무안1터널(함양)외부-1/1,국가교통정보센터(고속도로),128.619795,35.483717
4974,E914290,[함양울산선(창녕밀양)]무안2터널(울산)-10/13,국가교통정보센터(고속도로),128.655163,35.486917
4975,E914291,[함양울산선(창녕밀양)]무안2터널(울산)-12/13,국가교통정보센터(고속도로),128.652378,35.48598466
4976,E914292,[함양울산선(창녕밀양)]무안2터널(울산)-4/13,국가교통정보센터(고속도로),128.6410011,35.48433757
4977,E914293,[함양울산선(창녕밀양)]무안2터널(울산)-6/13,국가교통정보센터(고속도로),128.644628,35.484588
4978,E914294,[함양울산선(창녕밀양)]무안2터널(울산)-8/13,국가교통정보센터(고속도로),128.650066,35.485233
4979,E914295,[함양울산선(창녕밀양)]무안2터널(울산)외부-1/1,국가교통정보센터(고속도로),128.620406,35.483413
4980,E914297,[함양울산선(창녕밀양)]무안2터널(함양)-10/13,국가교통정보센터(고속도로),128.6422366,35.48474994
4981,E914298,[함양울산선(창녕밀양)]무안2터널(함양)-12/13,국가교통정보센터(고속도로),128.6253762,35.48441616
4982,E914296,[함양울산선(창녕밀양)]무안2터널(함양)-2/13,국가교통정보센터(고속도로),128.6525454,35.48575143
4983,E914299,[함양울산선(창녕밀양)]무안2터널(함양)-6/13,국가교통정보센터(고속도로),128.6487637,35.48495831
4984,E914300,[함양울산선(창녕밀양)]무안2터널(함양)-8/13,국가교통정보센터(고속도로),128.645728,35.484621
4985,E914301,[함양울산선(창녕밀양)]무안2터널(함양)외부-1/1,국가교통정보센터(고속도로),128.658844,35.488596
4986,E914302,[함양울산선(창녕밀양)]밀양휴게소,국가교통정보센터(고속도로),128.664026,35.490608
4987,E914303,[함양울산선(창녕밀양)]부북1터널(울산)-2/10,국가교통정보센터(고속도로),128.707507,35.502048
4988,E914304,[함양울산선(창녕밀양)]부북1터널(울산)-4/10,국가교통정보센터(고속도로),128.71103,35.504205
4989,E914305,[함양울산선(창녕밀양)]부북1터널(울산)-6/10,국가교통정보센터(고속도로),128.7105197,35.50375771
4990,E914306,[함양울산선(창녕밀양)]부북1터널(울산)-8/10,국가교통정보센터(고속도로),128.7126778,35.50522304
4991,E914307,[함양울산선(창녕밀양)]부북1터널(울산)외부-1/2,국가교통정보센터(고속도로),128.694817,35.498239
4992,E914308,[함양울산선(창녕밀양)]부북1터널(울산)외부-2/2,국가교통정보센터(고속도로),128.714059,35.506472
4993,E914309,[함양울산선(창녕밀양)]부북1터널(함양)-3/10,국가교통정보센터(고속도로),128.7124294,35.50546087
4994,E914310,[함양울산선(창녕밀양)]부북1터널(함양)-5/10,국가교통정보센터(고속도로),128.7101941,35.50386371
4995,E914311,[함양울산선(창녕밀양)]부북1터널(함양)-7/10,국가교통정보센터(고속도로),128.7108384,35.50436374
4996,E914312,[함양울산선(창녕밀양)]부북1터널(함양)-9/10,국가교통정보센터(고속도로),128.706575,35.501567
4997,E914313,[함양울산선(창녕밀양)]부북1터널(함양)외부-1/2,국가교통정보센터(고속도로),128.716841,35.508899
4998,E914314,[함양울산선(창녕밀양)]부북1터널(함양)외부-2/2,국가교통정보센터(고속도로),128.6948057,35.49793037
4999,E914316,[함양울산선(창녕밀양)]부북2터널(울산)-10/17,국가교통정보센터(고속도로),128.7523634,35.52168056
5000,E914317,[함양울산선(창녕밀양)]부북2터널(울산)-12/17,국가교통정보센터(고속도로),128.7553428,35.52182647
5001,E914318,[함양울산선(창녕밀양)]부북2터널(울산)-14/17,국가교통정보센터(고속도로),128.767534,35.522252
5002,E914319,[함양울산선(창녕밀양)]부북2터널(울산)-16/17,국가교통정보센터(고속도로),128.7611241,35.52206659
5003,E914315,[함양울산선(창녕밀양)]부북2터널(울산)-2/17,국가교통정보센터(고속도로),128.7393394,35.52090487
5004,E914320,[함양울산선(창녕밀양)]부북2터널(울산)-4/17,국가교통정보센터(고속도로),128.7423869,35.52114474
5005,E914321,[함양울산선(창녕밀양)]부북2터널(울산)-6/17,국가교통정보센터(고속도로),128.745797,35.52132972
5006,E914322,[함양울산선(창녕밀양)]부북2터널(울산)-8/17,국가교통정보센터(고속도로),128.750122,35.52151035
5007,E914323,[함양울산선(창녕밀양)]부북2터널(울산)외부-1/1,국가교통정보센터(고속도로),128.735038,35.519915
5008,E914325,[함양울산선(창녕밀양)]부북2터널(함양)-10/17,국가교통정보센터(고속도로),128.7502424,35.52197721
5009,E914326,[함양울산선(창녕밀양)]부북2터널(함양)-12/17,국가교통정보센터(고속도로),128.7459058,35.52176972
5010,E914327,[함양울산선(창녕밀양)]부북2터널(함양)-14/17,국가교통정보센터(고속도로),128.7424079,35.52160403
5011,E914328,[함양울산선(창녕밀양)]부북2터널(함양)-16/17,국가교통정보센터(고속도로),128.7393946,35.52116541
5012,E914324,[함양울산선(창녕밀양)]부북2터널(함양)-2/17,국가교통정보센터(고속도로),128.7612784,35.52256899
5013,E914329,[함양울산선(창녕밀양)]부북2터널(함양)-4/17,국가교통정보센터(고속도로),128.768629,35.52215
5014,E914330,[함양울산선(창녕밀양)]부북2터널(함양)-6/17,국가교통정보센터(고속도로),128.7554411,35.52229364
5015,E914331,[함양울산선(창녕밀양)]부북2터널(함양)-8/17,국가교통정보센터(고속도로),128.7523839,35.52211733
5016,E914332,[함양울산선(창녕밀양)]부북2터널(함양)외부-1/2,국가교통정보센터(고속도로),128.763792,35.522672
5017,E914333,[함양울산선(창녕밀양)]부북2터널(함양)외부-2/2,국가교통정보센터(고속도로),128.737444,35.52084
5018,E914334,[함양울산선(창녕밀양)]부북교,국가교통정보센터(고속도로),128.72312,35.513814
5019,E914335,[함양울산선(창녕밀양)]산외1터널(울산)-1/9,국가교통정보센터(고속도로),128.787774,35.518198
5020,E914336,[함양울산선(창녕밀양)]산외1터널(울산)-3/9,국가교통정보센터(고속도로),128.779096,35.52051411
5021,E914337,[함양울산선(창녕밀양)]산외1터널(울산)-5/9,국가교통정보센터(고속도로),128.7832176,35.51947097
5022,E914338,[함양울산선(창녕밀양)]산외1터널(울산)-7/9,국가교통정보센터(고속도로),128.7868732,35.51829941
5023,E914339,[함양울산선(창녕밀양)]산외1터널(울산)-9/9,국가교통정보센터(고속도로),128.7892232,35.51740846
5024,E914340,[함양울산선(창녕밀양)]산외1터널(함양)-1/8,국가교통정보센터(고속도로),128.7889255,35.51789951
5025,E914341,[함양울산선(창녕밀양)]산외1터널(함양)-3/8,국가교통정보센터(고속도로),128.7866401,35.51872641
5026,E914342,[함양울산선(창녕밀양)]산외1터널(함양)-5/8,국가교통정보센터(고속도로),128.783587,35.51972684
5027,E914343,[함양울산선(창녕밀양)]산외1터널(함양)-7/8,국가교통정보센터(고속도로),128.7793671,35.5208075
5028,E914344,[함양울산선(창녕밀양)]산외1터널(함양)외부-1/1,국가교통정보센터(고속도로),128.790207,35.517053
5029,E914346,[함양울산선(창녕밀양)]영산터널(울산)-10/23,국가교통정보센터(고속도로),128.559987,35.47048
5030,E914347,[함양울산선(창녕밀양)]영산터널(울산)-12/23,국가교통정보센터(고속도로),128.5655282,35.47094609
5031,E914348,[함양울산선(창녕밀양)]영산터널(울산)-14/23,국가교통정보센터(고속도로),128.570439,35.471607
5032,E914349,[함양울산선(창녕밀양)]영산터널(울산)-16/23,국가교통정보센터(고속도로),128.575085,35.47207439
5033,E914350,[함양울산선(창녕밀양)]영산터널(울산)-18/23,국가교통정보센터(고속도로),128.5777403,35.47237315
5034,E914345,[함양울산선(창녕밀양)]영산터널(울산)-2/23,국가교통정보센터(고속도로),128.5308939,35.46695877
5035,E914351,[함양울산선(창녕밀양)]영산터널(울산)-20/23,국가교통정보센터(고속도로),128.5799555,35.47270013
5036,E914352,[함양울산선(창녕밀양)]영산터널(울산)-22/23,국가교통정보센터(고속도로),128.591334,35.475296
5037,E914353,[함양울산선(창녕밀양)]영산터널(울산)-4/23,국가교통정보센터(고속도로),128.544718,35.468713
5038,E914354,[함양울산선(창녕밀양)]영산터널(울산)-6/23,국가교통정보센터(고속도로),128.5452271,35.46861905
5039,E914355,[함양울산선(창녕밀양)]영산터널(울산)-8/23,국가교통정보센터(고속도로),128.556716,35.470095
5040,E914356,[함양울산선(창녕밀양)]영산터널(울산)외부-1/1,국가교통정보센터(고속도로),128.526523,35.466721
5041,E914357,[함양울산선(창녕밀양)]영산터널(함양)-1/22,국가교통정보센터(고속도로),128.590286,35.47502
5042,E914358,[함양울산선(창녕밀양)]영산터널(함양)-11/22,국가교통정보센터(고속도로),128.5656255,35.47134699
5043,E914359,[함양울산선(창녕밀양)]영산터널(함양)-13/22,국가교통정보센터(고속도로),128.561077,35.470607
5044,E914360,[함양울산선(창녕밀양)]영산터널(함양)-15/11,국가교통정보센터(고속도로),128.555626,35.469967
5045,E914361,[함양울산선(창녕밀양)]영산터널(함양)-17/22,국가교통정보센터(고속도로),128.549904,35.46957631
5046,E914362,[함양울산선(창녕밀양)]영산터널(함양)-19/22,국가교통정보센터(고속도로),128.545808,35.468839
5047,E914364,[함양울산선(창녕밀양)]영산터널(함양)-21/22,국가교통정보센터(고속도로),128.5386688,35.46820832
5048,E914363,[함양울산선(창녕밀양)]영산터널(함양)-3/22,국가교통정보센터(고속도로),128.5854204,35.47420217
5049,E914365,[함양울산선(창녕밀양)]영산터널(함양)-5/22,국가교통정보센터(고속도로),128.5801664,35.47327076
5050,E914366,[함양울산선(창녕밀양)]영산터널(함양)-7/22,국가교통정보센터(고속도로),128.5750835,35.4724946
5051,E914367,[함양울산선(창녕밀양)]영산터널(함양)-9/22,국가교통정보센터(고속도로),128.570894,35.471738
5052,E914368,[함양울산선(창녕밀양)]영산터널(함양)외부-1/2,국가교통정보센터(고속도로),128.586288,35.474407
5053,E914369,[함양울산선(창녕밀양)]영산터널(함양)외부-2/2,국가교통정보센터(고속도로),128.522506,35.465856
5054,E914370,[함양울산선(창녕밀양)]운정천1교,국가교통정보센터(고속도로),128.671399,35.493514
5055,E914371,[함양울산선(창녕밀양)]창녕분기점,국가교통정보센터(고속도로),128.511382,35.465142
5056,E914372,[함양울산선][울산]단장1터널(울산3/6),국가교통정보센터(고속도로),128.843626,35.50472306
5057,E914373,[함양울산선][울산]단장2터널(울산1/12),국가교통정보센터(고속도로),128.8605004,35.49895563
5058,E914374,[함양울산선][울산]단장2터널(울산12/12),국가교통정보센터(고속도로),128.8800088,35.49225046
5059,E914375,[함양울산선][울산]단장2터널(울산7/12),국가교통정보센터(고속도로),128.8659606,35.49704645
5060,E914376,[함양울산선][울산]단장4터널(울산2/12),국가교통정보센터(고속도로),128.8943848,35.49233644
5061,E914377,[함양울산선][울산]단장4터널(울산9/12),국가교통정보센터(고속도로),128.9168258,35.50004265
5062,E914378,[함양울산선][울산]산외3터널(울산4/8),국가교통정보센터(고속도로),128.8066678,35.51207034
5063,E914379,[함양울산선][울산]산외3터널(울산8/8),국가교통정보센터(고속도로),128.8224689,35.5105597
5064,E914380,[함양울산선][울산]삼동1터널(울산3/4),국가교통정보센터(고속도로),129.1566108,35.5080996
5065,E914381,[함양울산선][울산]신불산터널(울산11/33),국가교통정보센터(고속도로),129.0310346,35.53360553
5066,E914382,[함양울산선][울산]신불산터널(울산17/33),국가교통정보센터(고속도로),129.0418014,35.5334597
5067,E914384,[함양울산선][울산]신불산터널(울산27/33),국가교통정보센터(고속도로),129.0604881,35.53004644
5068,E914383,[함양울산선][울산]신불산터널(울산3/33),국가교통정보센터(고속도로),129.0205169,35.53204085
5069,E914385,[함양울산선][울산]신불산터널(울산32/33),국가교통정보센터(고속도로),129.06302251750301,35.52914704
5070,E914386,[함양울산선][울산]재약산터널(울산10/34),국가교통정보센터(고속도로),128.9380503,35.50694186
5071,E914387,[함양울산선][울산]재약산터널(울산22/34),국가교통정보센터(고속도로),128.9733233,35.51003972
5072,E914388,[함양울산선][울산]재약산터널(울산외부1/2),국가교통정보센터(고속도로),128.9261329,35.50354174
5073,E914389,[함양울산선][울산]재약산터널(울산외부2/2),국가교통정보센터(고속도로),129.008348,35.52773631
5074,E914390,[함양울산선][함양]단장1터널(함양5/6),국가교통정보센터(고속도로),128.8525609,35.50220259
5075,E914391,[함양울산선][함양]단장2터널(함양2/12),국가교통정보센터(고속도로),128.8818298,35.49225361
5076,E914392,[함양울산선][함양]단장2터널(함양7/12),국가교통정보센터(고속도로),128.8700815,35.49607698
5077,E914393,[함양울산선][함양]단장4터널(함양12/12),국가교통정보센터(고속도로),128.9007324,35.49494003
5078,E914394,[함양울산선][함양]단장4터널(함양5/12),국가교통정보센터(고속도로),128.9190084,35.50122899
5079,E914395,[함양울산선][함양]단장4터널(함양외부1/1),국가교통정보센터(고속도로),128.9213312,35.50182281
5080,E914396,[함양울산선][함양]산외3터널(함양2/8),국가교통정보센터(고속도로),128.8266824,35.50985613
5081,E914397,[함양울산선][함양]산외3터널(함양6/8),국가교통정보센터(고속도로),128.8153939,35.51193704
5082,E914398,[함양울산선][함양]삼동1터널(함양3/4),국가교통정보센터(고속도로),129.1556617,35.50887349
5083,E914401,[함양울산선][함양]신불산터널(함양18/33),국가교통정보센터(고속도로),129.0507521,35.53228951
5084,E914400,[함양울산선][함양]신불산터널(함양24/33),국가교통정보센터(고속도로),129.0399117,35.53392873
5085,E914402,[함양울산선][함양]신불산터널(함양3/33),국가교통정보센터(고속도로),129.0764931,35.52593761
5086,E914399,[함양울산선][함양]신불산터널(함양32/33),국가교통정보센터(고속도로),129.0277056,35.53361651
5087,E914403,[함양울산선][함양]신불산터널(함양9/33),국가교통정보센터(고속도로),129.05348749354565,35.53131931
5088,E914405,[함양울산선][함양]재약산터널(함양15/34),국가교통정보센터(고속도로),128.9640022,35.50879513
5089,E914404,[함양울산선][함양]재약산터널(함양27/34),국가교통정보센터(고속도로),128.9462605,35.50841817
5090,E914406,[함양울산선][함양]재약산터널(함양외부1/1),국가교통정보센터(고속도로),129.0082283,35.5280199
5091,E914407,[함양울산선]대복1교,국가교통정보센터(고속도로),129.206853,35.497966
5092,E914408,[함양울산선]대복2교,국가교통정보센터(고속도로),129.217216,35.499213
5093,E914409,[함양울산선]밀양JCT,국가교통정보센터(고속도로),128.799975,35.513456
5094,E914411,[함양울산선]밀양원톨링1,국가교통정보센터(고속도로),128.798178,35.516883
5095,E914410,[함양울산선]밀양원톨링2,국가교통정보센터(고속도로),128.796393,35.516367
5096,E914412,[함양울산선]밀양원톨링3(신대구부산선합류부),국가교통정보센터(고속도로),128.796524,35.521387
5097,E914413,[함양울산선]배내골진입로,국가교통정보센터(고속도로),129.0084447,35.52483757
5098,E914414,[함양울산선]보은1교,국가교통정보센터(고속도로),129.112198,35.51456
5099,E914415,[함양울산선]보은철교,국가교통정보센터(고속도로),129.132064,35.51191
5100,E914416,[함양울산선]삼동교,국가교통정보센터(고속도로),129.142402,35.512564
5101,E914417,[함양울산선]서울주JC,국가교통정보센터(고속도로),129.110516,35.511317
5102,E914418,[함양울산선]신불산터널(22/33)_함양,국가교통정보센터(고속도로),129.0742035,35.52561188
5103,E914419,[함양울산선]울주JC1,국가교통정보센터(고속도로),129.253098,35.502192
5104,E914420,[함양울산선]울주JC2,국가교통정보센터(고속도로),129.255098,35.501758
5105,E914421,[함양울산선]율리교,국가교통정보센터(고속도로),129.235613,35.50185
5106,E914422,[함양울산선]작동2교,국가교통정보센터(고속도로),129.188506,35.497689
5107,E914423,[함양울산선]작동3교,국가교통정보센터(고속도로),129.193451,35.496636
5108,E914424,[함양울산선]출강2교,국가교통정보센터(고속도로),129.165929,35.503723
5109,E914425,[호남선][순천]못재터널(순천외부1),국가교통정보센터(고속도로),126.791613,35.279121
5110,E914426,[호남선][천안]못재터널(천안외부1),국가교통정보센터(고속도로),126.79374,35.26644
5111,E914427,[호남선]가정,국가교통정보센터(고속도로),127.157203674316,35.2573928833007
5112,E914428,[호남선]갈동육교,국가교통정보센터(고속도로),127.049311,35.850026
5113,E914429,[호남선]감곡,국가교통정보센터(고속도로),126.94758605957,35.6940193176269
5114,E914430,[호남선]경악교,국가교통정보센터(고속도로),127.23526763916,35.1991958618164
5115,E914433,[호남선]고서분기점,국가교통정보센터(고속도로),126.9595883,35.22372304
5116,E914431,[호남선]곡성,국가교통정보센터(고속도로),127.22333,35.22611
5117,E914432,[호남선]곡성휴게소,국가교통정보센터(고속도로),127.14889,35.25944
5118,E914434,[호남선]광산,국가교통정보센터(고속도로),126.8280403,35.21641962
5119,E914435,[호남선]광산정류장,국가교통정보센터(고속도로),126.8268182,35.2236396
5120,E914436,[호남선]광주영업소,국가교통정보센터(고속도로),126.8102986,35.24984192
5121,E914437,[호남선]구덕,국가교통정보센터(고속도로),127.082824707031,35.9379348754882
5122,E914438,[호남선]금산사,국가교통정보센터(고속도로),126.9892908,35.7368104
5123,E914439,[호남선]김제,국가교통정보센터(고속도로),127.0023408,35.77581347
5124,E914440,[호남선]내장산,국가교통정보센터(고속도로),126.8018556,35.50950702
5125,E914441,[호남선]논산분기점,국가교통정보센터(고속도로),127.10194,36.07889
5126,E914442,[호남선]농소리,국가교통정보센터(고속도로),127.232049,35.217409
5127,E914443,[호남선]당월교,국가교통정보센터(고속도로),127.25657,35.15857
5128,E914444,[호남선]대덕,국가교통정보센터(고속도로),127.052786,35.251739
5129,E914445,[호남선]대덕분기점,국가교통정보센터(고속도로),127.044308,35.246587
5130,E914446,[호남선]대덕육교,국가교통정보센터(고속도로),127.020545959472,35.2423553466796
5131,E914447,[호남선]대덕터널,국가교통정보센터(고속도로),127.063889,35.260556
5132,E914448,[호남선]대율교,국가교통정보센터(고속도로),127.0231708,35.7969235
5133,E914449,[호남선]덕흥교,국가교통정보센터(고속도로),127.259211,35.148842
5134,E914450,[호남선]도천,국가교통정보센터(고속도로),126.829193115234,35.2135200500488
5135,E914451,[호남선]동광주,국가교통정보센터(고속도로),126.9476482,35.21488031
5136,E914452,[호남선]동광주영업소,국가교통정보센터(고속도로),126.944783,35.210617
5137,E914453,[호남선]동림,국가교통정보센터(고속도로),126.8645566,35.19265031
5138,E914454,[호남선]두월육교,국가교통정보센터(고속도로),127.3222386,35.0282477
5139,E914455,[호남선]등천,국가교통정보센터(고속도로),126.792457580566,35.4842834472656
5140,E914456,[호남선]만경강교,국가교통정보센터(고속도로),127.0597222,35.88833333
5141,E914457,[호남선]매곡,국가교통정보센터(고속도로),126.87548828125,35.189281463623
5142,E914458,[호남선]명강교,국가교통정보센터(고속도로),127.251014709472,35.1658401489257
5143,E914459,[호남선]묘현,국가교통정보센터(고속도로),126.802401,35.407989
5144,E914460,[호남선]문학,국가교통정보센터(고속도로),127.085289001464,35.2644462585449
5145,E914461,[호남선]문화,국가교통정보센터(고속도로),126.922735,35.181443
5146,E914462,[호남선]문흥,국가교통정보센터(고속도로),126.929359436035,35.1930427551269
5147,E914463,[호남선]박산교,국가교통정보센터(고속도로),126.808204650878,35.3768196105957
5148,E914464,[호남선]반월,국가교통정보센터(고속도로),126.846549987792,35.1973152160644
5149,E914465,[호남선]백계,국가교통정보센터(고속도로),126.816501,35.354011
5150,E914466,[호남선]백양사,국가교통정보센터(고속도로),126.8047563,35.43045993
5151,E914467,[호남선]백양사휴게소,국가교통정보센터(고속도로),126.8058203,35.38981441
5152,E914468,[호남선]보성강교,국가교통정보센터(고속도로),127.258793,35.090672
5153,E914469,[호남선]보촌,국가교통정보센터(고속도로),126.951217651367,35.2204246520996
5154,E914470,[호남선]복다,국가교통정보센터(고속도로),127.279812,35.053879
5155,E914471,[호남선]봉덕,국가교통정보센터(고속도로),127.35079,35.022074
5156,E914472,[호남선]봉동,국가교통정보센터(고속도로),127.11264,35.999443
5157,E914473,[호남선]봉암교,국가교통정보센터(고속도로),127.245384,35.108733
5158,E914474,[호남선]북광산,국가교통정보센터(고속도로),126.819747924804,35.2397537231445
5159,E914476,[호남선]비상활주로,국가교통정보센터(고속도로),126.900958,35.635024
5160,E914475,[호남선]비상활주로시점,국가교통정보센터(고속도로),126.879371643066,35.617317199707
5161,E914477,[호남선]비월,국가교통정보센터(고속도로),127.435974,35.011734
5162,E914478,[호남선]산덕,국가교통정보센터(고속도로),126.986053466796,35.2256813049316
5163,E914479,[호남선]산월,국가교통정보센터(고속도로),126.8388703,35.20335962
5164,E914480,[호남선]삼기정류장,국가교통정보센터(고속도로),127.2083866,35.2315993
5165,E914481,[호남선]삼례,국가교통정보센터(고속도로),127.0789921,35.92508552
5166,E914482,[호남선]삼례BS(졸음쉼터),국가교통정보센터(고속도로),127.066734313964,35.9159660339355
5167,E914483,[호남선]상평육교,국가교통정보센터(고속도로),126.824272155761,35.5606002807617
5168,E914484,[호남선]서광주,국가교통정보센터(고속도로),126.8835815,35.18466621
5169,E914485,[호남선]서전주,국가교통정보센터(고속도로),127.0339263,35.82688509
5170,E914488,[호남선]서전주쉼터(천안),국가교통정보센터(고속도로),127.029594421386,35.8195190429687
5171,E914486,[호남선]석곡,국가교통정보센터(고속도로),127.2471542,35.12774372
5172,E914487,[호남선]석곡1교,국가교통정보센터(고속도로),127.252792358398,35.1370887756347
5173,E914489,[호남선]석곡터널,국가교통정보센터(고속도로),127.257423400878,35.1432189941406
5174,E914490,[호남선]성곡,국가교통정보센터(고속도로),127.07917,35.26389
5175,E914491,[호남선]성산교,국가교통정보센터(고속도로),126.801082,35.32675
5176,E914492,[호남선]송강교,국가교통정보센터(고속도로),127.1874507,35.2421854
5177,E914493,[호남선]순천1터널,국가교통정보센터(고속도로),127.309035,35.031282
5178,E914494,[호남선]순천휴게소,국가교통정보센터(고속도로),127.4407456,35.01071031
5179,E914495,[호남선]승주,국가교통정보센터(고속도로),127.3748123,35.01461894
5180,E914496,[호남선]신기,국가교통정보센터(고속도로),127.26279,35.084213
5181,E914497,[호남선]신성,국가교통정보센터(고속도로),127.391700744628,35.0112686157226
5182,E914498,[호남선]신전2교,국가교통정보센터(고속도로),127.344052,35.023415
5183,E914499,[호남선]신흥,국가교통정보센터(고속도로),126.810258,35.368364
5184,E914500,[호남선]쌍암천교,국가교통정보센터(고속도로),127.4114823,35.0120817
5185,E914501,[호남선]여산,국가교통정보센터(고속도로),127.106944,36.061111
5186,E914502,[호남선]여산휴게소,국가교통정보센터(고속도로),127.103564,36.047616
5187,E914503,[호남선]연동육교,국가교통정보센터(고속도로),127.010955810546,35.7840003967285
5188,E914504,[호남선]연반1교,국가교통정보센터(고속도로),127.2419675,35.1798517
5189,E914505,[호남선]연화,국가교통정보센터(고속도로),127.097770690917,35.2612228393554
5190,E914506,[호남선]영천,국가교통정보센터(고속도로),126.7886111,35.2991667
5191,E914507,[호남선]오례,국가교통정보센터(고속도로),127.0936199,35.26263068
5192,E914508,[호남선]옥과,국가교통정보센터(고속도로),127.1138999,35.25874068
5193,E914509,[호남선]왕궁,국가교통정보센터(고속도로),127.10306,36.01389
5194,E914510,[호남선]용강,국가교통정보센터(고속도로),126.811775207519,35.3618736267089
5195,E914511,[호남선]용봉,국가교통정보센터(고속도로),126.9072848,35.18391962
5196,E914512,[호남선]용산육교,국가교통정보센터(고속도로),126.998767,35.75064
5197,E914513,[호남선]용정육교,국가교통정보센터(고속도로),127.0506624,35.8563481
5198,E914514,[호남선]용천교,국가교통정보센터(고속도로),127.274200439453,35.0582122802734
5199,E914515,[호남선]원덕2교,국가교통정보센터(고속도로),126.8076562,35.4438245
5200,E914516,[호남선]원덕교,국가교통정보센터(고속도로),126.7977229,35.46172702
5201,E914517,[호남선]원수육교,국가교통정보센터(고속도로),127.10331,36.02667
5202,E914518,[호남선]월곡,국가교통정보센터(고속도로),126.81282043457,35.2467079162597
5203,E914519,[호남선]월산교,국가교통정보센터(고속도로),127.4615595,35.0052997
5204,E914520,[호남선]월성,국가교통정보센터(고속도로),126.972037,35.222394
5205,E914521,[호남선]의암,국가교통정보센터(고속도로),127.213708,35.231072
5206,E914522,[호남선]익산,국가교통정보센터(고속도로),127.1141415,35.98951577
5207,E914523,[호남선]익산JC(비상주차대),국가교통정보센터(고속도로),127.089332580566,35.9427223205566
5208,E914524,[호남선]익산분기점,국가교통정보센터(고속도로),127.09291,35.94479
5209,E914525,[호남선]입암육교,국가교통정보센터(고속도로),126.807029724121,35.5280799865722
5210,E914526,[호남선]장구,국가교통정보센터(고속도로),127.106941,35.978441
5211,E914527,[호남선]장등,국가교통정보센터(고속도로),126.929147,35.196992
5212,E914528,[호남선]장성,국가교통정보센터(고속도로),126.7867996,35.28572894
5213,E914529,[호남선]장성교,국가교통정보센터(고속도로),126.787605285644,35.2972564697265
5214,E914530,[호남선]장성분기점,국가교통정보센터(고속도로),126.808452,35.333319
5215,E914531,[호남선]장성정류장,국가교통정보센터(고속도로),126.7937697,35.31632196
5216,E914532,[호남선]장운,국가교통정보센터(고속도로),126.932795,35.204374
5217,E914533,[호남선]전주,국가교통정보센터(고속도로),127.054069519042,35.8754920959472
5218,E914534,[호남선]접치,국가교통정보센터(고속도로),127.29702758789,35.0363845825195
5219,E914535,[호남선]정읍,국가교통정보센터(고속도로),126.8329744,35.5806159
5220,E914536,[호남선]정읍휴게소,국가교통정보센터(고속도로),126.8606324,35.59899317
5221,E914537,[호남선]주암,국가교통정보센터(고속도로),127.2706522,35.06700702
5222,E914538,[호남선]주암휴게소,국가교통정보센터(고속도로),127.26293182373,35.0833587646484
5223,E914539,[호남선]죽항,국가교통정보센터(고속도로),127.006256103515,35.2354469299316
5224,E914540,[호남선]증산천교,국가교통정보센터(고속도로),126.9449242,35.6777996
5225,E914541,[호남선]증암천교,국가교통정보센터(고속도로),126.9812583,35.225393
5226,E914542,[호남선]창평,국가교통정보센터(고속도로),127.0015855,35.23249223
5227,E914543,[호남선]창평육교,국가교통정보센터(고속도로),127.011081,35.240197
5228,E914544,[호남선]천원천교,국가교통정보센터(고속도로),126.8170883,35.5434804
5229,E914545,[호남선]청운육교,국가교통정보센터(고속도로),126.791465759277,35.3109741210937
5230,E914546,[호남선]칠봉교,국가교통정보센터(고속도로),127.180194,35.248369
5231,E914547,[호남선]태인,국가교통정보센터(고속도로),126.9281248,35.66166223
5232,E914548,[호남선]태인졸음쉼터(천안),국가교통정보센터(고속도로),126.931739807128,35.6632270812988
5233,E914550,[호남선]하북육교,국가교통정보센터(고속도로),126.8491897583,35.5939216613769
5234,E914549,[호남선]학구교,국가교통정보센터(고속도로),127.359748840332,35.0179481506347
5235,E914551,[호남선]한교천교,국가교통정보센터(고속도로),126.8760716,35.6104491
5236,E914552,[호남선]해전,국가교통정보센터(고속도로),127.057563781738,35.9002685546875
5237,E914553,[호남선]행정교,국가교통정보센터(고속도로),127.2892622,35.043117
5238,E914554,[호남선]현정교,국가교통정보센터(고속도로),127.16778,35.25333
5239,E914555,[호남선]호남터널,국가교통정보센터(고속도로),126.7971729,35.47255702
5240,E914556,[호남선]화천1교,국가교통정보센터(고속도로),126.909118652343,35.6465492248535
5241,E914557,[호남선]황산,국가교통정보센터(고속도로),127.122741699218,35.2579803466796
5242,E914558,[호남선]황산교,국가교통정보센터(고속도로),127.13513,35.26299
5243,E914559,[호남선]후정2교,국가교통정보센터(고속도로),127.0603197,35.9118888
5244,E914560,[호남선]흥암,국가교통정보센터(고속도로),127.105148315429,35.9705200195312
5245,E914561,[호남선]흥암육교,국가교통정보센터(고속도로),127.100273,35.955219
5246,E914563,[호남선지선]논산천교,국가교통정보센터(고속도로),127.197,36.162
5247,E914562,[호남선지선]논산천교,국가교통정보센터(고속도로),127.187263488769,36.1644096374511
5248,E914564,[호남선지선]두월,국가교통정보센터(고속도로),127.154864,36.146758
5249,E914565,[호남지선]강청육교,국가교통정보센터(고속도로),127.16139,36.15167
5250,E914566,[호남지선]계룡,국가교통정보센터(고속도로),127.2799814,36.25351408
5251,E914567,[호남지선]고내육교,국가교통정보센터(고속도로),127.105676,36.087145
5252,E914568,[호남지선]금곡천교,국가교통정보센터(고속도로),127.3069615,36.27483788
5253,E914569,[호남지선]금곡천교1,국가교통정보센터(고속도로),127.3076,36.275367
5254,E914570,[호남지선]금곡천교2,국가교통정보센터(고속도로),127.31485748291,36.2818717956542
5255,E914571,[호남지선]녹산,국가교통정보센터(고속도로),127.23281,36.16594679
5256,E914572,[호남지선]논산,국가교통정보센터(고속도로),127.13472,36.12222
5257,E914573,[호남지선]대정육교,국가교통정보센터(고속도로),127.308959960937,36.3226127624511
5258,E914574,[호남지선]두계천교,국가교통정보센터(고속도로),127.2921505,36.2668577
5259,E914575,[호남지선]벌곡정류장,국가교통정보센터(고속도로),127.2625,36.19667
5260,E914576,[호남지선]벌곡휴게소,국가교통정보센터(고속도로),127.27707,36.22281594
5261,E914577,[호남지선]복용육교,국가교통정보센터(고속도로),127.32167,36.345
5262,E914578,[호남지선]북대전,국가교통정보센터(고속도로),127.38111,36.41139
5263,E914579,[호남지선]북대전쉼터(논산),국가교통정보센터(고속도로),127.36897277832,36.4067916870117
5264,E914580,[호남지선]북대전쉼터(회덕),국가교통정보센터(고속도로),127.367057800292,36.4058799743652
5265,E914581,[호남지선]서대전분기점,국가교통정보센터(고속도로),127.317457,36.291514
5266,E914582,[호남지선]서대전분기점2,국가교통정보센터(고속도로),127.309585571289,36.3042259216308
5267,E914583,[호남지선]서대전쉼터1,국가교통정보센터(고속도로),127.306603,36.314963
5268,E914584,[호남지선]서대전졸음쉼터2(논산),국가교통정보센터(고속도로),127.307075500488,36.3174324035644
5269,E914585,[호남지선]설목육교,국가교통정보센터(고속도로),127.37318,36.407773
5270,E914586,[호남지선]소룡,국가교통정보센터(고속도로),127.120475769042,36.1105575561523
5271,E914587,[호남지선]야촌,국가교통정보센터(고속도로),127.148559,36.136431
5272,E914588,[호남지선]양촌,국가교통정보센터(고속도로),127.209465,36.158927
5273,E914589,[호남지선]양촌고개,국가교통정보센터(고속도로),127.2460929,36.1824134
5274,E914590,[호남지선]유성,국가교통정보센터(고속도로),127.33167,36.36389
5275,E914591,[호남지선]유성분기점,국가교통정보센터(고속도로),127.33758,36.38515
5276,E914592,[호남지선]유성쉼터(회덕),국가교통정보센터(고속도로),127.335243225097,36.3803787231445
5277,E914593,[호남지선]자운대,국가교통정보센터(고속도로),127.368474,36.406811
5278,E914594,[호남지선]자운육교,국가교통정보센터(고속도로),127.34390258789,36.3938293457031
5279,E914595,[호남지선]전민,국가교통정보센터(고속도로),127.405639648437,36.4059524536132
5280,E914596,[호남지선]조령,국가교통정보센터(고속도로),127.27391052246,36.2329177856445
5281,E914597,[호남지선]죽동,국가교통정보센터(고속도로),127.331382751464,36.370994567871
5282,E914598,[호남지선]죽평육교,국가교통정보센터(고속도로),127.1121319,36.1009804
5283,E914599,[호남지선]탄동교,국가교통정보센터(고속도로),127.35611,36.39861
5284,E914600,[호남지선]탑립육교,국가교통정보센터(고속도로),127.394132,36.410548
5285,E900770,[국도02호선]보성조리교차로,국가교통정보센터(국도),127.05427,34.74846
5286,E900771,[국도02호선]영암채지삼거리,국가교통정보센터(국도),126.56734,34.71916
5287,E900772,[국도02호선]영암초안삼거리,국가교통정보센터(국도),126.60014,34.7183
5288,E900773,[국도02호선]장흥순지교차로,국가교통정보센터(국도),126.88574,34.65766
5289,E900774,[국도03호선]연천와초IC교,국가교통정보센터(국도),127.09039,38.13158
5290,E900775,[국도03호선]연천전곡입구오거리,국가교통정보센터(국도),127.06995,38.01594
5291,E900776,[국도04호선]동백대교1(장항),국가교통정보센터(국도),126.70769,36.003292
5292,E900777,[국도05]제천구학리,국가교통정보센터(국도),128.111325,37.166971
5293,E900778,[국도05]제천구학역,국가교통정보센터(국도),128.119874,37.154385
5294,E900779,[국도05]제천옥전1리,국가교통정보센터(국도),128.106262,37.173837
5295,E900780,[국도05]제천옥전과선교,국가교통정보센터(국도),128.112399,37.170023
5296,E900781,[국도05]제천탁사정,국가교통정보센터(국도),128.108405,37.166876
5297,E900782,[국도05]제천탁사정삼거리,국가교통정보센터(국도),128.107246,37.164284
5298,E900783,[국도05]제천학산건강마을,국가교통정보센터(국도),128.109538,37.184426
5299,E900784,[국도05]제천학산교,국가교통정보센터(국도),128.102057,37.185377
5300,E900785,[국도05]제천학산리,국가교통정보센터(국도),128.097389,37.194209
5301,E900786,[국도13]금산상하옥사거리,국가교통정보센터(국도),127.4875081,36.0993922
5302,E900787,[국도13]금산종합운동장,국가교통정보센터(국도),127.4926,36.0826
5303,E900788,[국도13]금산하옥리,국가교통정보센터(국도),127.4905704,36.0877945
5304,E900789,[국도13]금산하옥사거리,국가교통정보센터(국도),127.4892049,36.0948897
5305,E900790,[국도13호선]㈜세원티아이씨,국가교통정보센터(국도),127.047895,35.284668
5306,E900791,[국도13호선]㈜자연식품,국가교통정보센터(국도),127.015888,35.294219
5307,E900792,[국도13호선]강절육교,국가교통정보센터(국도),126.67712,34.66098
5308,E900793,[국도13호선]강진월남리,국가교통정보센터(국도),126.73134,34.74698
5309,E900794,[국도13호선]강진월하리,국가교통정보센터(국도),126.709526,34.730145
5310,E900795,[국도13호선]곡성연화리,국가교통정보센터(국도),127.112678,35.263097
5311,E900796,[국도13호선]구산1교옆,국가교통정보센터(국도),126.59342,34.422188
5312,E900797,[국도13호선]나주신원제옆,국가교통정보센터(국도),126.711334,34.944874
5313,E900798,[국도13호선]남창IC교,국가교통정보센터(국도),126.62264,34.407192
5314,E900799,[국도13호선]노동면학동리,국가교통정보센터(국도),127.43088,35.591015
5315,E900800,[국도13호선]달도IC교,국가교통정보센터(국도),126.63419,34.39944
5316,E900801,[국도13호선]담양고성사거리,국가교통정보센터(국도),126.92335,35.294395
5317,E900802,[국도13호선]담양리얼펍,국가교통정보센터(국도),126.986511,35.305804
5318,E900803,[국도13호선]담양오례리1,국가교통정보센터(국도),127.095991,35.264364
5319,E900804,[국도13호선]담양오룡리,국가교통정보센터(국도),127.004701,35.296513
5320,E900805,[국도13호선]담양중옥교차로,국가교통정보센터(국도),126.88763,35.25836
5321,E900806,[국도13호선]대야2교옆,국가교통정보센터(국도),126.721405,34.36827
5322,E900807,[국도13호선]덕정교차로,국가교통정보센터(국도),126.64427,34.636326
5323,E900808,[국도13호선]불목IC교,국가교통정보센터(국도),126.701,34.388874
5324,E900000,[국도13호선]석현교,국가교통정보센터(국도),126.746039,35.05782
5325,E900809,[국도13호선]성하교,국가교통정보센터(국도),126.648926,34.63798
5326,E900810,[국도13호선]송운교,국가교통정보센터(국도),126.648315,34.57504
5327,E900811,[국도13호선]신금마을옆,국가교통정보센터(국도),126.562965,34.540596
5328,E900812,[국도13호선]신학교옆,국가교통정보센터(국도),126.66904,34.38367
5329,E900813,[국도13호선]신흥육교,국가교통정보센터(국도),126.6404,34.60369
5330,E900814,[국도13호선]영안2교,국가교통정보센터(국도),126.65168,34.58512
5331,E900815,[국도13호선]영암원금수입구삼거리,국가교통정보센터(국도),126.69825,34.90603
5332,E900816,[국도13호선]영암청림삼거리,국가교통정보센터(국도),126.69253,34.833847
5333,E900817,[국도13호선]오례삼거리,국가교통정보센터(국도),127.082051,35.269754
5334,E900818,[국도13호선]오시교옆,국가교통정보센터(국도),126.544975,34.49184
5335,E900001,[국도13호선]완도교차로,국가교통정보센터(국도),126.733669,34.330779
5336,E900819,[국도13호선]완도대교,국가교통정보센터(국도),126.650276,34.393364
5337,E900820,[국도13호선]완도터널옆,국가교통정보센터(국도),126.71748,34.38014
5338,E900821,[국도13호선]월평1교옆,국가교통정보센터(국도),126.69093,34.68383
5339,E900822,[국도13호선]장보고공원옆,국가교통정보센터(국도),126.734245,34.345238
5340,E900823,[국도13호선]장수대성리,국가교통정보센터(국도),127.4539369,35.59843277
5341,E900824,[국도13호선]장수오성리,국가교통정보센터(국도),127.4424029,35.58650207
5342,E900825,[국도13호선]장수용계리,국가교통정보센터(국도),127.4807063,35.61427491
5343,E900002,[국도13호선]주암삼거리,국가교통정보센터(국도),126.689477,34.863613
5344,E900003,[국도13호선]주평사거리,국가교통정보센터(국도),126.948104,35.309301
5345,E900826,[국도13호선]평동육교,국가교통정보센터(국도),126.60345,34.560955
5346,E900827,[국도14]거제22번교차로,국가교통정보센터(국도),128.69262,34.867828
5347,E900828,[국도14]거제거붕백병원,국가교통정보센터(국도),128.625199,34.872342
5348,E900829,[국도14]거제계룡산교차로,국가교통정보센터(국도),128.607155,34.88234
5349,E900830,[국도14]거제고현3교,국가교통정보센터(국도),128.617166,34.877819
5350,E900831,[국도14]거제금포마을회관부근,국가교통정보센터(국도),128.543051,34.911503
5351,E900832,[국도14]거제문동3교,국가교통정보센터(국도),128.62864,34.865699
5352,E900833,[국도14]거제사곡교차로부근,국가교통정보센터(국도),128.554419,34.902967
5353,E900834,[국도14]거제사곡삼거리,국가교통정보센터(국도),128.565244,34.898858
5354,E900835,[국도14]거제사등면축구장,국가교통정보센터(국도),128.515308,34.906689
5355,E900836,[국도14]거제사등보건지소입구,국가교통정보센터(국도),128.524276,34.918472
5356,E900837,[국도14]거제사등초등학교,국가교통정보센터(국도),128.517374,34.912164
5357,E900838,[국도14]거제상동교차로,국가교통정보센터(국도),128.63876,34.86507
5358,E900839,[국도14]거제새거제주유소,국가교통정보센터(국도),128.584626,34.895125
5359,E900840,[국도14]거제성내마을삼거리부근,국가교통정보센터(국도),128.54866,34.90592
5360,E900841,[국도14]거제성포중학교부근,국가교통정보센터(국도),128.533857,34.915507
5361,E900843,[국도14]거제양정터널관리사무소,국가교통정보센터(국도),128.676229,34.871497
5362,E900842,[국도14]거제양정터널하행입구,국가교통정보센터(국도),128.650686,34.867739
5363,E900844,[국도14]거제에스오일충전소전,국가교통정보센터(국도),128.502939,34.897301
5364,E900845,[국도14]거제오량교차로,국가교통정보센터(국도),128.490401,34.887134
5365,E900846,[국도14]거제오성골,국가교통정보센터(국도),128.499443,34.891494
5366,E900847,[국도14]거제옥림교차로,국가교통정보센터(국도),128.709071,34.848031
5367,E900848,[국도14]거제일운터널서측,국가교통정보센터(국도),128.70541,34.86215
5368,E900849,[국도14]거제장평2교,국가교통정보센터(국도),128.595337,34.887309
5369,E900850,[국도14]거제지석교,국가교통정보센터(국도),128.511852,34.901946
5370,E900851,[국도14]고성고성터널서측,국가교통정보센터(국도),128.384722,35.097778
5371,E900852,[국도14]고성두호마을입구,국가교통정보센터(국도),128.343333,35.016111
5372,E900853,[국도14]고성배둔교남측,국가교통정보센터(국도),128.361389,35.059167
5373,E900854,[국도14]고성송학교차로,국가교통정보센터(국도),128.33223,34.979168
5374,E900855,[국도14]고성송학삼거리,국가교통정보센터(국도),128.327389,34.986191
5375,E900857,[국도14]고성신월IC교차로,국가교통정보센터(국도),128.336389,34.960556
5376,E900856,[국도14]고성신월IC교차로북측,국가교통정보센터(국도),128.33471,34.962776
5377,E900858,[국도14]고성외우산마을입구,국가교통정보센터(국도),128.33311,34.99851
5378,E900859,[국도14]고성율대사거리,국가교통정보센터(국도),128.334722,34.967778
5379,E900860,[국도14]기장경전철홍보관,국가교통정보센터(국도),129.1759,35.2417
5380,E900861,[국도14]기장교리삼거리,국가교통정보센터(국도),129.2211099,35.25171248
5381,E900862,[국도14]기장군민체육공원,국가교통정보센터(국도),129.2402,35.3052
5382,E900863,[국도14]기장기룡2일반산업단지,국가교통정보센터(국도),129.2601833,35.36301389
5383,E900864,[국도14]기장기장동원로,국가교통정보센터(국도),129.1913,35.2527
5384,E900865,[국도14]기장만화리고개2번,국가교통정보센터(국도),129.2002556,35.25423889
5385,E900866,[국도14]기장안평저수지,국가교통정보센터(국도),129.1863,35.248
5386,E900867,[국도14]기장장안IC교차로(장안IC),국가교통정보센터(국도),129.2482,35.3327
5387,E900868,[국도14]기장장안오리보건진료소,국가교통정보센터(국도),129.2623,35.3763
5388,E900869,[국도14]기장좌천교,국가교통정보센터(국도),129.2383,35.3141
5389,E900870,[국도14]기장좌천사거리,국가교통정보센터(국도),129.2405084,35.31820095
5390,E900871,[국도14]기장철마삼거리,국가교통정보센터(국도),129.1795013,35.24621883
5391,E900872,[국도14]기장청광고가교,국가교통정보센터(국도),129.2348,35.2891
5392,E900873,[국도14]기장행복한어르신의집,국가교통정보센터(국도),129.25162,35.34349
5393,E900874,[국도14]기장현대요양병원,국가교통정보센터(국도),129.2097,35.248
5394,E900875,[국도14]기장화전교차로,국가교통정보센터(국도),129.2336583,35.28482222
5395,E900876,[국도14]김해김해2터널북측,국가교통정보센터(국도),128.81432,35.25698
5396,E900877,[국도14]김해농소1교,국가교통정보센터(국도),128.83765,35.21724
5397,E900878,[국도14]김해병동교차로(김해1터널),국가교통정보센터(국도),128.8003556,35.28188889
5398,E900879,[국도14]김해본산1교(금봉양지터널서측),국가교통정보센터(국도),128.761643,35.314697
5399,E900880,[국도14]김해본산교차로,국가교통정보센터(국도),128.744008,35.32113
5400,E900881,[국도14]김해본산터널서측,국가교통정보센터(국도),128.755567,35.320233
5401,E900882,[국도14]김해봉곡천교,국가교통정보센터(국도),128.864099,35.211297
5402,E900883,[국도14]김해설창천교(금봉양지터널동측),국가교통정보센터(국도),128.77805,35.301547
5403,E900884,[국도14]김해주천1교,국가교통정보센터(국도),128.7067361,35.305925
5404,E900885,[국도14]김해진영교차로,국가교통정보센터(국도),128.728044,35.315704
5405,E900886,[국도14]김해퇴래교,국가교통정보센터(국도),128.784408,35.297195
5406,E900887,[국도14]김해한림교차로(구소업삼거리),국가교통정보센터(국도),128.78893,35.28958
5407,E900888,[국도14]부산부원교차로,국가교통정보센터(국도),128.889692,35.213681
5408,E900889,[국도14]부산식만3교,국가교통정보센터(국도),128.910455,35.215698
5409,E900903,[국도14]울주(기장)명례주유소,국가교통정보센터(국도),129.25566,35.3855
5410,E900890,[국도14]울주남창2교,국가교통정보센터(국도),129.282444,35.42642
5411,E900891,[국도14]울주두현1교,국가교통정보센터(국도),129.2605,35.52
5412,E900892,[국도14]울주두현2교,국가교통정보센터(국도),129.25345,35.52812
5413,E900893,[국도14]울주망양삼거리,국가교통정보센터(국도),129.2891499,35.45462454
5414,E900894,[국도14]울주명례휴게소북측,국가교통정보센터(국도),129.2546,35.3901
5415,E900895,[국도14]울주온산삼거리,국가교통정보센터(국도),129.2846384,35.43852318
5416,E900896,[국도14]울주온양LPG충전소,국가교통정보센터(국도),129.2841,35.4451
5417,E900897,[국도14]울주온양검문소(온양IC),국가교통정보센터(국도),129.2664,35.4094
5418,E900898,[국도14]울주온양사거리(온양IC),국가교통정보센터(국도),129.2742288,35.41616618
5419,E900899,[국도14]울주제네삼거리,국가교통정보센터(국도),129.2927,35.4708
5420,E900900,[국도14]울주진곡교,국가교통정보센터(국도),129.284887685,35.5069103429
5421,E900901,[국도14]울주청량IC교차로(청량IC울산방향),국가교통정보센터(국도),129.2940639,35.47695556
5422,E900902,[국도14]울주하대마을,국가교통정보센터(국도),129.2601156,35.396965
5423,E900904,[국도14]창원덕산교차로,국가교통정보센터(국도),128.68064,35.27968
5424,E900905,[국도14]창원용암삼거리,국가교통정보센터(국도),128.64738,35.26947
5425,E900906,[국도14]통영SKLPG충전소,국가교통정보센터(국도),128.436333,34.857981
5426,E900907,[국도14]통영관덕삼거리,국가교통정보센터(국도),128.371286,34.901594
5427,E900908,[국도14]통영도산교차로,국가교통정보센터(국도),128.36081,34.90538
5428,E900909,[국도14]통영미늘삼거리,국가교통정보센터(국도),128.44154,34.85802
5429,E900910,[국도14]통영바다휴게소북측,국가교통정보센터(국도),128.3475,34.940278
5430,E900911,[국도14]통영북통영IC입구,국가교통정보센터(국도),128.404546,34.89723
5431,E900912,[국도14]통영삼화삼거리,국가교통정보센터(국도),128.45175,34.882042
5432,E900913,[국도14]통영상노산교차로서측,국가교통정보센터(국도),128.386893,34.903309
5433,E900914,[국도14]통영신거제대교서측,국가교통정보센터(국도),128.472698,34.890812
5434,E900915,[국도14]통영오촌마을(통영IC),국가교통정보센터(국도),128.448214,34.876086
5435,E900917,[국도14]통영원산휴게소,국가교통정보센터(국도),128.35861,34.92972
5436,E900916,[국도14]통영원산휴게소남측,국가교통정보센터(국도),128.359338,34.92842
5437,E900918,[국도14]통영장평교차로,국가교통정보센터(국도),128.46472,34.890938
5438,E900919,[국도14]통영충원탑입구,국가교통정보센터(국도),128.419422,34.86686
5439,E900920,[국도14]통영통영IC입구,국가교통정보센터(국도),128.442928,34.866645
5440,E900921,[국도14]통영통영경찰서입구,국가교통정보센터(국도),128.4134,34.882156
5441,E900922,[국도14]통영통영노인전문병원앞,국가교통정보센터(국도),128.357201,34.911261
5442,E900923,[국도14]통영통영농업기술센터입구,국가교통정보센터(국도),128.413434,34.876442
5443,E900924,[국도14]통영통영터미널입구,국가교통정보센터(국도),128.418211,34.889059
5444,E900925,[국도14]통영한려운전학원(북통영IC),국가교통정보센터(국도),128.417975,34.891865
5445,E900926,[국도14]통영호국참전유공자탑,국가교통정보센터(국도),128.427371,34.86259
5446,E900927,[국도14호선]고성고성IC입구,국가교통정보센터(국도),128.34111,35.00861
5447,E900928,[국도14호선]고성공룡교차로,국가교통정보센터(국도),128.37277,35.078335
5448,E900929,[국도14호선]고성동정교차로,국가교통정보센터(국도),128.35556,35.044445
5449,E900930,[국도14호선]고성월평삼거리남측,국가교통정보센터(국도),128.34334,34.953335
5450,E900931,[국도14호선]고성율천초등학교,국가교통정보센터(국도),128.32695,34.9925
5451,E900932,[국도14호선]기장기룡교차로,국가교통정보센터(국도),129.2567,35.3558
5452,E900933,[국도14호선]기장만화리고개1번,국가교통정보센터(국도),129.2053,35.2527
5453,E900934,[국도14호선]기장명례고개,국가교통정보센터(국도),129.2572,35.3805
5454,E900935,[국도14호선]기장용소삼거리,국가교통정보센터(국도),129.2472,35.3378
5455,E900936,[국도14호선]기장일광교차로,국가교통정보센터(국도),129.2266,35.26
5456,E900937,[국도14호선]기장장안IC,국가교통정보센터(국도),129.2436,35.325
5457,E900938,[국도14호선]기장중앙사거리,국가교통정보센터(국도),129.2164,35.2509
5458,E900939,[국도14호선]기장청광마을,국가교통정보센터(국도),129.2378,35.2979
5459,E900940,[국도14호선]김해김해2터널남측,국가교통정보센터(국도),128.82645,35.24794
5460,E900941,[국도14호선]김해주촌교차로,국가교통정보센터(국도),128.83192,35.24003
5461,E900942,[국도14호선]울주개곡사거리,국가교통정보센터(국도),129.2744,35.513
5462,E900943,[국도14호선]울주구당교,국가교통정보센터(국도),129.28773,35.504533
5463,E900944,[국도14호선]울주덕정교차로,국가교통정보센터(국도),129.2922,35.4863
5464,E900945,[국도14호선]울주상대마을입구,국가교통정보센터(국도),129.262815,35.406389
5465,E900946,[국도14호선]원산교,국가교통정보센터(국도),128.34917,34.934723
5466,E900947,[국도14호선]창원고성터널동측,국가교통정보센터(국도),128.39223,35.1025
5467,E900948,[국도14호선]창원남산교차로부근,국가교통정보센터(국도),128.67228,35.276207
5468,E900949,[국도14호선]창원무점터널서측,국가교통정보센터(국도),128.69483,35.28889
5469,E900950,[국도14호선]창원호산3교동측,국가교통정보센터(국도),128.43445,35.099724
5470,E900951,[국도14호선]통영상노산교차로동측,국가교통정보센터(국도),128.3964,34.90111
5471,E900952,[국도14호선]통영통영서울병원북측,국가교통정보센터(국도),128.41559,34.872967
5472,E900954,[국도14호선]통영학섬휴게소,국가교통정보센터(국도),128.35861,34.91722
5473,E900953,[국도14호선]통영학섬휴게소북측,국가교통정보센터(국도),128.35973,34.92139
5474,E900955,[국도15호선]고흥고흥IC입구,국가교통정보센터(국도),127.333885,34.828445
5475,E900956,[국도15호선]고흥남계교차로,국가교통정보센터(국도),127.294389,34.6195
5476,E900957,[국도15호선]고흥대곡교,국가교통정보센터(국도),127.346054,34.71411
5477,E900958,[국도15호선]고흥동래도삼거리,국가교통정보센터(국도),127.425913,34.536893
5478,E900959,[국도15호선]고흥봉북마을입구,국가교통정보센터(국도),127.34955,34.658905
5479,E900960,[국도15호선]고흥석봉교차로,국가교통정보센터(국도),127.37044,34.682102
5480,E900961,[국도15호선]고흥옥강리1,국가교통정보센터(국도),127.420621,34.537768
5481,E900962,[국도15호선]고흥장덕교차로,국가교통정보센터(국도),127.342415,34.804695
5482,E900963,[국도15호선]고흥중산교,국가교통정보센터(국도),127.332,34.74147
5483,E900964,[국도15호선]고흥지동교차로,국가교통정보센터(국도),127.29968,34.63892
5484,E900965,[국도15호선]고흥탄포삼거리,국가교통정보센터(국도),127.33408,34.75661
5485,E900967,[국도15호선]구암삼거리,국가교통정보센터(국도),127.073331,35.033436
5486,E900966,[국도15호선]구암삼거리인근,국가교통정보센터(국도),127.0748137,35.03765374
5487,E900968,[국도15호선]용동교인근,국가교통정보센터(국도),127.3124771,34.88107547
5488,E900969,[국도15호선]추동2교인근,국가교통정보센터(국도),127.2926508,34.88959538
5489,E900970,[국도15호선]화순경치리삼거리,국가교통정보센터(국도),127.09062,35.07004
5490,E900971,[국도15호선]화순읍애리,국가교통정보센터(국도),127.0978031,35.07145894
5491,E900972,[국도17]금산곡남삼거리,국가교통정보센터(국도),127.3973355,36.1600664
5492,E900973,[국도17]금산광장휴게소,국가교통정보센터(국도),127.351647,36.130624
5493,E900974,[국도17]금산교촌2교,국가교통정보센터(국도),127.3858728,36.1534623
5494,E900975,[국도17]금산금산도로창고,국가교통정보센터(국도),127.4442947,36.1826572
5495,E900976,[국도17]금산금산제설창고,국가교통정보센터(국도),127.4192777,36.1611978
5496,E900977,[국도17]금산다복리,국가교통정보센터(국도),127.4141454,36.1624125
5497,E900978,[국도17]금산대둔산휴게소,국가교통정보센터(국도),127.34295,36.125913
5498,E900979,[국도17]금산마전리,국가교통정보센터(국도),127.4564584,36.188329
5499,E900980,[국도17]금산마전사거리,국가교통정보센터(국도),127.465955,36.1902576
5500,E900981,[국도17]금산배티재,국가교통정보센터(국도),127.3408,36.12621
5501,E900982,[국도17]금산베티재고개,국가교통정보센터(국도),127.344915,36.127106
5502,E900983,[국도17]금산비례리,국가교통정보센터(국도),127.4845764,36.2058461
5503,E900984,[국도17]금산양청사거리,국가교통정보센터(국도),127.4724,36.1862
5504,E900985,[국도17]금산요광IC교,국가교통정보센터(국도),127.4885,36.2184
5505,E900986,[국도17]금산원묵산,국가교통정보센터(국도),127.357968,36.135029
5506,E900987,[국도17]금산원용진사거리,국가교통정보센터(국도),127.4304684,36.1711842
5507,E900988,[국도17]금산읍내리교차로,국가교통정보센터(국도),127.3729225,36.1462039
5508,E900989,[국도17]금산읍내사거리,국가교통정보센터(국도),127.36045,36.136173
5509,E900990,[국도17]금산읍내삼거리,국가교통정보센터(국도),127.3657623,36.1407484
5510,E900991,[국도17]금산추부IC교차로,국가교통정보센터(국도),127.4780647,36.1969579
5511,E900992,[국도17]매봉지하차도상행(청주방향),국가교통정보센터(국도),127.4237037,36.4692833
5512,E900993,[국도17]매봉지하차도하행(신탄진방향),국가교통정보센터(국도),127.422781,36.4684028
5513,E900994,[국도17]오창지하차도상행1,국가교통정보센터(국도),127.451726,36.742944
5514,E900995,[국도17]오창지하차도상행2,국가교통정보센터(국도),127.452587,36.74081
5515,E900996,[국도17]오창지하차도상행3,국가교통정보센터(국도),127.45394,36.739337
5516,E900997,[국도17]오창지하차도상행4,국가교통정보센터(국도),127.455157,36.738708
5517,E900998,[국도17]오창지하차도하행1,국가교통정보센터(국도),127.455025,36.738532
5518,E900999,[국도17]오창지하차도하행2,국가교통정보센터(국도),127.453716,36.739177
5519,E901000,[국도17]오창지하차도하행3,국가교통정보센터(국도),127.452818,36.740001
5520,E901001,[국도17]오창지하차도하행4,국가교통정보센터(국도),127.4519,36.741537
5521,E901002,[국도17]진천금곡교차로,국가교통정보센터(국도),127.4422015,36.95823775
5522,E901003,[국도17]진천사당교,국가교통정보센터(국도),127.4494571,36.93181769
5523,E901004,[국도17]진천옥성교차로,국가교통정보센터(국도),127.4399705,36.77486519
5524,E901005,[국도17]진천진천터널북측,국가교통정보센터(국도),127.431162,36.83111434
5525,E901006,[국도17]진천화랑교,국가교통정보센터(국도),127.43458,36.98999
5526,E901007,[국도17]청주강상촌분기점,국가교통정보센터(국도),127.3979,36.619186
5527,E901008,[국도17]청주금의육교,국가교통정보센터(국도),127.389908,36.634045
5528,E901009,[국도17]청주매봉지하차도,국가교통정보센터(국도),127.4225309,36.4659828
5529,E901010,[국도17]청주서촌교,국가교통정보센터(국도),127.39571,36.65685
5530,E901011,[국도17]청주석곡동,국가교통정보센터(국도),127.42758,36.6051
5531,E901012,[국도17]청주석곡분기점,국가교통정보센터(국도),127.4125,36.6101
5532,E901013,[국도17]청주석판분기점,국가교통정보센터(국도),127.439751,36.603154
5533,E901014,[국도17]청주오동분기점,국가교통정보센터(국도),127.475017,36.695173
5534,E901015,[국도17]청주외천2리,국가교통정보센터(국도),127.42711,36.53568
5535,E901016,[국도17]청주외천리,국가교통정보센터(국도),127.4307454,36.5515278
5536,E901017,[국도17]청주외천초교입구교차로,국가교통정보센터(국도),127.4296245,36.53973115
5537,E901018,[국도17]청주우록2리입구교차로,국가교통정보센터(국도),127.429794,36.51905
5538,E901019,[국도17]청주우록교,국가교통정보센터(국도),127.4285359,36.50332993
5539,E901020,[국도17]청주원평교차로,국가교통정보센터(국도),127.433067,36.673031
5540,E901021,[국도17]청주이동검문소,국가교통정보센터(국도),127.4307008,36.52802718
5541,E901022,[국도17]청주정북교,국가교통정보센터(국도),127.463029,36.684297
5542,E901023,[국도17]청주죽전리,국가교통정보센터(국도),127.42824,36.51156
5543,E901024,[국도17]청주평동,국가교통정보센터(국도),127.412167,36.662099
5544,E901025,[국도17]청주학천과선교,국가교통정보센터(국도),127.38624,36.64219
5545,E901026,[국도17호선]고산미소나들목,국가교통정보센터(국도),127.192765,35.960962
5546,E900004,[국도17호선]남수제,국가교통정보센터(국도),127.68041,34.806227
5547,E901027,[국도17호선]남원사매교차로,국가교통정보센터(국도),127.35486,35.49486
5548,E901028,[국도17호선]남원성일병원앞,국가교통정보센터(국도),127.36585,35.47574
5549,E900005,[국도17호선]덕양교차로,국가교통정보센터(국도),127.626547,34.809017
5550,E900006,[국도17호선]둔덕1터널,국가교통정보센터(국도),127.71586,34.775357
5551,E900007,[국도17호선]만흥IC교차로,국가교통정보센터(국도),127.716683,34.771679
5552,E901029,[국도17호선]봉동삼거리,국가교통정보센터(국도),127.168678,35.922091
5553,E901030,[국도17호선]삼기교차로,국가교통정보센터(국도),127.2132001,35.98452369
5554,E901031,[국도17호선]순천계월리,국가교통정보센터(국도),127.4163903,35.06885921
5555,E901032,[국도17호선]순천괴목삼거리,국가교통정보센터(국도),127.4358,35.106575
5556,E901033,[국도17호선]순천망룡,국가교통정보센터(국도),127.419097,35.081609
5557,E900008,[국도17호선]순천망룡삼거리,국가교통정보센터(국도),127.4226,35.0894
5558,E900009,[국도17호선]순천상비교차로,국가교통정보센터(국도),127.5407,34.9629
5559,E900010,[국도17호선]순천선평삼거리,국가교통정보센터(국도),127.4944,34.9922
5560,E901034,[국도17호선]순천선평주공앞,국가교통정보센터(국도),127.499735,34.991533
5561,E900011,[국도17호선]순천송치터널A,국가교통정보센터(국도),127.425,35.0491
5562,E900012,[국도17호선]순천송치터널B,국가교통정보센터(국도),127.423,35.0609
5563,E901035,[국도17호선]순천신대I.C,국가교통정보센터(국도),127.567084,34.924844
5564,E900013,[국도17호선]순천신대교차로,국가교통정보센터(국도),127.5624,34.934
5565,E900014,[국도17호선]순천용두삼거리,국가교통정보센터(국도),127.4604,35.1508
5566,E901036,[국도17호선]순천죽내리,국가교통정보센터(국도),127.448619,35.12778
5567,E901037,[국도17호선]슬치교차로,국가교통정보센터(국도),127.25687,35.687035
5568,E900015,[국도17호선]안성두교교차로,국가교통정보센터(국도),127.4368133,37.01434706
5569,E901038,[국도17호선]안성미륵당마을,국가교통정보센터(국도),127.4363194,37.08610556
5570,E900016,[국도17호선]안성오방교차로,국가교통정보센터(국도),127.4303581,37.11075987
5571,E901039,[국도17호선]안성용설저수지,국가교통정보센터(국도),127.4419381,37.0629626
5572,E900017,[국도17호선]안성죽산교차로,국가교통정보센터(국도),127.4338839,37.0805242
5573,E901040,[국도17호선]양화교차로,국가교통정보센터(국도),127.187926,35.951775
5574,E900018,[국도17호선]엑스포터널,국가교통정보센터(국도),127.682301,34.805188
5575,E900019,[국도17호선]여수산곡터널,국가교통정보센터(국도),127.5887,34.8582
5576,E900020,[국도17호선]여수율촌교차로,국가교통정보센터(국도),127.5625218,34.87804199
5577,E900021,[국도17호선]여수제2산단교차로,국가교통정보센터(국도),127.6131,34.8214
5578,E900022,[국도17호선]여수주삼IC,국가교통정보센터(국도),127.6632,34.7996
5579,E900023,[국도17호선]여수해룡교차로,국가교통정보센터(국도),127.5446,34.912
5580,E900024,[국도17호선]여천화물터미널,국가교통정보센터(국도),127.6717505,34.8061645
5581,E901041,[국도17호선]오수IC(임실),국가교통정보센터(국도),127.3259,35.555
5582,E901042,[국도17호선]완주구만리1,국가교통정보센터(국도),127.156666,35.901006
5583,E901043,[국도17호선]완주대둔산삼거리,국가교통정보센터(국도),127.335038,36.12060291
5584,E901044,[국도17호선]완주배티재,국가교통정보센터(국도),127.3392643,36.12637453
5585,E901045,[국도17호선]완주산북리,국가교통정보센터(국도),127.3354065,36.11780362
5586,E901046,[국도17호선]완주산정리앞,국가교통정보센터(국도),127.251979,35.694397
5587,E901047,[국도17호선]완주소모쟁이골,국가교통정보센터(국도),127.336334,36.113647
5588,E901048,[국도17호선]완주용암리,국가교통정보센터(국도),127.2469363,35.69634408
5589,E901049,[국도17호선]왕지IC,국가교통정보센터(국도),127.53075,34.97593
5590,E900025,[국도17호선]용인가재월리,국가교통정보센터(국도),127.3419805,37.17497681
5591,E900026,[국도17호선]용인고안교차로,국가교통정보센터(국도),127.4085056,37.12988357
5592,E900027,[국도17호선]용인백봉교차로,국가교통정보센터(국도),127.387999,37.143838
5593,E901050,[국도17호선]용인백봉초,국가교통정보센터(국도),127.4012889,37.13598611
5594,E900028,[국도17호선]용인백암사거리,국가교통정보센터(국도),127.379794444444,37.1660277777778
5595,E900029,[국도17호선]용인원삼사거리,국가교통정보센터(국도),127.3260707,37.19077584
5596,E901051,[국도17호선]용인좌항제2저수지,국가교통정보센터(국도),127.3223541,37.20951567
5597,E900030,[국도17호선]용인평창리,국가교통정보센터(국도),127.3113723,37.22295023
5598,E901052,[국도17호선]운주교차로,국가교통정보센터(국도),127.238981,36.002635
5599,E900031,[국도17호선]율촌터널,국가교통정보센터(국도),127.552415,34.894638
5600,E900032,[국도17호선]임실관촌역사거리,국가교통정보센터(국도),127.2728,35.6664
5601,E901053,[국도17호선]임실군평리(임실),국가교통정보센터(국도),127.31127,35.57101
5602,E901054,[국도17호선]임실금암교차로,국가교통정보센터(국도),127.3396,35.53763
5603,E901055,[국도17호선]임실남악교차로,국가교통정보센터(국도),127.33155,35.54741
5604,E901056,[국도17호선]임실대정리,국가교통정보센터(국도),127.34276,35.50901
5605,E901057,[국도17호선]임실봉천리(남원),국가교통정보센터(국도),127.31443,35.58195
5606,E901058,[국도17호선]임실용정리,국가교통정보센터(국도),127.33772,35.52469
5607,E901059,[국도17호선]임실월평교차로,국가교통정보센터(국도),127.31448,35.62235
5608,E901060,[국도17호선]임실월평리(임실),국가교통정보센터(국도),127.32357,35.60712
5609,E901061,[국도17호선]임실임실교차로,국가교통정보센터(국도),127.29848,35.62811
5610,E901062,[국도17호선]죽림온천역진출로,국가교통정보센터(국도),127.2264799,35.7325824
5611,E900033,[국도17호선]진천반지교차로,국가교통정보센터(국도),127.439199,36.887225
5612,E900034,[국도17호선]진천봉죽육교,국가교통정보센터(국도),127.435343385859,36.7907017382478
5613,E900035,[국도17호선]진천사곡리,국가교통정보센터(국도),127.4356465,36.8769848
5614,E900036,[국도17호선]진천사석리,국가교통정보센터(국도),127.412057,36.831529
5615,E900037,[국도17호선]진천소물교차로,국가교통정보센터(국도),127.43868,36.97351
5616,E900038,[국도17호선]진천신월교차로,국가교통정보센터(국도),127.448769,36.916947
5617,E900039,[국도17호선]진천실원교차로,국가교통정보센터(국도),127.4356121,36.9977556
5618,E900040,[국도17호선]진천원덕교차로,국가교통정보센터(국도),127.43032,36.84197
5619,E900041,[국도17호선]진천장양교차로,국가교통정보센터(국도),127.448223712959,36.9415014460928
5620,E900042,[국도17호선]진천태락교차로,국가교통정보센터(국도),127.43423,36.80847
5621,E900043,[국도17호선]진천행정교차로,국가교통정보센터(국도),127.42862,36.85903
5622,E900044,[국도17호선]청주남이외천삼거리,국가교통정보센터(국도),127.43332,36.55895
5623,E900045,[국도17호선]청주대련삼거리,국가교통정보센터(국도),127.45449,36.57567
5624,E900046,[국도17호선]청주매봉삼거리,국가교통정보센터(국도),127.4262361,36.4738241
5625,E900047,[국도17호선]청주선동삼거리,국가교통정보센터(국도),127.42347,36.4863
5626,E900048,[국도17호선]청주양지리,국가교통정보센터(국도),127.4259,36.45979
5627,E900049,[국도17호선]청주양촌교차로,국가교통정보센터(국도),127.467806,36.5886402
5628,E900050,[국도17호선]청주외천삼거리,국가교통정보센터(국도),127.42618,36.5325
5629,E900051,[국도17호선]청주척산삼거리,국가교통정보센터(국도),127.45104,36.5641
5630,E900052,[국도17호선]취적터널,국가교통정보센터(국도),127.574083,34.867533
5631,E900053,[국도17호선]학구삼거리,국가교통정보센터(국도),127.444784,35.032957
5632,E900054,[국도17호선]해룡터널,국가교통정보센터(국도),127.546349,34.898612
5633,E900055,[국도17호선]해산교차로,국가교통정보센터(국도),127.64069,34.801564
5634,E901063,[국도18호선]관춘교차로,국가교통정보센터(국도),126.40203,34.574531
5635,E901064,[국도18호선]구례GSLPG충전소,국가교통정보센터(국도),127.462093,35.183231
5636,E901065,[국도18호선]구례봉서리,국가교통정보센터(국도),127.464074,35.192681
5637,E901066,[국도18호선]군내교차로인근,국가교통정보센터(국도),126.290603,34.514198
5638,E901067,[국도18호선]금성마을인근,국가교통정보센터(국도),126.294075,34.549106
5639,E901068,[국도18호선]납조저수지인근,국가교통정보센터(국도),126.47406,34.577014
5640,E901069,[국도18호선]덕촌마을인근,국가교통정보센터(국도),126.728706,34.588382
5641,E901070,[국도18호선]동령교차로인근,국가교통정보센터(국도),126.688758,34.573554
5642,E901071,[국도18호선]마산교차로,국가교통정보센터(국도),126.553665,34.585521
5643,E901072,[국도18호선]보성봇재교차로,국가교통정보센터(국도),127.086312,34.714724
5644,E901073,[국도18호선]보성봉산리,국가교통정보센터(국도),127.089547,34.742313
5645,E901074,[국도18호선]사교교차로,국가교통정보센터(국도),126.357192,34.592842
5646,E901075,[국도18호선]상등마을인근,국가교통정보센터(국도),126.535011,34.586532
5647,E901076,[국도18호선]선두육교인근,국가교통정보센터(국도),126.328056,34.591682
5648,E901077,[국도18호선]신동교차로인근,국가교통정보센터(국도),126.29631,34.557544
5649,E901078,[국도18호선]신천교차로,국가교통정보센터(국도),126.734764,34.599266
5650,E901079,[국도18호선]안농마을인근,국가교통정보센터(국도),126.301055,34.542926
5651,E901080,[국도18호선]우수영관광단지인근,국가교통정보센터(국도),126.311553,34.579429
5652,E901081,[국도18호선]월가리마을회관인근,국가교통정보센터(국도),126.285644,34.498313
5653,E901082,[국도18호선]정거럼재삼거리인근,국가교통정보센터(국도),126.285453,34.489688
5654,E901083,[국도18호선]진도고교앞교차로,국가교통정보센터(국도),126.277381,34.484687
5655,E901084,[국도18호선]진도대교,국가교통정보센터(국도),126.301765,34.569091
5656,E901085,[국도18호선]진도터널입구,국가교통정보센터(국도),126.291259,34.526782
5657,E901086,[국도18호선]진도터미널인근,국가교통정보센터(국도),126.261947,34.478622
5658,E901087,[국도18호선]진도향토문화회관,국가교통정보센터(국도),126.27082,34.479537
5659,E901088,[국도18호선]포산삼거리,국가교통정보센터(국도),126.256019,34.47961
5660,E901089,[국도18호선]해남교차로,국가교통정보센터(국도),126.585933,34.560791
5661,E901090,[국도19]괴산검승리(1/4),국가교통정보센터(국도),127.8353,36.8114
5662,E901091,[국도19]괴산검승리(2/4),국가교통정보센터(국도),127.8419,36.818
5663,E901092,[국도19]괴산검승리(3/4),국가교통정보센터(국도),127.8413,36.8246
5664,E901093,[국도19]괴산광진리,국가교통정보센터(국도),127.937034,36.87538
5665,E901094,[국도19]괴산괴산소방서,국가교통정보센터(국도),127.7998,36.809
5666,E901095,[국도19]괴산금산삼거리,국가교통정보센터(국도),127.7913,36.8037
5667,E901096,[국도19]괴산대사삼거리,국가교통정보센터(국도),127.7848,36.7982
5668,E901097,[국도19]괴산문강교차로,국가교통정보센터(국도),127.9508,36.8849
5669,E901098,[국도19]괴산문광터널남측,국가교통정보센터(국도),127.727968,36.753225
5670,E901099,[국도19]괴산문광터널북측,국가교통정보센터(국도),127.734971,36.758902
5671,E901100,[국도19]괴산방곡교,국가교통정보센터(국도),127.9134,36.8468
5672,E901101,[국도19]괴산방곡교차로,국가교통정보센터(국도),127.92977,36.863369
5673,E901102,[국도19]괴산방곡리,국가교통정보센터(국도),127.9221,36.8578
5674,E901103,[국도19]괴산백양교차로,국가교통정보센터(국도),127.8875,36.8371
5675,E901104,[국도19]괴산부성교,국가교통정보센터(국도),127.730913,36.739507
5676,E901105,[국도19]괴산부성리,국가교통정보센터(국도),127.734211,36.730969
5677,E901106,[국도19]괴산부흥리,국가교통정보센터(국도),127.718116,36.693761
5678,E901107,[국도19]괴산부흥사거리,국가교통정보센터(국도),127.727402,36.70408
5679,E901108,[국도19]괴산삼락리(1/2),국가교통정보센터(국도),127.734857,36.714171
5680,E901109,[국도19]괴산삼락리(2/2),국가교통정보센터(국도),127.735159,36.720626
5681,E901110,[국도19]괴산성골교차로,국가교통정보센터(국도),127.8583,36.8337
5682,E901111,[국도19]괴산소금랜드,국가교통정보센터(국도),127.7463,36.7646
5683,E901112,[국도19]괴산송평리,국가교통정보센터(국도),127.7764,36.7882
5684,E901113,[국도19]괴산신기1리마을입구,국가교통정보센터(국도),127.7567,36.7704
5685,E901114,[국도19]괴산신기리,국가교통정보센터(국도),127.7655,36.7796
5686,E901115,[국도19]괴산오릉교차로,국가교통정보센터(국도),127.8287,36.8071
5687,E901116,[국도19]괴산오성리(4/4),국가교통정보센터(국도),127.848,36.8321
5688,E901117,[국도19]괴산지경2삼거리,국가교통정보센터(국도),127.725542,36.746107
5689,E901118,[국도19]괴산지경회전교차로,국가교통정보센터(국도),127.727582,36.743292
5690,E901119,[국도19]남해고현교차로,국가교통정보센터(국도),127.871735,34.900849
5691,E901120,[국도19]남해도마교차로,국가교통정보센터(국도),127.894177,34.868803
5692,E901121,[국도19]남해소입현교차로,국가교통정보센터(국도),127.903491,34.831578
5693,E901122,[국도19]남해용두교차로,국가교통정보센터(국도),127.941266,34.811104
5694,E901123,[국도19]남해월곡교차로,국가교통정보센터(국도),127.865971,34.930067
5695,E901124,[국도19]남해이어교차로,국가교통정보센터(국도),127.894755,34.863587
5696,E901125,[국도19]남해차면교차로,국가교통정보센터(국도),127.860484,34.916527
5697,E901126,[국도19]무주압치터널(무주),국가교통정보센터(국도),127.67096,36.032999
5698,E901127,[국도19]보은금굴교차로,국가교통정보센터(국도),127.735193,36.457921
5699,E901128,[국도19]보은보은IC교차로,국가교통정보센터(국도),127.733652,36.449261
5700,E901129,[국도19]보은보은교차로,국가교통정보센터(국도),127.73102,36.491318
5701,E901130,[국도19]보은보은산업단지,국가교통정보센터(국도),127.7328634,36.42403832
5702,E901131,[국도19]보은봉황교차로,국가교통정보센터(국도),127.687058,36.58739
5703,E901132,[국도19]보은서원1리,국가교통정보센터(국도),127.7301998,36.41612801
5704,E901133,[국도19]보은서원2리,국가교통정보센터(국도),127.7278622,36.4092663
5705,E901134,[국도19]보은서원리삼거리,국가교통정보센터(국도),127.7301986,36.4038764
5706,E901135,[국도19]보은송죽사거리,국가교통정보센터(국도),127.7363839,36.438386
5707,E901136,[국도19]보은신함IC교,국가교통정보센터(국도),127.727429,36.513883
5708,E901137,[국도19]보은원남교차로,국가교통정보센터(국도),127.7352124,36.3965335
5709,E901138,[국도19]보은월송IC교,국가교통정보센터(국도),127.738027,36.471682
5710,E901139,[국도19]보은이식교,국가교통정보센터(국도),127.689999,36.577427
5711,E901140,[국도19]보은중티리,국가교통정보센터(국도),127.697591,36.56206
5712,E901141,[국도19]영동덕천교,국가교통정보센터(국도),127.681728,36.088274
5713,E901142,[국도19]영동마포1교,국가교통정보센터(국도),127.699398,36.113465
5714,E901143,[국도19]영동매금리,국가교통정보센터(국도),127.8230788,36.28714204
5715,E901144,[국도19]영동매남사거리,국가교통정보센터(국도),127.8233343,36.2899092
5716,E901145,[국도19]영동묘동리,국가교통정보센터(국도),127.745316,36.141113
5717,E901146,[국도19]영동법화리(1/2),국가교통정보센터(국도),127.8183388,36.3007183
5718,E901147,[국도19]영동법화리(2/2),국가교통정보센터(국도),127.817697,36.30575765
5719,E901148,[국도19]영동봉소교차로,국가교통정보센터(국도),127.658496,36.061213
5720,E901149,[국도19]영동봉소리,국가교통정보센터(국도),127.665193,36.076219
5721,E901150,[국도19]영동부용교차로,국가교통정보센터(국도),127.7678741,36.1792918
5722,E901151,[국도19]영동상용사거리,국가교통정보센터(국도),127.8242343,36.2701283
5723,E901152,[국도19]영동상용삼거리,국가교통정보센터(국도),127.8204311,36.27520517
5724,E901153,[국도19]영동신항1리,국가교통정보센터(국도),127.8184256,36.26276057
5725,E901154,[국도19]영동신항2리,국가교통정보센터(국도),127.8167186,36.25591146
5726,E901155,[국도19]영동압치터널(영동),국가교통정보센터(국도),127.664543,36.045721
5727,E901156,[국도19]영동영동교,국가교통정보센터(국도),127.762843,36.163469
5728,E901157,[국도19]영동영산교차로,국가교통정보센터(국도),127.7727428,36.1830524
5729,E901158,[국도19]영동율리교차로,국가교통정보센터(국도),127.8125205,36.24511981
5730,E901159,[국도19]영동학산삼거리,국가교통정보센터(국도),127.689137,36.102397
5731,E901160,[국도19]옥천능월리,국가교통정보센터(국도),127.7342217,36.3848086
5732,E901161,[국도19]옥천도곡보건진료소,국가교통정보센터(국도),127.7324533,36.3740906
5733,E901162,[국도19]옥천도장리,국가교통정보센터(국도),127.7344651,36.3671741
5734,E901163,[국도19]옥천목동삼거리,국가교통정보센터(국도),127.8127578,36.32801446
5735,E901164,[국도19]옥천산계교차로,국가교통정보센터(국도),127.7635141,36.3341746
5736,E901165,[국도19]옥천산계리,국가교통정보센터(국도),127.7577044,36.3349626
5737,E901166,[국도19]옥천장연1교차로,국가교통정보센터(국도),127.747667,36.3456756
5738,E901167,[국도19]옥천장연2교차로,국가교통정보센터(국도),127.734656,36.35556346
5739,E901168,[국도19]옥천청산119안전센터,국가교통정보센터(국도),127.7809049,36.3445636
5740,E901169,[국도19]옥천청산교남측,국가교통정보센터(국도),127.7980164,36.3393507
5741,E901170,[국도19]옥천판수리,국가교통정보센터(국도),127.8049745,36.33397584
5742,E901171,[국도19]옥천효목리(1/2),국가교통정보센터(국도),127.8154947,36.3128675
5743,E901172,[국도19]옥천효목리(2/2),국가교통정보센터(국도),127.8144932,36.3198885
5744,E901173,[국도19]청주구방1리(1/2),국가교통정보센터(국도),127.68922,36.662107
5745,E901174,[국도19]청주구방1리(2/2),국가교통정보센터(국도),127.691458,36.664315
5746,E901175,[국도19]청주구방리(1/3),국가교통정보센터(국도),127.694646,36.666193
5747,E901176,[국도19]청주구방리(2/3),국가교통정보센터(국도),127.697792,36.669462
5748,E901177,[국도19]청주구방리(3/3),국가교통정보센터(국도),127.704698,36.672533
5749,E901178,[국도19]청주구방삼거리,국가교통정보센터(국도),127.708257,36.676685
5750,E901179,[국도19]청주기암리(1/2),국가교통정보센터(국도),127.707975,36.683306
5751,E901180,[국도19]청주기암리(2/2),국가교통정보센터(국도),127.714663,36.687371
5752,E901181,[국도19]청주미원교차로,국가교통정보센터(국도),127.654545,36.630599
5753,E901182,[국도19]청주쌍이리(1/2),국가교통정보센터(국도),127.669009,36.643313
5754,E901183,[국도19]청주쌍이리(2/2),국가교통정보센터(국도),127.678126,36.650926
5755,E901184,[국도19]청주운암교,국가교통정보센터(국도),127.68357,36.596373
5756,E901185,[국도19]청주운암교차로,국가교통정보센터(국도),127.683103,36.601907
5757,E901186,[국도19]청주점말교차로,국가교통정보센터(국도),127.67423,36.614385
5758,E901187,[국도19]청주충북경찰청항공대,국가교통정보센터(국도),127.688084,36.654867
5759,E901188,[국도19]충주구룡2교(구룡교차로),국가교통정보센터(국도),127.8831,37.1354
5760,E901189,[국도19]충주구룡교차로,국가교통정보센터(국도),127.883362,37.129333
5761,E901190,[국도19]충주살미터널,국가교통정보센터(국도),127.9553,36.8902
5762,E901191,[국도19]충주소태육교,국가교통정보센터(국도),127.882133,37.155949
5763,E901192,[국도19]충주소태재터널,국가교통정보센터(국도),127.8841,37.1427
5764,E901193,[국도19]충주야동휴게소,국가교통정보센터(국도),127.8864,37.1131
5765,E901194,[국도19]충주엄정교,국가교통정보센터(국도),127.9327,37.0866
5766,E901195,[국도19]하동계천사거리,국가교통정보센터(국도),127.812555,34.995596
5767,E901196,[국도19]하동금남원예영농조합법인,국가교통정보센터(국도),127.849707,34.962373
5768,E901197,[국도19]하동상덕교차로,국가교통정보센터(국도),127.633658,35.176614
5769,E901198,[국도19]하동예인촌버스정류장,국가교통정보센터(국도),127.697201,35.122021
5770,E901199,[국도19]하동하동포구터널남측,국가교통정보센터(국도),127.791252,34.999644
5771,E901200,[국도19]하동호암교차로,국가교통정보센터(국도),127.701251,35.102338
5772,E901201,[국도19호선]SK주유소,국가교통정보센터(국도),127.528045,35.505071
5773,E901202,[국도19호선]고죽교차로,국가교통정보센터(국도),127.41695,35.43206
5774,E901203,[국도19호선]광평삼거리,국가교통정보센터(국도),127.485173,35.208488
5775,E901204,[국도19호선]구례계천리,국가교통정보센터(국도),127.442228,35.338504
5776,E901205,[국도19호선]구례계천리2,국가교통정보센터(국도),127.4414245,35.33205568
5777,E900056,[국도19호선]구례광의교차로,국가교통정보센터(국도),127.4548,35.2296
5778,E901206,[국도19호선]구례금내리,국가교통정보센터(국도),127.51833,35.200728
5779,E900057,[국도19호선]구례냉천교차로,국가교통정보센터(국도),127.4774,35.2123
5780,E900058,[국도19호선]구례밤재터널,국가교통정보센터(국도),127.4394,35.3504
5781,E900059,[국도19호선]구례산동교차로,국가교통정보센터(국도),127.4305,35.3098
5782,E901207,[국도19호선]구례송정리1,국가교통정보센터(국도),127.570664,35.199178
5783,E901208,[국도19호선]구례원촌교차로,국가교통정보센터(국도),127.44039,35.32289
5784,E901209,[국도19호선]구례죽정리,국가교통정보센터(국도),127.416003,35.275874
5785,E901210,[국도19호선]구례파도리,국가교통정보센터(국도),127.532523,35.194073
5786,E901211,[국도19호선]길왕교차로,국가교통정보센터(국도),127.659467,35.962444
5787,E901212,[국도19호선]남원목동리1,국가교통정보센터(국도),127.442231,35.468619
5788,E900060,[국도19호선]남원밤재터널(하),국가교통정보센터(국도),127.439,35.372
5789,E901213,[국도19호선]남원식련리1,국가교통정보센터(국도),127.455746,35.480871
5790,E901214,[국도19호선]남원식련리3,국가교통정보센터(국도),127.462856,35.489656
5791,E901215,[국도19호선]남원식정동2,국가교통정보센터(국도),127.425387,35.444571
5792,E900061,[국도19호선]남원용담교,국가교통정보센터(국도),127.416,35.413
5793,E901216,[국도19호선]남원월석리,국가교통정보센터(국도),127.507418,35.500152
5794,E900062,[국도19호선]남원육모정교차로,국가교통정보센터(국도),127.435,35.392
5795,E901217,[국도19호선]남해남해교차로남측,국가교통정보센터(국도),127.898206,34.844842
5796,E901218,[국도19호선]남해다천교차로,국가교통정보센터(국도),127.931316,34.816043
5797,E901219,[국도19호선]남해방월교남측,국가교통정보센터(국도),127.860773,34.908637
5798,E901220,[국도19호선]남해월곡교차로,국가교통정보센터(국도),127.861863,34.925446
5799,E901221,[국도19호선]당산육교,국가교통정보센터(국도),127.670639,36.000487
5800,E900063,[국도19호선]동방천삼거리,국가교통정보센터(국도),127.544872,35.1918
5801,E900064,[국도19호선]무주TG,국가교통정보센터(국도),127.65229,35.974276
5802,E900065,[국도19호선]수분재,국가교통정보센터(국도),127.49843,35.568886
5803,E901222,[국도19호선]싸리재터널,국가교통정보센터(국도),127.644367,35.987014
5804,E901223,[국도19호선]압치터널,국가교통정보센터(국도),127.671687,36.032424
5805,E901224,[국도19호선]외곡삼거리,국가교통정보센터(국도),127.602124,35.200199
5806,E900066,[국도19호선]원주귀래교차로,국가교통정보센터(국도),127.889694,37.167001
5807,E901225,[국도19호선]원주매지터널(남),국가교통정보센터(국도),127.896845,37.233502
5808,E900067,[국도19호선]원주매지터널앞,국가교통정보센터(국도),127.899049,37.251963
5809,E900068,[국도19호선]원주백운교차로,국가교통정보센터(국도),127.892538,37.224016
5810,E900069,[국도19호선]원주연대삼거리,국가교통정보센터(국도),127.906022,37.273695
5811,E900070,[국도19호선]원주운계리,국가교통정보센터(국도),127.889919,37.185305
5812,E900071,[국도19호선]원주운계터널,국가교통정보센터(국도),127.890741,37.200252
5813,E901226,[국도19호선]장수가말들,국가교통정보센터(국도),127.49877,35.546696
5814,E901227,[국도19호선]장수교동리2,국가교통정보센터(국도),127.497955,35.574836
5815,E901228,[국도19호선]장수금덕리,국가교통정보센터(국도),127.596016,35.755726
5816,E901229,[국도19호선]장수노단리,국가교통정보센터(국도),127.5327203,35.53689717
5817,E901230,[국도19호선]장수수분리3,국가교통정보센터(국도),127.509641,35.607132
5818,E901231,[국도19호선]장수장수IC교차로,국가교통정보센터(국도),127.582706,35.710988
5819,E901232,[국도19호선]장안산농원,국가교통정보센터(국도),127.534029,35.518661
5820,E900072,[국도19호선]충주금가졸음쉼터,국가교통정보센터(국도),127.9077794,37.0185158
5821,E900073,[국도19호선]충주문산교차로,국가교통정보센터(국도),127.9119469,37.0301841
5822,E900074,[국도19호선]충주유송교차로,국가교통정보센터(국도),127.9028935,37.0027863
5823,E900075,[국도19호선]충주창동교차로,국가교통정보센터(국도),127.8820728,36.9877416
5824,E901233,[국도19호선]하동고소성교차로,국가교통정보센터(국도),127.675734,35.149477
5825,E901234,[국도19호선]하동노량대교북측,국가교통정보센터(국도),127.865698,34.948466
5826,E901235,[국도19호선]하동대송사거리,국가교통정보센터(국도),127.842935,34.975712
5827,E901236,[국도19호선]하동만지교차로,국가교통정보센터(국도),127.733805,35.081577
5828,E901237,[국도19호선]하동부춘교차로북측,국가교통정보센터(국도),127.644842,35.16801
5829,E901238,[국도19호선]하동신기교차로,국가교통정보센터(국도),127.763875,35.059919
5830,E901239,[국도19호선]하동하동교차로,국가교통정보센터(국도),127.772586,35.039855
5831,E901240,[국도19호선]하동하동포구터널북측,국가교통정보센터(국도),127.788781,35.011181
5832,E901241,[국도19호선]홍천단비농원입구,국가교통정보센터(국도),128.17396,37.67559
5833,E901242,[국도19호선]홍천청량교,국가교통정보센터(국도),128.18903,37.687362
5834,E901243,[국도19호선]홍천청량리,국가교통정보센터(국도),128.170071,37.663408
5835,E901244,[국도19호선]홍천풍암교남측,국가교통정보센터(국도),128.19225,37.702245
5836,E901245,[국도19호선]횡성갑천면복지센터,국가교통정보센터(국도),128.110973,37.56081
5837,E901246,[국도19호선]횡성구방교,국가교통정보센터(국도),128.09203,37.54438
5838,E901247,[국도19호선]횡성구방리,국가교통정보센터(국도),128.053207,37.52859
5839,E901248,[국도19호선]횡성농거리교,국가교통정보센터(국도),128.13985,37.578392
5840,E901249,[국도19호선]횡성둔덕교,국가교통정보센터(국도),128.141498,37.614468
5841,E901250,[국도19호선]횡성속실교남측,국가교통정보센터(국도),128.15229,37.640151
5842,E901251,[국도19호선]횡성속실리,국가교통정보센터(국도),128.160852,37.657043
5843,E901252,[국도19호선]횡성영영포리,국가교통정보센터(국도),128.039394,37.496311
5844,E901253,[국도19호선]횡성옥동교차로,국가교통정보센터(국도),128.028089,37.514439
5845,E901254,[국도19호선]횡성옥동리,국가교통정보센터(국도),128.03528,37.52225
5846,E901255,[국도19호선]횡성청일성당,국가교통정보센터(국도),128.154421,37.584596
5847,E901256,[국도19호선]횡성초현리마을회관,국가교통정보센터(국도),128.12174,37.570302
5848,E901257,[국도19호선]횡성춘당초등학교,국가교통정보센터(국도),128.146036,37.626416
5849,E901258,[국도19호선]횡성큰다리골,국가교통정보센터(국도),128.151122,37.598551
5850,E901259,[국도19호선]횡성포동2리마을회관,국가교통정보센터(국도),128.09541,37.553604
5851,E901260,[국도19호선]횡성횡성호입구,국가교통정보센터(국도),128.067195,37.542444
5852,E901261,[국도1]논산고내리,국가교통정보센터(국도),127.097215,36.09311
5853,E901262,[국도1]논산교촌리(사각),국가교통정보센터(국도),127.10279,36.171955
5854,E901263,[국도1]논산마구평리,국가교통정보센터(국도),127.13219,36.21438
5855,E901264,[국도1]논산마산사거리,국가교통정보센터(국도),127.101394,36.126499
5856,E901265,[국도1]논산앞골육교,국가교통정보센터(국도),127.225059,36.212084
5857,E901266,[국도1]논산연무고입구교차로,국가교통정보센터(국도),127.10883,36.13975
5858,E901267,[국도1]논산연산삼거리,국가교통정보센터(국도),127.22573,36.21437
5859,E901268,[국도1]논산연산중학교입구(사각),국가교통정보센터(국도),127.2120433,36.21092556
5860,E901269,[국도1]논산청동리,국가교통정보센터(국도),127.20331,36.208733
5861,E901270,[국도1]논산토양사거리,국가교통정보센터(국도),127.1015519,36.15447866
5862,E901271,[국도1]논산황산벌휴게소,국가교통정보센터(국도),127.1536965,36.21137497
5863,E901272,[국도1]대전세동,국가교통정보센터(국도),127.269632,36.286449
5864,E901273,[국도1]세종미곡리,국가교통정보센터(국도),127.22285,36.672
5865,E901274,[국도1]세종발산교차로,국가교통정보센터(국도),127.28499,36.45291
5866,E901275,[국도1]세종석곡교,국가교통정보센터(국도),127.2563303,36.65941026
5867,E901276,[국도1]세종세종여고교차로,국가교통정보센터(국도),127.28942,36.60528
5868,E901277,[국도1]세종소정육교삼거리,국가교통정보센터(국도),127.16253,36.72722
5869,E901278,[국도1]세종신흥사거리,국가교통정보센터(국도),127.290238,36.599882
5870,E901279,[국도1]세종용수2교,국가교통정보센터(국도),127.27486,36.4152
5871,E901280,[국도1]세종용수3교,국가교통정보센터(국도),127.27852,36.41998
5872,E901281,[국도1]세종월하오거리,국가교통정보센터(국도),127.2901355,36.57087582
5873,E901282,[국도1]세종유정2교,국가교통정보센터(국도),127.16312,36.68657
5874,E901283,[국도1]세종이동검문소,국가교통정보센터(국도),127.2292155,36.67021041
5875,E901284,[국도1]세종조천1교,국가교통정보센터(국도),127.2873782,36.63390851
5876,E901285,[국도1]세종조천3교,국가교통정보센터(국도),127.23483,36.66501
5877,E901286,[국도1]세종조천4교,국가교통정보센터(국도),127.207375,36.6729259
5878,E901287,[국도1]세종청람교차로,국가교통정보센터(국도),127.24312,36.66328
5879,E901288,[국도1]세종행정삼거리,국가교통정보센터(국도),127.155018,36.695054
5880,E901291,[국도1]양안지하차도_천변,국가교통정보센터(국도),127.1790829,36.6808534
5881,E901289,[국도1]양안지하차도상행,국가교통정보센터(국도),127.1781976,36.6812045
5882,E901290,[국도1]양안지하차도하행,국가교통정보센터(국도),127.178768,36.6810187
5883,E901292,[국도1]직산지하차도성환방향,국가교통정보센터(국도),127.146174,36.879621
5884,E901293,[국도1]직산지하차도차단막성환방향,국가교통정보센터(국도),127.145434,36.878515
5885,E901294,[국도1]직산지하차도차단막천안방향,국가교통정보센터(국도),127.146955,36.874234
5886,E901295,[국도1]직산지하차도천안방향,국가교통정보센터(국도),127.146683,36.875438
5887,E901296,[국도1]천안남천안IC교차로,국가교통정보센터(국도),127.1706806,36.7496713
5888,E901297,[국도1]천안대홍삼거리,국가교통정보센터(국도),127.132517,36.948565
5889,E901298,[국도1]천안삼은리,국가교통정보센터(국도),127.14464,36.88308
5890,E901299,[국도1]천안안궁리(사각),국가교통정보센터(국도),127.126883,36.959765
5891,E900076,[국도1호선]계룡광석교차로,국가교통정보센터(국도),127.22855,36.26242
5892,E900077,[국도1호선]계룡연화교차로,국가교통정보센터(국도),127.24656,36.28267
5893,E900078,[국도1호선]계룡유동삼거리,국가교통정보센터(국도),127.237195,36.278134
5894,E900079,[국도1호선]공주삽재교차로,국가교통정보센터(국도),127.26796,36.36278
5895,E900080,[국도1호선]공주송곡교차로,국가교통정보센터(국도),127.2638068,36.41127752
5896,E900081,[국도1호선]금구사거리,국가교통정보센터(국도),127.005972,35.776748
5897,E901300,[국도1호선]김제용복리,국가교통정보센터(국도),126.99983,35.764477
5898,E900082,[국도1호선]나주금천교차로,국가교통정보센터(국도),126.7785,35.036
5899,E900083,[국도1호선]나주대학3,국가교통정보센터(국도),126.6447,35.0178
5900,E900084,[국도1호선]나주동수교차로,국가교통정보센터(국도),126.683494,34.975398
5901,E901301,[국도1호선]나주등정교,국가교통정보센터(국도),126.82555,35.039906
5902,E900085,[국도1호선]나주복암교차로,국가교통정보센터(국도),126.644298,35.006818
5903,E900086,[국도1호선]나주부덕교차로,국가교통정보센터(국도),126.72765,34.975331
5904,E900087,[국도1호선]나주산포,국가교통정보센터(국도),126.8102,35.0411
5905,E900088,[국도1호선]나주신천교차로,국가교통정보센터(국도),126.766232,35.008096
5906,E900089,[국도1호선]나주영산강교,국가교통정보센터(국도),126.66564,34.98561
5907,E900090,[국도1호선]나주우산제앞,국가교통정보센터(국도),126.751495,34.984867
5908,E900091,[국도1호선]나주칠석교차로,국가교통정보센터(국도),126.842247,35.065308
5909,E900092,[국도1호선]낙수교차로,국가교통정보센터(국도),126.9958,35.73172
5910,E900093,[국도1호선]논산강산사거리,국가교통정보센터(국도),127.0901,36.18872
5911,E900094,[국도1호선]논산개태사역,국가교통정보센터(국도),127.227537,36.24149
5912,E900095,[국도1호선]논산계백사거리,국가교통정보센터(국도),127.11083,36.21124
5913,E900096,[국도1호선]논산고정삼거리,국가교통정보센터(국도),127.18827,36.20867
5914,E900097,[국도1호선]논산송정교차로,국가교통정보센터(국도),127.2271,36.22403
5915,E900098,[국도1호선]논산연무삼거리,국가교통정보센터(국도),127.09872,36.12206
5916,E900099,[국도1호선]논산연산사거리,국가교통정보센터(국도),127.222718,36.210655
5917,E900100,[국도1호선]논산외성삼거리,국가교통정보센터(국도),127.1615,36.21385
5918,E900101,[국도1호선]논산은진사거리,국가교통정보센터(국도),127.1038,36.16929
5919,E900102,[국도1호선]논산임리삼거리,국가교통정보센터(국도),127.17412,36.21249
5920,E900103,[국도1호선]논산입소대대,국가교통정보센터(국도),127.09914,36.10863
5921,E900104,[국도1호선]대야삼거리,국가교통정보센터(국도),127.048134,35.794431
5922,E900105,[국도1호선]대전두마교차로,국가교통정보센터(국도),127.27147,36.27181
5923,E900106,[국도1호선]대전중세교차로,국가교통정보센터(국도),127.27065,36.29376
5924,E900107,[국도1호선]대흥교차로,국가교통정보센터(국도),127.045705,35.875718
5925,E901302,[국도1호선]목포내화교차로,국가교통정보센터(국도),126.4001134,34.8395493
5926,E900108,[국도1호선]무안교촌IC,국가교통정보센터(국도),126.4632,34.9969
5927,E900109,[국도1호선]무안목포대4,국가교통정보센터(국도),126.4302,34.9079
5928,E900110,[국도1호선]무안삼향농공단지,국가교통정보센터(국도),126.4246,34.8751
5929,E900111,[국도1호선]무안청계3,국가교통정보센터(국도),126.426,34.921
5930,E900112,[국도1호선]무안태봉IC,국가교통정보센터(국도),126.445,34.9548
5931,E900113,[국도1호선]삼향농공단지입구,국가교통정보센터(국도),126.421679,34.870012
5932,E900114,[국도1호선]세종곡교천삼거리,국가교통정보센터(국도),127.153911,36.722064
5933,E900115,[국도1호선]세종대평교차로,국가교통정보센터(국도),127.2759888,36.46292277
5934,E900116,[국도1호선]세종두만교차로,국가교통정보센터(국도),127.2857896,36.43634537
5935,E900117,[국도1호선]세종번암사거리,국가교통정보센터(국도),127.293057,36.582677
5936,E900118,[국도1호선]세종상리사거리,국가교통정보센터(국도),127.30517,36.60281
5937,E901303,[국도1호선]세종서창사거리,국가교통정보센터(국도),127.29346,36.60928
5938,E900119,[국도1호선]세종연기공단사거리,국가교통정보센터(국도),127.2796,36.55564
5939,E900120,[국도1호선]세종용수4교,국가교통정보센터(국도),127.2774549,36.4282043
5940,E900121,[국도1호선]세종유천교차로,국가교통정보센터(국도),127.17272,36.6833
5941,E900122,[국도1호선]세종전동교차로,국가교통정보센터(국도),127.27039,36.64742
5942,E900123,[국도1호선]세종전의교차로,국가교통정보센터(국도),127.19425,36.67942
5943,E900124,[국도1호선]세종홍대입구삼거리,국가교통정보센터(국도),127.29062,36.62081
5944,E900125,[국도1호선]쑥고개교차로,국가교통정보센터(국도),127.068564,35.790502
5945,E900126,[국도1호선]쑥고개인근,국가교통정보센터(국도),127.0582,35.79989
5946,E900127,[국도1호선]오산경원산업입구,국가교통정보센터(국도),127.072536111111,37.1326138888889
5947,E901304,[국도1호선]완주상개리,국가교통정보센터(국도),127.049866,35.81409
5948,E900128,[국도1호선]용복교차로,국가교통정보센터(국도),127.001121,35.753222
5949,E900129,[국도1호선]원평교차로,국가교통정보센터(국도),126.9849,35.7143
5950,E900130,[국도1호선]월전삼거리,국가교통정보센터(국도),127.021865,35.785021
5951,E900131,[국도1호선]이서교차로,국가교통정보센터(국도),127.050006,35.827316
5952,E900132,[국도1호선]익산금마육교,국가교통정보센터(국도),127.059,35.98739
5953,E900133,[국도1호선]익산여산IC,국가교통정보센터(국도),127.0826,36.0646
5954,E901305,[국도1호선]장성곰재터널,국가교통정보센터(국도),126.82627,35.419461
5955,E901306,[국도1호선]장성구산교차로,국가교통정보센터(국도),126.85193,35.355362
5956,E901307,[국도1호선]장성단전교차로,국가교통정보센터(국도),126.868611,35.382645
5957,E901308,[국도1호선]장성대악교차로,국가교통정보센터(국도),126.858004,35.371713
5958,E900134,[국도1호선]장성덕산마을부근,국가교통정보센터(국도),126.8347,35.3458
5959,E901309,[국도1호선]장성서태교차로,국가교통정보센터(국도),126.82316,35.23575
5960,E901310,[국도1호선]장성시목교차로,국가교통정보센터(국도),126.80742,35.25994
5961,E901311,[국도1호선]장성신성교차로,국가교통정보센터(국도),126.849284,35.422811
5962,E901312,[국도1호선]장성쌍웅터널,국가교통정보센터(국도),126.86103,35.410342
5963,E901313,[국도1호선]장성약수교차로,국가교통정보센터(국도),126.88113,35.399418
5964,E900135,[국도1호선]장성장성교차로,국가교통정보센터(국도),126.7854,35.2949
5965,E901314,[국도1호선]장성조산교차로,국가교통정보센터(국도),126.82106,35.437115
5966,E901315,[국도1호선]장성호남제2터널,국가교통정보센터(국도),126.812561,35.451275
5967,E901316,[국도1호선]전주청보육교,국가교통정보센터(국도),127.045166,35.868507
5968,E901317,[국도1호선]정읍박동교차로,국가교통정보센터(국도),126.878397,35.596731
5969,E901318,[국도1호선]정읍송산교차로,국가교통정보센터(국도),126.88037,35.554113
5970,E901319,[국도1호선]정읍신월교차로,국가교통정보센터(국도),126.85562,35.53579
5971,E901320,[국도1호선]정읍신월터널,국가교통정보센터(국도),126.875645,35.540299
5972,E901321,[국도1호선]정읍오성교,국가교통정보센터(국도),126.9585843,35.66337575
5973,E901322,[국도1호선]정읍왕림교차로,국가교통정보센터(국도),126.94074,35.660038
5974,E901323,[국도1호선]정읍용호교차로,국가교통정보센터(국도),126.86997,35.5775
5975,E901324,[국도1호선]정읍용호터널,국가교통정보센터(국도),126.875795,35.561764
5976,E901325,[국도1호선]정읍우산교차로,국가교통정보센터(국도),126.9078222,35.63234334
5977,E901326,[국도1호선]정읍입암교차로,국가교통정보센터(국도),126.81431,35.504883
5978,E901327,[국도1호선]정읍입암터널,국가교통정보센터(국도),126.801222,35.487925
5979,E901328,[국도1호선]정읍통석교차로,국가교통정보센터(국도),126.98157,35.70029
5980,E901329,[국도1호선]정읍화해교차로,국가교통정보센터(국도),126.884,35.61588
5981,E900136,[국도1호선]중등포저수지,국가교통정보센터(국도),126.427836,34.8544759
5982,E900137,[국도1호선]천안대홍교차로,국가교통정보센터(국도),127.1339808,36.9354648
5983,E900138,[국도1호선]천안도리티삼거리,국가교통정보센터(국도),127.16992,36.76272
5984,E900139,[국도1호선]천안매주교차로,국가교통정보센터(국도),127.1240364,36.9038706
5985,E900140,[국도1호선]천안성환철도육교,국가교통정보센터(국도),127.127985,36.93008
5986,E900141,[국도1호선]천안안궁삼거리,국가교통정보센터(국도),127.118797,36.9646612
5987,E900142,[국도1호선]천안우신2교차로,국가교통정보센터(국도),127.119411,36.923973
5988,E900143,[국도1호선]천안홍경교,국가교통정보센터(국도),127.1338,36.94494
5989,E900144,[국도1호선]태인교차로,국가교통정보센터(국도),126.9336,35.65538
5990,E901330,[국도1호선]파주금촌신사거리,국가교통정보센터(국도),126.79191,37.769077
5991,E900145,[국도1호선]파주등원교차로,국가교통정보센터(국도),126.8020416,37.7556472
5992,E901331,[국도1호선]파주문산사거리,국가교통정보센터(국도),126.78869,37.854095
5993,E901332,[국도1호선]파주봉암4리입구,국가교통정보센터(국도),126.791696,37.832964
5994,E901333,[국도1호선]파주봉일천4리,국가교통정보센터(국도),126.8197166,37.7388
5995,E901339,[국도1호선]파주봉일천사거리,국가교통정보센터(국도),126.804886,37.747223
5996,E901334,[국도1호선]파주여우고개사거리,국가교통정보센터(국도),126.7875222,37.8732194
5997,E901335,[국도1호선]파주월롱교,국가교통정보센터(국도),126.7925806,37.80049444
5998,E900146,[국도1호선]파주자유IC,국가교통정보센터(국도),126.7516,37.8943638
5999,E901336,[국도1호선]파주자유초등학교,국가교통정보센터(국도),126.788757,37.865349
6000,E901337,[국도1호선]파주통일공원앞,국가교통정보센터(국도),126.7884694,37.8483361
6001,E901338,[국도1호선]파주파주여고앞,국가교통정보센터(국도),126.789898,37.773025
6002,E901340,[국도1호선]평택갈곶리삼거리,국가교통정보센터(국도),127.06629,37.124855
6003,E900147,[국도1호선]함평학교4,국가교통정보센터(국도),126.5336,35.0209
6004,E901341,[국도1호선]함평해정사거리,국가교통정보센터(국도),126.525685,35.019197
6005,E900148,[국도1호선]해전교차로,국가교통정보센터(국도),127.0496213,35.8975322
6006,E900149,[국도1호선]혁신도시외부,국가교통정보센터(국도),127.047381,35.850985
6007,E901342,[국도20]경주감산복지회관,국가교통정보센터(국도),129.054758,35.785678
6008,E901343,[국도20]경주강동산업단지,국가교통정보센터(국도),129.317856,35.956467
6009,E901344,[국도20]경주검단산업단지(말구불터널동측),국가교통정보센터(국도),129.200508,35.921826
6010,E901345,[국도20]경주내원사입구(건천IC),국가교통정보센터(국도),129.078593,35.834926
6011,E901346,[국도20]경주내일1리,국가교통정보센터(국도),129.0568709,35.7765727
6012,E901347,[국도20]경주단석로샛길,국가교통정보센터(국도),129.049065,35.781708
6013,E901348,[국도20]경주당고개,국가교통정보센터(국도),129.063816,35.796218
6014,E901349,[국도20]경주당채골,국가교통정보센터(국도),129.062259,35.795132
6015,E901350,[국도20]경주말구불터널서측,국가교통정보센터(국도),129.184662,35.90695
6016,E901351,[국도20]경주매곡교,국가교통정보센터(국도),128.986688,35.761376
6017,E901352,[국도20]경주방동길삼거리,국가교통정보센터(국도),129.02357,35.759348
6018,E901353,[국도20]경주북경주IC(하행),국가교통정보센터(국도),129.2471,35.93833
6019,E901354,[국도20]경주사방교차로,국가교통정보센터(국도),129.22647,35.934418
6020,E901370,[국도20]경주시립노인전문병원,국가교통정보센터(국도),129.163426,35.873018
6021,E901355,[국도20]경주신경주요양병원입구,국가교통정보센터(국도),129.073775,35.82295
6022,E901356,[국도20]경주신원2교,국가교통정보센터(국도),129.00645,35.75995
6023,E901357,[국도20]경주어머리정류장,국가교통정보센터(국도),129.066142,35.802526
6024,E901358,[국도20]경주영각사입구,국가교통정보센터(국도),129.071185,35.813661
6025,E901359,[국도20]경주오즈의작은동물원,국가교통정보센터(국도),129.072897,35.827287
6026,E901360,[국도20]경주왕신교차로,국가교통정보센터(국도),129.29959,35.95008
6027,E901361,[국도20]경주우중골정류장,국가교통정보센터(국도),129.066833,35.8064324
6028,E901362,[국도20]경주의곡1리입구,국가교통정보센터(국도),129.04767,35.759632
6029,E901363,[국도20]경주제2의곡교,국가교통정보센터(국도),129.041869,35.757742
6030,E901364,[국도20]경주천북산업단지2,국가교통정보센터(국도),129.261509,35.941106
6031,E901365,[국도20]경주천포3교,국가교통정보센터(국도),129.089556,35.857158
6032,E901366,[국도20]경주천포삼거리(건천IC),국가교통정보센터(국도),129.089185,35.84152
6033,E901367,[국도20]경주현곡교차로,국가교통정보센터(국도),129.17061,35.89141
6034,E901368,[국도20]경주형산강교,국가교통정보센터(국도),129.242681,35.937384
6035,E901369,[국도20]경주호반휴게소,국가교통정보센터(국도),128.97817,35.767843
6036,E901371,[국도20]산청남사교,국가교통정보센터(국도),127.942732,35.272359
6037,E901372,[국도20]산청덕문교,국가교통정보센터(국도),127.889481,35.271616
6038,E901373,[국도20]산청덕산1교,국가교통정보센터(국도),127.847625,35.270015
6039,E901374,[국도20]산청덕양교,국가교통정보센터(국도),127.783372,35.253139
6040,E901375,[국도20]산청덕천강휴게소,국가교통정보센터(국도),127.880861,35.269169
6041,E901376,[국도20]산청도리1교,국가교통정보센터(국도),128.052752,35.35402
6042,E901377,[국도20]산청도전교,국가교통정보센터(국도),128.012476,35.337437
6043,E901378,[국도20]산청문대삼거리,국가교통정보센터(국도),128.001237,35.33519
6044,E901379,[국도20]산청반천1교,국가교통정보센터(국도),127.805305,35.242321
6045,E901380,[국도20]산청배양교,국가교통정보센터(국도),127.95571,35.27941
6046,E901381,[국도20]산청법평교,국가교통정보센터(국도),128.064658,35.360443
6047,E901382,[국도20]산청삼당교,국가교통정보센터(국도),127.777158,35.270093
6048,E901383,[국도20]산청삼당마을회관,국가교통정보센터(국도),127.778369,35.263075
6049,E901384,[국도20]산청상정저수지,국가교통정보센터(국도),127.988769,35.3156
6050,E901385,[국도20]산청성내육교,국가교통정보센터(국도),127.961379,35.299431
6051,E901386,[국도20]산청외공마을회관,국가교통정보센터(국도),127.814792,35.242651
6052,E901387,[국도20]산청원리1교,국가교통정보센터(국도),127.830202,35.266484
6053,E901388,[국도20]산청자양유원지,국가교통정보센터(국도),127.861407,35.266791
6054,E901389,[국도20]산청장란교,국가교통정보센터(국도),128.036189,35.341993
6055,E901390,[국도20]산청점동마을회관,국가교통정보센터(국도),127.823621,35.255504
6056,E901391,[국도20]산청중산교,국가교통정보센터(국도),127.767282,35.284547
6057,E901392,[국도20]산청중산보건소,국가교통정보센터(국도),127.754747,35.291138
6058,E901393,[국도20]산청창촌삼거리,국가교통정보센터(국도),127.899266,35.262839
6059,E901394,[국도20]산청청현교,국가교통정보센터(국도),127.997007,35.321564
6060,E901395,[국도20]산청하신교,국가교통정보센터(국도),127.789623,35.245288
6061,E901396,[국도20]산청하정육교,국가교통정보센터(국도),127.976643,35.309004
6062,E901397,[국도20]산청호암교,국가교통정보센터(국도),127.928535,35.269953
6063,E901398,[국도20]의령가례교,국가교통정보센터(국도),128.246767,35.317594
6064,E901399,[국도20]의령교암사거리,국가교통정보센터(국도),128.288405,35.330949
6065,E901400,[국도20]의령다사교차로,국가교통정보센터(국도),128.142876,35.362201
6066,E901401,[국도20]의령마쌍교차로,국가교통정보센터(국도),128.112399,35.37004
6067,E901402,[국도20]의령백야오거리,국가교통정보센터(국도),128.28161,35.317483
6068,E901403,[국도20]의령봉두교차로,국가교통정보센터(국도),128.219423,35.334713
6069,E901404,[국도20]의령불양암,국가교통정보센터(국도),128.323085,35.368475
6070,E901405,[국도20]의령산남저수지,국가교통정보센터(국도),128.181881,35.348786
6071,E901406,[국도20]의령양촌교차로,국가교통정보센터(국도),128.165457,35.354818
6072,E901407,[국도20]의령용소교,국가교통정보센터(국도),128.295537,35.346475
6073,E901408,[국도20]의령의령농협건조저장시설,국가교통정보센터(국도),128.331475,35.391078
6074,E901409,[국도20]의령의병사거리,국가교통정보센터(국도),128.262719,35.316923
6075,E901410,[국도20]의령정곡삼거리,국가교통정보센터(국도),128.325811,35.376009
6076,E901411,[국도20]의령죽전교차로,국가교통정보센터(국도),128.314075,35.36941
6077,E901412,[국도20]의령진등재터널남측,국가교통정보센터(국도),128.302299,35.356072
6078,E901413,[국도20]의령진등재터널북측,국가교통정보센터(국도),128.306696,35.36852
6079,E901414,[국도20]창녕갈동소류지,국가교통정보센터(국도),128.542209,35.613647
6080,E901415,[국도20]창녕계상리,국가교통정보센터(국도),128.52231,35.592411
6081,E901416,[국도20]창녕고암면사무소,국가교통정보센터(국도),128.511771,35.582282
6082,E901417,[국도20]창녕곰터고개,국가교통정보센터(국도),128.507106,35.561327
6083,E901418,[국도20]창녕대지농공단지입구,국가교통정보센터(국도),128.46161,35.534224
6084,E901419,[국도20]창녕미구마을,국가교통정보센터(국도),128.395851,35.51172
6085,E901420,[국도20]창녕방리삼거리,국가교통정보센터(국도),128.531386,35.599121
6086,E901421,[국도20]창녕불당골인근,국가교통정보센터(국도),128.41918,35.52391
6087,E901422,[국도20]창녕비티재삼거리,국가교통정보센터(국도),128.545589,35.617293
6088,E901423,[국도20]창녕비티재쉼터,국가교통정보센터(국도),128.542922,35.617058
6089,E901424,[국도20]창녕우천교,국가교통정보센터(국도),128.505844,35.566988
6090,E901425,[국도20]창녕유어교,국가교통정보센터(국도),128.378933,35.518197
6091,E901426,[국도20]창녕유어파출소,국가교통정보센터(국도),128.410327,35.50672
6092,E901427,[국도20]창녕이남삼거리,국가교통정보센터(국도),128.364537,35.5303
6093,E901428,[국도20]창녕이문재저수지,국가교통정보센터(국도),128.506281,35.551373
6094,E901429,[국도20]창녕제설자재보관창고인접,국가교통정보센터(국도),128.524167,35.599167
6095,E901430,[국도20]창녕조산삼거리,국가교통정보센터(국도),128.487448,35.541357
6096,E901431,[국도20]창녕중대교,국가교통정보센터(국도),128.508979,35.576636
6097,E901432,[국도20]창녕창녕육교,국가교통정보센터(국도),128.473917,35.537995
6098,E901433,[국도20]창녕학성마을회관,국가교통정보센터(국도),128.452412,35.534251
6099,E901434,[국도20]창녕한우단지앞,국가교통정보센터(국도),128.424867,35.524791
6100,E901435,[국도20]청도각남교,국가교통정보센터(국도),128.683482,35.652066
6101,E901436,[국도20]청도개산,국가교통정보센터(국도),128.933017,35.742135
6102,E901437,[국도20]청도건천육교,국가교통정보센터(국도),128.618805,35.632712
6103,E901438,[국도20]청도곰티재터널동측,국가교통정보센터(국도),128.797025,35.691195
6104,E901439,[국도20]청도공암리법륜사,국가교통정보센터(국도),128.958874,35.757455
6105,E901440,[국도20]청도공암리법륜사1,국가교통정보센터(국도),128.95953,35.761951
6106,E901441,[국도20]청도관하교,국가교통정보센터(국도),128.816563,35.70583
6107,E901442,[국도20]청도관하천,국가교통정보센터(국도),128.846013,35.672626
6108,E901443,[국도20]청도구곡교,국가교통정보센터(국도),128.667415,35.641263
6109,E901444,[국도20]청도금곡교,국가교통정보센터(국도),128.562638,35.631003
6110,E901445,[국도20]청도금곡리경로회관,국가교통정보센터(국도),128.866251,35.680901
6111,E901446,[국도20]청도금천네거리,국가교통정보센터(국도),128.895201,35.686018
6112,E901447,[국도20]청도대천삼거리,국가교통정보센터(국도),128.915488,35.717042
6113,E901448,[국도20]청도덕산2길,국가교통정보센터(국도),128.802398,35.699155
6114,E901449,[국도20]청도동곡네거리,국가교통정보센터(국도),128.888013,35.692899
6115,E901450,[국도20]청도동곡삼거리,국가교통정보센터(국도),128.895073,35.691631
6116,E901451,[국도20]청도동곡재휴게소,국가교통정보센터(국도),128.87471,35.692848
6117,E901452,[국도20]청도동산초등학교동측,국가교통정보센터(국도),128.854322,35.666294
6118,E901453,[국도20]청도매전교삼거리,국가교통정보센터(국도),128.865861,35.675065
6119,E901454,[국도20]청도매전면처진소나무,국가교통정보센터(국도),128.859281,35.669764
6120,E901455,[국도20]청도모강교차로,국가교통정보센터(국도),128.750632,35.650485
6121,E901456,[국도20]청도모른골지,국가교통정보센터(국도),128.896729,35.696529
6122,E901457,[국도20]청도바우골,국가교통정보센터(국도),128.946543,35.753943
6123,E901458,[국도20]청도바우골1,국가교통정보센터(국도),128.948326,35.756639
6124,E901459,[국도20]청도바우골2,국가교통정보센터(국도),128.948077,35.757198
6125,E901460,[국도20]청도방지2리입구,국가교통정보센터(국도),128.907583,35.711185
6126,E901461,[국도20]청도부야교차로,국가교통정보센터(국도),128.779051,35.669866
6127,E901462,[국도20]청도비티재공원,국가교통정보센터(국도),128.54846,35.619947
6128,E901463,[국도20]청도삼화사,국가교통정보센터(국도),128.771971,35.659404
6129,E901464,[국도20]청도상령지,국가교통정보센터(국도),128.869435,35.689853
6130,E901465,[국도20]청도상평신리교,국가교통정보센터(국도),128.823215,35.702922
6131,E901466,[국도20]청도서상교차로,국가교통정보센터(국도),128.69471,35.65732
6132,E901467,[국도20]청도신당교차로,국가교통정보센터(국도),128.645817,35.639579
6133,E901468,[국도20]청도운문댐삼거리,국가교통정보센터(국도),128.918295,35.734914
6134,E901469,[국도20]청도원당교차로,국가교통정보센터(국도),128.762494,35.651328
6135,E901470,[국도20]청도월촌정류장,국가교통정보센터(국도),128.835488,35.683959
6136,E901471,[국도20]청도재풀골,국가교통정보센터(국도),128.946657,35.760765
6137,E901472,[국도20]청도절매골,국가교통정보센터(국도),128.93438,35.752074
6138,E901473,[국도20]청도지촌2교,국가교통정보센터(국도),128.970051,35.769278
6139,E901474,[국도20]청도청강연수원,국가교통정보센터(국도),128.882545,35.695374
6140,E901475,[국도20]청도청려로,국가교통정보센터(국도),128.579746,35.625241
6141,E901476,[국도20]청도하평리정류장,국가교통정보센터(국도),128.829976,35.695233
6142,E901477,[국도20]청도한농농산근처,국가교통정보센터(국도),128.546944,35.625278
6143,E901478,[국도20]청도합천교,국가교통정보센터(국도),128.708344,35.653212
6144,E901479,[국도20]청도홀빈휴게소,국가교통정보센터(국도),128.900514,35.703294
6145,E901480,[국도20]청도흑서1리입구,국가교통정보센터(국도),128.595047,35.628317
6146,E901481,[국도20]포항우복교차로,국가교통정보센터(국도),129.3474,35.96888
6147,E901482,[국도20호선]경주앵기목골,국가교통정보센터(국도),129.0596,35.7933958
6148,E901483,[국도20호선]경주천북산업단지1,국가교통정보센터(국도),129.2708,35.94363
6149,E901484,[국도20호선]의령가례교차로,국가교통정보센터(국도),128.233546,35.327802
6150,E901485,[국도20호선]의령문산사입구,국가교통정보센터(국도),128.326819,35.371175
6151,E901486,[국도20호선]의령입암교차로,국가교통정보센터(국도),128.199677,35.338108
6152,E901487,[국도20호선]창녕대대리,국가교통정보센터(국도),128.427534,35.528144
6153,E901488,"[국도20호선]창녕딱박골,창녕나무골사이길",국가교통정보센터(국도),128.5125,35.589443
6154,E901489,[국도20호선]창녕본초리,국가교통정보센터(국도),128.449415,35.536237
6155,E901490,[국도20호선]창녕선소리,국가교통정보센터(국도),128.41576,35.516995
6156,E901491,[국도20호선]창녕성산리,국가교통정보센터(국도),128.36948,35.523031
6157,E901492,[국도20호선]창녕우포생태본원,국가교통정보센터(국도),128.430184,35.53461
6158,E901493,[국도20호선]청도곰티재터널서측,국가교통정보센터(국도),128.782926,35.683729
6159,E901494,[국도20호선]청도막곡교차로,국가교통정보센터(국도),128.720392,35.651552
6160,E901495,[국도20호선]포항우복지부근,국가교통정보센터(국도),129.33502,35.963802
6161,E901497,[국도21]보령개화교,국가교통정보센터(국도),126.657978,36.296135
6162,E901498,[국도21]보령금암삼거리,국가교통정보센터(국도),126.633773,36.200137
6163,E901499,[국도21]보령남포교차로,국가교통정보센터(국도),126.615582,36.309397
6164,E901500,[국도21]보령대창사거리,국가교통정보센터(국도),126.59804,36.2335
6165,E901501,[국도21]보령두룡1교차로,국가교통정보센터(국도),126.589668,36.267245
6166,E901502,[국도21]보령명천교차로,국가교통정보센터(국도),126.620033,36.335438
6167,E901503,[국도21]보령벽동교,국가교통정보센터(국도),126.604225,36.22599
6168,E901504,[국도21]보령보령휴게소,국가교통정보센터(국도),126.6015803,36.46532788
6169,E901505,[국도21]보령사현교,국가교통정보센터(국도),126.599294,36.292967
6170,E901506,[국도21]보령신구리,국가교통정보센터(국도),126.62172,36.17989
6171,E901507,[국도21]보령야룡삼거리,국가교통정보센터(국도),126.62903,36.197575
6172,E901508,[국도21]보령옥서교,국가교통정보센터(국도),126.61148,36.302593
6173,E901509,[국도21]보령웅천장례식장,국가교통정보센터(국도),126.58716,36.245914
6174,E901510,[국도21]보령주교사거리,국가교통정보센터(국도),126.56926,36.39707
6175,E901511,[국도21]보령주산산업단지교차로,국가교통정보센터(국도),126.62864,36.20533
6176,E901512,[국도21]보령주포제2농공단지(사각),국가교통정보센터(국도),126.5728291,36.39108062
6177,E901513,[국도21]보령창암리,국가교통정보센터(국도),126.610667,36.22113
6178,E901514,[국도21]보령통남삼거리,국가교통정보센터(국도),126.5891712,36.42555616
6179,E901515,[국도21]보령판미교차로,국가교통정보센터(국도),126.675395,36.291322
6180,E901516,[국도21]보령흥덕교,국가교통정보센터(국도),126.61753,36.32113
6181,E901517,[국도21]서천관리교차로,국가교통정보센터(국도),126.61785,36.122128
6182,E901518,[국도21]서천국립생태원입구,국가교통정보센터(국도),126.723815,36.025873
6183,E901519,[국도21]서천다사교차로,국가교통정보센터(국도),126.63286,36.11261
6184,E901520,[국도21]서천당정교차로,국가교통정보센터(국도),126.65932,36.097645
6185,E901521,[국도21]서천부내교차로,국가교통정보센터(국도),126.648447,36.104396
6186,E901522,[국도21]서천성북교,국가교통정보센터(국도),126.60937,36.157151
6187,E901523,[국도21]서천장포교차로,국가교통정보센터(국도),126.606084,36.128147
6188,E901524,[국도21]세교지하차도세교1,국가교통정보센터(국도),127.0877001,36.7800207
6189,E901525,[국도21]세교지하차도세교2,국가교통정보센터(국도),127.091289,36.7813788
6190,E901526,[국도21]세교지하차도세교3,국가교통정보센터(국도),127.0939251,36.7822116
6191,E901527,[국도21]세교지하차도세교4,국가교통정보센터(국도),127.0969419,36.7834548
6192,E901528,[국도21]아산경찰인재개발원,국가교통정보센터(국도),126.9944,36.74517
6193,E901529,[국도21]아산공수교차로,국가교통정보센터(국도),127.06552,36.77941
6194,E901530,[국도21]아산금산리교차로,국가교통정보센터(국도),126.8675985,36.74708575
6195,E901531,[국도21]아산금산삼거리,국가교통정보센터(국도),126.88243,36.74882
6196,E901532,[국도21]아산순천향대삼거리,국가교통정보센터(국도),126.930613,36.772996
6197,E901533,[국도21]아산와산삼거리,국가교통정보센터(국도),126.915047,36.76128231
6198,E901534,[국도21]아산은수교차로,국가교통정보센터(국도),127.07905,36.77721
6199,E901535,[국도21]아산읍내리,국가교통정보센터(국도),126.942101,36.776011
6200,E901536,[국도21]아산좌부교차로,국가교통정보센터(국도),127.0320787,36.7568056
6201,E901537,[국도21]아산평촌리,국가교통정보센터(국도),127.004646,36.742249
6202,E901538,[국도21]아산행목교차로,국가교통정보센터(국도),126.94548,36.770216
6203,E901539,[국도21]아산향산사거리,국가교통정보센터(국도),126.91179,36.75875
6204,E901540,[국도21]아산황산육교,국가교통정보센터(국도),126.95754,36.75848
6205,E901541,[국도21]예산관작삼거리,국가교통정보센터(국도),126.832048,36.714403
6206,E901542,[국도21]예산신례원1교,국가교통정보센터(국도),126.8317307,36.72284282
6207,E901543,[국도21]예산예산과선교,국가교통정보센터(국도),126.801116,36.68248057
6208,E901544,[국도21]예산예산수덕사IC,국가교통정보센터(국도),126.783001,36.672735
6209,E901545,[국도21]예산점촌삼거리,국가교통정보센터(국도),126.8541226,36.73430768
6210,E901546,[국도21]예산지석리,국가교통정보센터(국도),126.75986,36.6522
6211,E901547,[국도21]음성금왕꽃동네IC,국가교통정보센터(국도),127.55587,36.949226
6212,E901548,[국도21]음성내송교차로,국가교통정보센터(국도),127.56517,36.99463
6213,E901549,[국도21]음성덕동교,국가교통정보센터(국도),127.577895,37.00185
6214,E901550,[국도21]음성도신교차로,국가교통정보센터(국도),127.603075,37.023384
6215,E901551,[국도21]음성마산교차로,국가교통정보센터(국도),127.545676,36.936883
6216,E901552,[국도21]음성병암교차로,국가교통정보센터(국도),127.607445,37.030983
6217,E901553,[국도21]음성본성교차로,국가교통정보센터(국도),127.538246,36.9278
6218,E901554,[국도21]음성새터교,국가교통정보센터(국도),127.564752,36.96883
6219,E901555,[국도21]음성생극교차로,국가교통정보센터(국도),127.61159,37.037285
6220,E901556,[국도21]음성신돈교차로,국가교통정보센터(국도),127.53709,36.916534
6221,E901557,[국도21]음성오선교차로,국가교통정보센터(국도),127.563696,36.986398
6222,E901558,[국도21]음성오선산업단지교차로,국가교통정보센터(국도),127.56568,36.976135
6223,E901559,[국도21]음성유촌교차로,국가교통정보센터(국도),127.561775,36.95908
6224,E901560,[국도21]음성정생교차로,국가교통정보센터(국도),127.59746,37.007423
6225,E901561,[국도21]장재지하차도장재1,국가교통정보센터(국도),127.111494,36.784588
6226,E901562,[국도21]장재지하차도장재2,국가교통정보센터(국도),127.108665,36.784556
6227,E901563,[국도21]진천금암리(1/2),국가교통정보센터(국도),127.38448,36.82605
6228,E901564,[국도21]진천금암리(2/2),국가교통정보센터(국도),127.3895411,36.82758155
6229,E901565,[국도21]진천금암리입구교차로,국가교통정보센터(국도),127.38116,36.82402
6230,E901566,[국도21]진천벽암리,국가교통정보센터(국도),127.43565,36.8584
6231,E901567,[국도21]진천보탑사삼거리,국가교통정보센터(국도),127.394675,36.828373
6232,E901568,[국도21]진천산수교차로,국가교통정보센터(국도),127.488523,36.888039
6233,E901569,[국도21]진천성석리(사각),국가교통정보센터(국도),127.4535554,36.86476505
6234,E901570,[국도21]진천성석사거리,국가교통정보센터(국도),127.4425,36.86466
6235,E901571,[국도21]진천성암교,국가교통정보센터(국도),127.4012698,36.82710725
6236,E901572,[국도21]진천성암초등학교,국가교통정보센터(국도),127.40736,36.82525
6237,E901573,[국도21]진천송두산업단지교차로,국가교통정보센터(국도),127.46152,36.8695
6238,E901574,[국도21]진천옥동교차로,국가교통정보센터(국도),127.51524,36.895016
6239,E901575,[국도21]진천용몽교차로,국가교통정보센터(국도),127.525293,36.908431
6240,E901496,[국도21]진천잣고개(취약),국가교통정보센터(국도),127.414192,36.837311
6241,E901576,[국도21]진천진천여자중학교,국가교통정보센터(국도),127.45824,36.8672
6242,E901577,[국도21]진천한천교,국가교통정보센터(국도),127.50172,36.894978
6243,E901578,[국도21]진천행정리(취약),국가교통정보센터(국도),127.417237,36.844841
6244,E901579,[국도21]진천향토민속전시관,국가교통정보센터(국도),127.421906,36.847366
6245,E901580,[국도21]천안구도리,국가교통정보센터(국도),127.326025,36.761293
6246,E901581,[국도21]천안덕성2리,국가교통정보센터(국도),127.3699871,36.79979542
6247,E901582,[국도21]천안덕성리,국가교통정보센터(국도),127.37578,36.80997
6248,E901583,[국도21]천안동산리,국가교통정보센터(국도),127.3655284,36.7886008
6249,E901584,[국도21]천안목천IC앞,국가교통정보센터(국도),127.23262,36.76975
6250,E901588,[국도21]천안시-진천군경계,국가교통정보센터(국도),127.37883,36.81611
6251,E901585,[국도21]천안장산2생태통로,국가교통정보센터(국도),127.2875,36.75636
6252,E901586,[국도21]천안창들2교차로,국가교통정보센터(국도),127.3018,36.7548
6253,E901587,[국도21]천안화성생태통로,국가교통정보센터(국도),127.275551,36.754124
6254,E901589,[국도21]홍성광천농공단지,국가교통정보센터(국도),126.626102,36.528788
6255,E901590,[국도21]홍성부평사거리,국가교통정보센터(국도),126.729314,36.62387017
6256,E901591,[국도21]홍성신곡사거리,국가교통정보센터(국도),126.70365,36.61157
6257,E901592,[국도21]홍성신진교,국가교통정보센터(국도),126.6230315,36.51910272
6258,E901593,[국도21]홍성은하2교,국가교통정보센터(국도),126.616456,36.49381
6259,E901594,[국도21]홍성청광리,국가교통정보센터(국도),126.6433149,36.55130363
6260,E901595,[국도21]홍성학계교차로,국가교통정보센터(국도),126.661551,36.57300958
6261,E901596,[국도21]홍성화양삼거리,국가교통정보센터(국도),126.71873,36.62202
6262,E900150,[국도21호선]구이교차로,국가교통정보센터(국도),127.1117,35.75203
6263,E900151,[국도21호선]구이대교,국가교통정보센터(국도),127.1263,35.74709
6264,E900152,[국도21호선]군산대야교차로,국가교통정보센터(국도),126.815,35.9362
6265,E900153,[국도21호선]김제공덕IC,국가교통정보센터(국도),126.9037,35.8866
6266,E901597,[국도21호선]김제목과철교육교부근,국가교통정보센터(국도),127.074014,35.886676
6267,E900154,[국도21호선]김제학동IC,국가교통정보센터(국도),126.9757,35.8846
6268,E900155,[국도21호선]도도교차로,국가교통정보센터(국도),127.023884,35.885682
6269,E900156,[국도21호선]마산2교,국가교통정보센터(국도),126.999051,35.885399
6270,E900157,[국도21호선]밤재1,국가교통정보센터(국도),127.034012,35.469932
6271,E900158,[국도21호선]보령관창교차로,국가교통정보센터(국도),126.58279,36.38399
6272,E901598,[국도21호선]보령두룡2교차로,국가교통정보센터(국도),126.587265,36.25372
6273,E900159,[국도21호선]보령봉당삼거리,국가교통정보센터(국도),126.58117,36.41266
6274,E900160,[국도21호선]보령봉황터널시점,국가교통정보센터(국도),126.61283,36.36643
6275,E900161,[국도21호선]보령봉황터널종점,국가교통정보센터(국도),126.59544,36.37853
6276,E901599,[국도21호선]보령상야마을입구,국가교통정보센터(국도),126.62073,36.191307
6277,E901600,[국도21호선]보령신구교,국가교통정보센터(국도),126.61373,36.17434
6278,E901601,[국도21호선]보령연암마을입구삼거리,국가교통정보센터(국도),126.617615,36.20945
6279,E901602,[국도21호선]보령웅천교삼거리,국가교통정보센터(국도),126.5956,36.23915
6280,E900162,[국도21호선]보령죽림삼거리,국가교통정보센터(국도),126.61389,36.47736
6281,E900163,[국도21호선]보령진죽사거리,국가교통정보센터(국도),126.5938,36.45435
6282,E900164,[국도21호선]보령청소교차로,국가교통정보센터(국도),126.5854583,36.4393333
6283,E901603,[국도21호선]보령충혼탑교차로,국가교통정보센터(국도),126.596306,36.281246
6284,E900165,[국도21호선]복2교,국가교통정보센터(국도),126.836448,35.934151
6285,E901604,[국도21호선]서천선도교차로,국가교통정보센터(국도),126.59658,36.138367
6286,E901605,[국도21호선]서천성북1교차로,국가교통정보센터(국도),126.6026,36.151527
6287,E901606,[국도21호선]서천화산교차로,국가교통정보센터(국도),126.668495,36.09517
6288,E901607,[국도21호선]순창양신리1,국가교통정보센터(국도),127.0247509,35.4777557
6289,E901608,[국도21호선]순창양신리2,국가교통정보센터(국도),127.0320754,35.47043757
6290,E901609,[국도21호선]순창운북리1,국가교통정보센터(국도),127.0368104,35.47060296
6291,E900166,[국도21호선]아산남동교차로,국가교통정보센터(국도),127.04341,36.77326
6292,E900167,[국도21호선]아산시전사거리,국가교통정보센터(국도),126.887502,36.749568
6293,E900168,[국도21호선]아산와산리,국가교통정보센터(국도),126.922575,36.763591
6294,E900169,[국도21호선]아산읍내교차로,국가교통정보센터(국도),126.9386,36.78006
6295,E900170,[국도21호선]아산장존교차로,국가교통정보센터(국도),127.018195,36.745798
6296,E900171,[국도21호선]아산휴대리,국가교통정보센터(국도),127.1127847,36.7846783
6297,E900172,[국도21호선]어두저수지,국가교통정보센터(국도),127.1927,35.7649
6298,E900173,[국도21호선]예산간양교차로,국가교통정보센터(국도),126.8589168,36.738909
6299,E900174,[국도21호선]예산무한교차로,국가교통정보센터(국도),126.826311,36.6832
6300,E900175,[국도21호선]예산석양교차로,국가교통정보센터(국도),126.830224,36.704188
6301,E900176,[국도21호선]예산신원교차로,국가교통정보센터(국도),126.815613,36.684806
6302,E900177,[국도21호선]예산응봉사거리,국가교통정보센터(국도),126.7665806,36.6582515
6303,E900178,[국도21호선]예산창소사거리,국가교통정보센터(국도),126.836318,36.730215
6304,E901610,[국도21호선]옥산2교,국가교통정보센터(국도),126.728067,35.943326
6305,E900179,[국도21호선]옥석검문소,국가교통정보센터(국도),126.793689,35.939101
6306,E900180,[국도21호선]용정분기점,국가교통정보센터(국도),127.037458,35.885689
6307,E901611,[국도21호선]익산공덕대교지점,국가교통정보센터(국도),126.868247,35.91111
6308,E900181,[국도21호선]전주반월교차로,국가교통정보센터(국도),127.067052,35.885239
6309,E900182,[국도21호선]전주전미교차로,국가교통정보센터(국도),127.125126,35.899919
6310,E900183,[국도21호선]제흥1육교,국가교통정보센터(국도),126.892338,35.896359
6311,E900184,[국도21호선]중인교차로,국가교통정보센터(국도),127.084653,35.777482
6312,E900185,[국도21호선]진천군청사거리,국가교통정보센터(국도),127.434034,36.855014
6313,E900186,[국도21호선]진천안골삼거리,국가교통정보센터(국도),127.46922,36.87115
6314,E900187,[국도21호선]진천잣고개,국가교통정보센터(국도),127.416844,36.842051
6315,E900188,[국도21호선]천안교천교차로,국가교통정보센터(국도),127.20268,36.78236
6316,E900189,[국도21호선]천안덕성1리,국가교통정보센터(국도),127.377146,36.812661
6317,E900190,[국도21호선]천안목주교,국가교통정보센터(국도),127.23605,36.766937
6318,E900191,[국도21호선]천안신계교차로,국가교통정보센터(국도),127.215782,36.77702
6319,E900192,[국도21호선]천안운전교차로,국가교통정보센터(국도),127.251873,36.760816
6320,E900193,[국도21호선]천안장산교차로,국가교통정보센터(국도),127.293808,36.756957
6321,E900194,[국도21호선]천안화성교차로,국가교통정보센터(국도),127.26604,36.756106
6322,E900195,[국도21호선]탑천교,국가교통정보센터(국도),126.852511,35.922729
6323,E900196,[국도21호선]홍성고암교차로,국가교통정보센터(국도),126.6842324,36.5895591
6324,E900197,[국도21호선]홍성군경계교차로,국가교통정보센터(국도),126.7495627,36.64544942
6325,E900198,[국도21호선]홍성내기사거리,국가교통정보센터(국도),126.710484,36.619028
6326,E900199,[국도21호선]홍성단아래사거리,국가교통정보센터(국도),126.617068,36.506767
6327,E900200,[국도21호선]홍성대교교차로,국가교통정보센터(국도),126.7362222,36.6275324
6328,E900201,[국도21호선]홍성마온교차로,국가교통정보센터(국도),126.65383,36.57321
6329,E900202,[국도21호선]홍성영암교차로,국가교통정보센터(국도),126.67394,36.578705
6330,E900203,[국도21호선]홍성장성교차로,국가교통정보센터(국도),126.689899,36.605421
6331,E900204,[국도21호선]홍성지정삼거리,국가교통정보센터(국도),126.63449,36.54232
6332,E900205,[국도21호선]홍성천수만교,국가교통정보센터(국도),126.614,36.48913
6333,E900206,[국도22호선]광주너릿재T,국가교통정보센터(국도),126.9516,35.0811
6334,E900207,[국도22호선]교리교차로,국가교통정보센터(국도),126.9766397,35.06806908
6335,E900208,[국도22호선]녹사교차로,국가교통정보센터(국도),126.509039,35.262274
6336,E901612,[국도22호선]동암교차로,국가교통정보센터(국도),127.0566183,35.02704544
6337,E901613,[국도22호선]밀재터널인근,국가교통정보센터(국도),126.5738919,35.20410542
6338,E901614,[국도22호선]백야육교,국가교통정보센터(국도),126.6492864,35.17719675
6339,E901615,[국도22호선]복용삼거리인근,국가교통정보센터(국도),126.465864,35.34227239
6340,E901616,[국도22호선]봉곡교차로,국가교통정보센터(국도),127.359505,35.020834
6341,E901617,[국도22호선]서성교차로,국가교통정보센터(국도),127.392886,35.014124
6342,E901618,[국도22호선]수릿재터널,국가교통정보센터(국도),127.410106,35.027107
6343,E901619,[국도22호선]순천문길삼거리,국가교통정보센터(국도),127.268402,35.063361
6344,E901620,[국도22호선]순천행정리1,국가교통정보센터(국도),127.31117,35.030327
6345,E901621,[국도22호선]영광신평교차로,국가교통정보센터(국도),126.4880656,35.28313384
6346,E901622,[국도22호선]영광용정육교,국가교통정보센터(국도),126.5410952,35.22821818
6347,E901623,[국도22호선]영광학정리,국가교통정보센터(국도),126.5277145,35.24280875
6348,E900209,[국도22호선]와탄교,국가교통정보센터(국도),126.475035,35.322078
6349,E900210,[국도22호선]용산교차로,국가교통정보센터(국도),126.614608,35.172114
6350,E901624,[국도22호선]운농터널앞,국가교통정보센터(국도),127.0156884,35.02945594
6351,E901625,[국도22호선]장동교차로,국가교통정보센터(국도),126.4877733,35.29880533
6352,E901626,[국도22호선]지안일삼거리,국가교통정보센터(국도),126.4717677,35.33386836
6353,E901627,[국도22호선]학정교,국가교통정보센터(국도),126.5172826,35.24777313
6354,E901628,[국도22호선]해보교차로,국가교통정보센터(국도),126.6018284,35.17142612
6355,E901629,[국도23]공주계룡이동검문소,국가교통정보센터(국도),127.1458434,36.40888514
6356,E901630,[국도23]공주광정교,국가교통정보센터(국도),127.1248995,36.60767538
6357,E901631,[국도23]공주버드래고개,국가교통정보센터(국도),127.1629589,36.49200876
6358,E901632,[국도23]공주북계교,국가교통정보센터(국도),127.11848,36.54665
6359,E901633,[국도23]공주상성교차로,국가교통정보센터(국도),127.1297627,36.33852078
6360,E901634,[국도23]공주오인교차로,국가교통정보센터(국도),127.123926,36.533227
6361,E901635,[국도23]공주운궁교차로,국가교통정보센터(국도),127.1181129,36.58674379
6362,E901636,[국도23]공주월송휴게소,국가교통정보센터(국도),127.157279,36.46883065
6363,E901637,[국도23]공주인풍휴게소,국가교통정보센터(국도),127.122627,36.638729
6364,E901638,[국도23]공주장기교,국가교통정보센터(국도),127.1655393,36.47706668
6365,E901639,[국도23]공주정안IC교차로,국가교통정보센터(국도),127.12385,36.61827
6366,E901640,[국도23]논산강경중학교앞,국가교통정보센터(국도),127.0091,36.1508
6367,E901641,[국도23]논산부창교,국가교통정보센터(국도),127.0741291,36.20068314
6368,E901642,[국도23]논산산양사거리,국가교통정보센터(국도),127.0208,36.1565
6369,E901643,[국도23]논산삼거삼거리(1/2),국가교통정보센터(국도),127.03055,36.16432
6370,E901644,[국도23]논산삼거삼거리(2/2),국가교통정보센터(국도),127.03,36.1644
6371,E901645,[국도23]논산신충교차로(사각CT-97),국가교통정보센터(국도),127.1400715,36.30088307
6372,E901646,[국도23]논산월오교차로,국가교통정보센터(국도),127.1287109,36.31977871
6373,E901647,[국도23]논산채운삼거리,국가교통정보센터(국도),127.0563909,36.1739724
6374,E901648,[국도23]논산천동교차로,국가교통정보센터(국도),127.0961724,36.22926104
6375,E901649,[국도23]논산하도교차로,국가교통정보센터(국도),127.1231837,36.25905327
6376,E901650,[국도23]논산호남휴게소,국가교통정보센터(국도),127.11398,36.250572
6377,E901651,[국도23]세종천안시경계,국가교통정보센터(국도),127.16593,36.67865
6378,E901652,[국도23]천안대평교(1/2),국가교통정보센터(국도),127.1516898,36.6754259
6379,E901653,[국도23]천안대평교(2/2),국가교통정보센터(국도),127.1545,36.6765
6380,E901654,[국도23]천안대평리,국가교통정보센터(국도),127.1596999,36.67759751
6381,E901655,[국도23]천안원덕교,국가교통정보센터(국도),127.134074,36.6646785
6382,E901656,[국도23]천안차령교,국가교통정보센터(국도),127.129745,36.660391
6383,E901657,[국도23호선]감교,국가교통정보센터(국도),126.674792,35.675448
6384,E901658,[국도23호선]고령2교차로,국가교통정보센터(국도),126.56241,35.312496
6385,E901659,[국도23호선]고잔교,국가교통정보센터(국도),126.692295,35.696168
6386,E901660,[국도23호선]공산초등학교인근,국가교통정보센터(국도),126.613365,34.939807
6387,E900211,[국도23호선]공주내촌교차로,국가교통정보센터(국도),127.118091,36.597574
6388,E900212,[국도23호선]공주목천교차로,국가교통정보센터(국도),127.12779,36.50157
6389,E900213,[국도23호선]공주목천사거리,국가교통정보센터(국도),127.122959,36.511911
6390,E900214,[국도23호선]공주봉명리,국가교통정보센터(국도),127.146094,36.367807
6391,E900215,[국도23호선]공주송선교차로,국가교통정보센터(국도),127.1651,36.4899
6392,E900216,[국도23호선]공주월송교차로,국가교통정보센터(국도),127.15447,36.45775
6393,E900217,[국도23호선]공주유평교차로,국가교통정보센터(국도),127.138756,36.348406
6394,E900218,[국도23호선]공주장원리,국가교통정보센터(국도),127.11924,36.57175
6395,E900219,[국도23호선]공주차령터널남단,국가교통정보센터(국도),127.12492,36.64769
6396,E900220,[국도23호선]공주차령터널북단,국가교통정보센터(국도),127.12711,36.65716
6397,E900221,[국도23호선]공주청룡교차로,국가교통정보센터(국도),127.1508,36.50014
6398,E900222,[국도23호선]공주하정안교,국가교통정보센터(국도),127.120159,36.538953
6399,E900223,[국도23호선]공주화은리,국가교통정보센터(국도),127.147272,36.420091
6400,E901661,[국도23호선]금산교차로,국가교통정보센터(국도),126.490585,35.10803
6401,E901662,[국도23호선]김제공덕교차로진입,국가교통정보센터(국도),126.904512,35.88257
6402,E901663,[국도23호선]김제동진대교,국가교통정보센터(국도),126.781002,35.75804
6403,E901664,[국도23호선]김제백산교차로,국가교통정보센터(국도),126.913916,35.853148
6404,E901665,[국도23호선]김제산업도로교차로,국가교통정보센터(국도),126.909277,35.840997
6405,E901666,[국도23호선]김제신흥교차로,국가교통정보센터(국도),126.83937,35.786324
6406,E901667,[국도23호선]김제오봉교차로,국가교통정보센터(국도),126.826496,35.775556
6407,E901668,[국도23호선]김제존걸교차로,국가교통정보센터(국도),126.915488,35.861158
6408,E901669,[국도23호선]남고창교차로,국가교통정보센터(국도),126.67553,35.404305
6409,E901670,[국도23호선]남송삼거리인근,국가교통정보센터(국도),126.7690686,34.8525635
6410,E901671,[국도23호선]내기제,국가교통정보센터(국도),126.50222,35.23842
6411,E901672,[국도23호선]녹산사거리,국가교통정보센터(국도),126.499,35.223167
6412,E900224,[국도23호선]논산노성교차로,국가교통정보센터(국도),127.141334,36.280938
6413,E900225,[국도23호선]논산화산사거리,국가교통정보센터(국도),127.06799,36.18071
6414,E901673,[국도23호선]늑룡교인근,국가교통정보센터(국도),126.8698405,34.78584842
6415,E901674,[국도23호선]늑룡삼거리,국가교통정보센터(국도),126.8880234,34.76799552
6416,E901675,[국도23호선]대식제인근,국가교통정보센터(국도),126.630287,34.941345
6417,E901676,[국도23호선]마정삼거리,국가교통정보센터(국도),126.8467661,34.7984129
6418,E900226,[국도23호선]목천대교,국가교통정보센터(국도),126.910392,35.912753
6419,E901677,[국도23호선]백곡육교,국가교통정보센터(국도),126.508415,35.075806
6420,E901678,[국도23호선]백산교차로,국가교통정보센터(국도),126.889211,35.835958
6421,E901679,[국도23호선]보덕사,국가교통정보센터(국도),126.669218,35.640942
6422,E901680,[국도23호선]복죽2교,국가교통정보센터(국도),126.840983,35.805074
6423,E901681,[국도23호선]부덕교차로인근,국가교통정보센터(국도),126.7345395,34.95864396
6424,E901682,[국도23호선]부안남포1교,국가교통정보센터(국도),126.668593,35.619967
6425,E901683,[국도23호선]부안대포교,국가교통정보센터(국도),126.682359,35.58787
6426,E901684,[국도23호선]부안서림교차로,국가교통정보센터(국도),126.731979,35.73983
6427,E901685,[국도23호선]부안송정교차로,국가교통정보센터(국도),126.7212837,35.72922751
6428,E901686,[국도23호선]부안신기교차로,국가교통정보센터(국도),126.72195,35.722713
6429,E901687,[국도23호선]부안신덕삼거리,국가교통정보센터(국도),126.698494,35.569122
6430,E901688,[국도23호선]부안장등교차로,국가교통정보센터(국도),126.76048,35.75578
6431,E901689,[국도23호선]사천삼거리,국가교통정보센터(국도),126.69989,35.511333
6432,E901690,[국도23호선]삼천삼거리,국가교통정보센터(국도),126.9051542,34.72963915
6433,E901691,[국도23호선]세곡삼거리,국가교통정보센터(국도),126.69612,35.45253
6434,E901692,[국도23호선]세지교차로,국가교통정보센터(국도),126.752336,34.92473935
6435,E901693,[국도23호선]신곡교차로,국가교통정보센터(국도),126.861693,35.813584
6436,E901694,[국도23호선]연화제,국가교통정보센터(국도),126.49023,35.181732
6437,E901695,[국도23호선]영암남송리,국가교통정보센터(국도),126.780464,34.836777
6438,E901696,[국도23호선]영암남송삼거리인근2,국가교통정보센터(국도),126.7763003,34.8416903
6439,E901697,[국도23호선]오성교차로,국가교통정보센터(국도),126.57554,35.31945
6440,E901698,[국도23호선]와촌교차로,국가교통정보센터(국도),126.690285,35.418983
6441,E901699,[국도23호선]외원IC교,국가교통정보센터(국도),126.624084,35.342724
6442,E901700,[국도23호선]용흥삼거리인근,국가교통정보센터(국도),126.7480362,34.8696027
6443,E901701,[국도23호선]이동교차로,국가교통정보센터(국도),126.586181,34.939086
6444,E901702,[국도23호선]익산남당사거리,국가교통정보센터(국도),126.96733,36.07775
6445,E901703,[국도23호선]익산다송교차로,국가교통정보센터(국도),126.95344,36.03869
6446,E901704,[국도23호선]익산동련교차로,국가교통정보센터(국도),126.91919,36.00156
6447,E901705,[국도23호선]익산목천교차로,국가교통정보센터(국도),126.91393,35.923605
6448,E901706,[국도23호선]익산용안입구교차로,국가교통정보센터(국도),126.95764,36.11341
6449,E901707,[국도23호선]익산죽촌교차로,국가교통정보센터(국도),126.9272,36.0241
6450,E901708,[국도23호선]익산화산교차로,국가교통정보센터(국도),126.9942,36.13291
6451,E901709,[국도23호선]잣두삼거리,국가교통정보센터(국도),126.9021101,34.6889006
6452,E901710,[국도23호선]장두교차로,국가교통정보센터(국도),126.66069,35.38833
6453,E901711,[국도23호선]장산2교,국가교통정보센터(국도),126.495804,35.146805
6454,E901712,[국도23호선]제내마을입구,국가교통정보센터(국도),126.716163,35.71493
6455,E901713,[국도23호선]지천터널인근,국가교통정보센터(국도),126.8998749,34.7566997
6456,E901714,[국도23호선]학교면입구,국가교통정보센터(국도),126.53333,35.01239
6457,E901715,[국도23호선]학송입구,국가교통정보센터(국도),126.8048207,34.80432844
6458,E901716,[국도23호선]함평나들목교,국가교통정보센터(국도),126.529526,35.059612
6459,E901717,[국도23호선]홍교교차로,국가교통정보센터(국도),126.60351,35.325607
6460,E901718,[국도23호선]화동교차로,국가교통정보센터(국도),126.7490343,34.89866225
6461,E901719,[국도23호선]화정교차로,국가교통정보센터(국도),126.664634,34.958851
6462,E901720,[국도24]밀양가인교차로,국가교통정보센터(국도),128.89146,35.59669
6463,E901721,[국도24]밀양괴곡교차로,국가교통정보센터(국도),128.85716,35.54596
6464,E901722,[국도24]밀양금곡교차로,국가교통정보센터(국도),128.8388,35.51201
6465,E901723,[국도24]밀양금천육교,국가교통정보센터(국도),128.80471,35.50263
6466,E901724,[국도24]밀양긴늪사거리,국가교통정보센터(국도),128.77567,35.51415
6467,E901725,[국도24]밀양밀양IC교차로(밀양IC),국가교통정보센터(국도),128.78178,35.51027
6468,E901726,[국도24]밀양박산교차로,국가교통정보센터(국도),128.85098,35.52618
6469,E901727,[국도24]밀양백동교,국가교통정보센터(국도),128.93772,35.59658
6470,E901728,[국도24]밀양봉합2교,국가교통정보센터(국도),128.766727,35.513471
6471,E901729,[국도24]밀양산외초등학교,국가교통정보센터(국도),128.79294,35.503925
6472,E901730,[국도24]밀양아리랑아트센터,국가교통정보센터(국도),128.757171,35.504574
6473,E901731,[국도24]밀양얼음골교차로,국가교통정보센터(국도),128.95026,35.58865
6474,E901732,[국도24]밀양용전교차로,국가교통정보센터(국도),128.86115,35.56369
6475,E901733,[국도24]밀양원서교차로,국가교통정보센터(국도),128.91836,35.60482
6476,E901734,[국도24]밀양임고교차로,국가교통정보센터(국도),128.87575,35.57497
6477,E901735,[국도24]밀양한마음타운,국가교통정보센터(국도),128.757954,35.510972
6478,E901736,[국도24]울주가지산터널동측,국가교통정보센터(국도),129.041985,35.609287
6479,E901737,[국도24]울주대천교,국가교통정보센터(국도),129.16244,35.5445
6480,E901738,[국도24]울주무동교,국가교통정보센터(국도),129.19461,35.5681
6481,E901739,[국도24]울주반송교차로,국가교통정보센터(국도),129.18259,35.55095
6482,E901740,[국도24]울주어음교차로,국가교통정보센터(국도),129.14374,35.55327
6483,E901741,[국도24]울주언양교차로,국가교통정보센터(국도),129.12942,35.57423
6484,E901742,[국도24]울주입암교차로,국가교통정보센터(국도),129.22699,35.57254
6485,E901743,[국도24]울주장검마을교차로,국가교통정보센터(국도),129.2524,35.55946
6486,E901744,[국도24]울주진목마을교차로,국가교통정보센터(국도),129.21167,35.57271
6487,E901745,[국도24호선]거창가천교,국가교통정보센터(국도),127.99033,35.633312
6488,E901751,[국도24호선]남원IC교차로,국가교통정보센터(국도),127.399997,35.426229
6489,E901746,[국도24호선]남원내동리,국가교통정보센터(국도),127.2755126,35.398599
6490,E901747,[국도24호선]남원양가리1,국가교통정보센터(국도),127.4889509,35.44656959
6491,E901748,[국도24호선]남원양가리2,국가교통정보센터(국도),127.4777563,35.4491606
6492,E901749,[국도24호선]남원양가리3,국가교통정보센터(국도),127.483623,35.44985377
6493,E901750,[국도24호선]남원팔령재,국가교통정보센터(국도),127.634431,35.467384
6494,E901752,[국도24호선]담양대곡터널입구,국가교통정보센터(국도),127.0325,35.333572
6495,E901753,[국도24호선]담양봉서교차로,국가교통정보센터(국도),127.04076,35.33974
6496,E900227,[국도24호선]동화IC교차로,국가교통정보센터(국도),126.731803,35.278557
6497,E900228,[국도24호선]동화사거리,국가교통정보센터(국도),126.7411,35.283655
6498,E901754,[국도24호선]마산교차로인근,국가교통정보센터(국도),126.3525947,35.06458031
6499,E901755,[국도24호선]마산육교인근,국가교통정보센터(국도),126.3597198,35.06243714
6500,E901756,[국도24호선]무안도산삼거리.,국가교통정보센터(국도),126.4564259,35.02480964
6501,E901757,[국도24호선]무안마실교,국가교통정보센터(국도),126.3081643,35.0807925
6502,E901758,[국도24호선]무안수암교차로,국가교통정보센터(국도),126.326993,35.093741
6503,E901759,[국도24호선]무안양월리,국가교통정보센터(국도),126.27238,35.0614
6504,E901760,[국도24호선]무안홈통교차로,국가교통정보센터(국도),126.3453773,35.07190954
6505,E901761,[국도24호선]발산육교,국가교통정보센터(국도),126.677086,35.26636
6506,E901762,[국도24호선]백련교회앞,국가교통정보센터(국도),126.198496,35.08467
6507,E900229,[국도24호선]비홍재,국가교통정보센터(국도),127.266893,35.41188
6508,E901763,[국도24호선]소동마을회관인근,국가교통정보센터(국도),126.4914186,35.04029054
6509,E901764,[국도24호선]송풍제저수지인근,국가교통정보센터(국도),126.4669827,35.03382202
6510,E901765,[국도24호선]수호삼거리인근,국가교통정보센터(국도),126.5100588,35.05061719
6511,E901766,[국도24호선]순창덕천리,국가교통정보센터(국도),127.098,35.36456
6512,E901767,[국도24호선]순창백산리,국가교통정보센터(국도),127.1101488,35.37051403
6513,E901768,[국도24호선]순창송정교차로,국가교통정보센터(국도),127.088264,35.358337
6514,E901769,[국도24호선]순창원촌삼거리,국가교통정보센터(국도),127.218475,35.40136
6515,E901770,[국도24호선]순창지북사거리,국가교통정보센터(국도),127.1946,35.393642
6516,E900230,[국도24호선]신촌사거리,국가교통정보센터(국도),126.755818,35.293368
6517,E901771,[국도24호선]옥천사거리,국가교통정보센터(국도),126.708,35.27578
6518,E901772,[국도24호선]용산2육교옆,국가교통정보센터(국도),126.61083,35.165306
6519,E901773,[국도24호선]용정교차로,국가교통정보센터(국도),126.3822097,35.05407908
6520,E901774,[국도24호선]울주천상하부램프교차로,국가교통정보센터(국도),129.236,35.56609
6521,E901775,[국도24호선]자동교차로인근,국가교통정보센터(국도),126.2575294,35.05615042
6522,E900231,[국도24호선]장산사거리,국가교통정보센터(국도),126.763063,35.294608
6523,E901776,[국도24호선]장산육교,국가교통정보센터(국도),126.61897,35.18575
6524,E900232,[국도24호선]장성IC,국가교통정보센터(국도),126.783407,35.292362
6525,E900233,[국도24호선]장승백이사거리,국가교통정보센터(국도),126.748898,35.291285
6526,E901777,[국도24호선]지도전통시장입구,국가교통정보센터(국도),126.2069441,35.05833607
6527,E901779,[국도24호선]함평운동장옆,국가교통정보센터(국도),126.54797,35.067055
6528,E901778,[국도24호선]함평함평교회,국가교통정보센터(국도),126.53539,35.05775
6529,E901780,[국도24호선]현경교차로,국가교통정보센터(국도),126.4203079,35.02020251
6530,E900234,[국도24호선]황룡교차로,국가교통정보센터(국도),126.769781,35.294348
6531,E901781,[국도25]경산금곡1교,국가교통정보센터(국도),128.739377,35.757238
6532,E901782,[국도25]경산남성현터널북측,국가교통정보센터(국도),128.724647,35.727789
6533,E901783,[국도25]경산남천과선교,국가교통정보센터(국도),128.733423,35.740858
6534,E901784,[국도25]경산대명1교,국가교통정보센터(국도),128.716721,35.779286
6535,E901785,[국도25]경산백농교,국가교통정보센터(국도),128.735839,35.79838
6536,E901786,[국도25]경산삼성교차로동측,국가교통정보센터(국도),128.726713,35.761815
6537,E901787,[국도25]경산협석교,국가교통정보센터(국도),128.731178,35.789061
6538,E901788,[국도25]구미가산교차로,국가교통정보센터(국도),128.31077,36.3263
6539,E901789,[국도25]구미괴곡1교,국가교통정보센터(국도),128.402408,36.171997
6540,E901790,[국도25]구미궁기IC교,국가교통정보센터(국도),128.34883,36.278927
6541,E901791,[국도25]구미길수교차로,국가교통정보센터(국도),128.37349,36.193047
6542,E901792,[국도25]구미도개IC교,국가교통정보센터(국도),128.34856,36.27812
6543,E901793,[국도25]구미도개IC교차로,국가교통정보센터(국도),128.33368,36.295578
6544,E901794,[국도25]구미도리사교차로,국가교통정보센터(국도),128.36755,36.212536
6545,E901795,[국도25]구미동산교(도개IC),국가교통정보센터(국도),128.31588,36.30773
6546,E901796,[국도25]구미문량교차로,국가교통정보센터(국도),128.39658,36.180058
6547,E901797,[국도25]구미심곡삼거리,국가교통정보센터(국도),128.123699,36.677522
6548,E901798,[국도25]구미월곡교차로,국가교통정보센터(국도),128.36005,36.227905
6549,E901799,[국도25]구미월림교,국가교통정보센터(국도),128.3174,36.30505
6550,E901800,[국도25]구미일선교차로,국가교통정보센터(국도),128.347469,36.269796
6551,E901801,[국도25]구미중앙승마아카데미,국가교통정보센터(국도),128.366358,36.201647
6552,E901802,[국도25]구미하장1교,국가교통정보센터(국도),128.48767,36.130579
6553,E901803,[국도25]김해풍년교,국가교통정보센터(국도),128.7171,35.32495
6554,E901804,[국도25]내거지하차도상행,국가교통정보센터(국도),127.3911899,36.6317929
6555,E901805,[국도25]내거지하차도하행,국가교통정보센터(국도),127.3913029,36.6314033
6556,E901806,[국도25]밀양가곡리회관입구,국가교통정보센터(국도),128.780171,35.529408
6557,E901808,[국도25]밀양남밀양IC,국가교통정보센터(국도),128.754519,35.452778
6558,E901807,[국도25]밀양남밀양IC남측,국가교통정보센터(국도),128.754922,35.449369
6559,E901809,[국도25]밀양마산교차로,국가교통정보센터(국도),128.76525,35.41316
6560,E901810,[국도25]밀양상동교삼거리,국가교통정보센터(국도),128.76256,35.562282
6561,E901811,[국도25]밀양상동역정류장,국가교통정보센터(국도),128.761346,35.555674
6562,E901812,[국도25]밀양수산교차로,국가교통정보센터(국도),128.7258,35.38021
6563,E901813,[국도25]밀양수산대교,국가교통정보센터(국도),128.717855,35.372962
6564,E901814,[국도25]밀양양동육교,국가교통정보센터(국도),128.737296,35.384229
6565,E901816,[국도25]밀양연금천교,국가교통정보센터(국도),128.76754,35.429644
6566,E901815,[국도25]밀양연금천교북측,국가교통정보센터(국도),128.759232,35.438211
6567,E901817,[국도25]밀양예림대동아파트,국가교통정보센터(국도),128.753737,35.461205
6568,E901818,[국도25]밀양우암교,국가교통정보센터(국도),128.75061,35.398226
6569,E901819,[국도25]밀양유산마을입구,국가교통정보센터(국도),128.771735,35.549326
6570,E901820,[국도25]밀양조이디골프입구,국가교통정보센터(국도),128.778257,35.522078
6571,E901821,[국도25]밀양중섬교,국가교통정보센터(국도),128.774618,35.538936
6572,E901822,[국도25]밀양파서교,국가교통정보센터(국도),128.75431,35.40383
6573,E901823,[국도25]밀양파서육교남측,국가교통정보센터(국도),128.74929,35.39
6574,E901824,[국도25]보은가래재교차로,국가교통정보센터(국도),127.6242092,36.47805988
6575,E901825,[국도25]보은관기교차로,국가교통정보센터(국도),127.82561,36.432163
6576,E901826,[국도25]보은구병산IC입구,국가교통정보센터(국도),127.869719,36.444831
6577,E901827,[국도25]보은구인교,국가교통정보센터(국도),127.773696,36.472837
6578,E901848,[국도25]보은군-청주시경계,국가교통정보센터(국도),127.572258,36.535717
6579,E901828,[국도25]보은군청사거리,국가교통정보센터(국도),127.730408,36.491941
6580,E901829,[국도25]보은누청삼거리,국가교통정보센터(국도),127.742766,36.497455
6581,E901830,[국도25]보은동정교차로,국가교통정보센터(국도),127.6604089,36.47696864
6582,E901831,[국도25]보은말티삼거리,국가교통정보센터(국도),127.753702,36.490997
6583,E901832,[국도25]보은병원교,국가교통정보센터(국도),127.676784,36.47796595
6584,E901833,[국도25]보은병원교차로,국가교통정보센터(국도),127.68859,36.47941054
6585,E901834,[국도25]보은보은장례식장,국가교통정보센터(국도),127.756118,36.485067
6586,E901835,[국도25]보은보청교,국가교통정보센터(국도),127.6710645,36.4773501
6587,E901836,[국도25]보은상장교차로,국가교통정보센터(국도),127.793226,36.461757
6588,E901837,[국도25]보은송평교차로,국가교통정보센터(국도),127.6090468,36.47755427
6589,E901838,[국도25]보은송평리,국가교통정보센터(국도),127.6171859,36.4765953
6590,E901839,[국도25]보은수리티터널서측,국가교통정보센터(국도),127.6369973,36.47666335
6591,E901840,[국도25]보은수한교차로,국가교통정보센터(국도),127.6983874,36.48088856
6592,E901841,[국도25]보은임곡리,국가교통정보센터(국도),127.849379,36.442112
6593,E901842,[국도25]보은장안삼거리,국가교통정보센터(국도),127.785503,36.467668
6594,E901843,[국도25]보은적암리(1/2),국가교통정보센터(국도),127.857503,36.4478
6595,E901844,[국도25]보은적암리(2/2),국가교통정보센터(국도),127.863371,36.446854
6596,E901845,[국도25]보은탄부교차로,국가교통정보센터(국도),127.80733,36.443064
6597,E901846,[국도25]보은피반령(2/2),국가교통정보센터(국도),127.573181,36.53273
6598,E901847,[국도25]보은후평사거리,국가교통정보센터(국도),127.707463,36.481975
6599,E901849,[국도25]상주구잠교차로남측,국가교통정보센터(국도),128.288994,36.372567
6600,E901850,[국도25]상주낙단교차로,국가교통정보센터(국도),128.29173,36.35857
6601,E901851,[국도25]상주남장교,국가교통정보센터(국도),128.119644,36.410776
6602,E901852,[국도25]상주분황1교,국가교통정보센터(국도),128.2564,36.397076
6603,E901853,[국도25]상주상주장례식장,국가교통정보센터(국도),128.131728,36.414754
6604,E901854,[국도25]상주신상교차로,국가교통정보센터(국도),128.24341,36.405853
6605,E901855,[국도25]상주외답육교,국가교통정보센터(국도),128.20483,36.426905
6606,E901856,[국도25]상주죽전교,국가교통정보센터(국도),128.170688,36.446352
6607,E901857,[국도25]상주헌신1교하부,국가교통정보센터(국도),128.213237,36.418793
6608,E901858,[국도25]상주헌신교,국가교통정보센터(국도),128.220752,36.414997
6609,E901859,[국도25]상주화천육교,국가교통정보센터(국도),128.189703,36.435184
6610,E901860,[국도25]오동지하차도상행,국가교통정보센터(국도),127.4776234,36.6962233
6611,E901861,[국도25]오동지하차도하행,국가교통정보센터(국도),127.4738593,36.6943396
6612,E901862,[국도25]의성낙정교,국가교통정보센터(국도),128.3014,36.346493
6613,E901863,[국도25]의성단밀농공단지부근,국가교통정보센터(국도),128.304798,36.341273
6614,E901864,[국도25]중부지하차도상행,국가교통정보센터(국도),127.425627,36.666147
6615,E901865,[국도25]중부지하차도하행,국가교통정보센터(국도),127.422845,36.664615
6616,E901866,[국도25]창원가술삼거리,국가교통정보센터(국도),128.709042,35.331456
6617,E901867,[국도25]창원대암교,국가교통정보센터(국도),128.718162,35.208618
6618,E901868,[국도25]창원덕산교,국가교통정보센터(국도),128.672258,35.267067
6619,E901869,[국도25]창원모산사거리,국가교통정보센터(국도),128.711194444444,35.3610472222222
6620,E901870,[국도25]창원모산삼거리,국가교통정보센터(국도),128.70971,35.3476
6621,E901871,[국도25]창원창원대교차로,국가교통정보센터(국도),128.702332,35.243892
6622,E901872,[국도25]청도귀뚜라미홀딩스,국가교통정보센터(국도),128.75894,35.631042
6623,E901873,[국도25]청도남성현터널남측,국가교통정보센터(국도),128.712345,35.706418
6624,E901874,[국도25]청도모강교차로남측,국가교통정보센터(국도),128.751251,35.648512
6625,E901875,[국도25]청도송읍교차로,국가교통정보센터(국도),128.747754,35.663309
6626,E901876,[국도25]청도신거교,국가교통정보센터(국도),128.768203,35.602486
6627,E901877,[국도25]청도신도2교인근,국가교통정보센터(국도),128.764329,35.596045
6628,E901878,[국도25]청도아랫구미입구,국가교통정보센터(국도),128.753536,35.638648
6629,E901879,[국도25]청도용암교차로남측,국가교통정보센터(국도),128.729399,35.67536
6630,E901880,[국도25]청도원동삼거리,국가교통정보센터(국도),128.767797,35.611879
6631,E901881,[국도25]청도지당마을회관북측,국가교통정보센터(국도),128.762562,35.616285
6632,E901882,[국도25]청도초현교차로,국가교통정보센터(국도),128.76429,35.57206
6633,E901883,[국도25]청주계산리,국가교통정보센터(국도),127.56543,36.538845
6634,E901884,[국도25]청주구성교차로,국가교통정보센터(국도),127.513898,36.692638
6635,E901885,[국도25]청주국동리,국가교통정보센터(국도),127.518877,36.68402
6636,E901886,[국도25]청주장암2교,국가교통정보센터(국도),127.48209,36.58349
6637,E901887,[국도25]청주효촌분기점,국가교통정보센터(국도),127.50807,36.58343
6638,E901888,[국도25]칠곡가현주유소,국가교통정보센터(국도),128.525107,36.100822
6639,E901889,[국도25]칠곡송학교차로,국가교통정보센터(국도),128.51604,36.102287
6640,E901890,[국도25]칠곡신장교차로,국가교통정보센터(국도),128.49242,36.12286
6641,E901891,[국도25]칠곡하판1교,국가교통정보센터(국도),128.52928,36.098328
6642,E901892,[국도25호선]구미5공단휴게식당남측,국가교통정보센터(국도),128.47887,36.154957
6643,E901893,[국도25호선]구미구미보전망대남측,국가교통정보센터(국도),128.3519,36.233746
6644,E901894,[국도25호선]구미구미보전망대북측,국가교통정보센터(국도),128.347443,36.241379
6645,E901895,[국도25호선]구미산동교차로인근,국가교통정보센터(국도),128.42969,36.165123
6646,E901896,[국도25호선]구미선산낙산리고분군,국가교통정보센터(국도),128.34074,36.254795
6647,E901897,[국도25호선]구미어령동산서측,국가교통정보센터(국도),128.34328,36.258896
6648,E901898,[국도25호선]구미용문육교,국가교통정보센터(국도),128.46794,36.16113
6649,E901899,[국도25호선]구미하장2교북측,국가교통정보센터(국도),128.4840897,36.14585721
6650,E901900,[국도25호선]구미해평교차로,국가교통정보센터(국도),128.383252,36.186782
6651,E901901,[국도25호선]밀양마산교차로남측,국가교통정보센터(국도),128.76198,35.4064
6652,E901902,[국도25호선]상주구산교,국가교통정보센터(국도),128.271026,36.388402
6653,E901903,[국도25호선]청도남성현교차로,국가교통정보센터(국도),128.718628,35.696476
6654,E901904,[국도25호선]칠곡가산TG,국가교통정보센터(국도),128.535435,36.090093
6655,E901905,[국도26]거창거창IC교차로,국가교통정보센터(국도),127.9302669,35.6749292
6656,E901906,[국도26]거창거창골동품경매장,국가교통정보센터(국도),127.9848473,35.6347028
6657,E901907,[국도26]거창남하교동측(거창IC),국가교통정보센터(국도),127.942193,35.671086
6658,E901908,[국도26]거창남하초등학교,국가교통정보센터(국도),127.9466205,35.655687
6659,E901909,[국도26]거창대야리,국가교통정보센터(국도),127.95842,35.6388251
6660,E901910,[국도26]거창대야리1,국가교통정보센터(국도),127.9904351,35.6331805
6661,E901911,[국도26]거창대야마을,국가교통정보센터(국도),127.964288,35.6348411
6662,E901912,[국도26]거창대평사거리(거창IC),국가교통정보센터(국도),127.9225716,35.6828371
6663,E901913,[국도26]거창돌모리산장입구,국가교통정보센터(국도),127.9728093,35.6388297
6664,E901914,[국도26]거창일원교,국가교통정보센터(국도),127.9561075,35.6453386
6665,E901915,[국도26]거창절부사거리,국가교통정보센터(국도),127.8988486,35.6800126
6666,E901916,[국도26]고령귀원삼거리,국가교통정보센터(국도),128.239061,35.677055
6667,E901917,[국도26]고령기산교차로,국가교통정보센터(국도),128.32858,35.7388186797394
6668,E901918,[국도26]고령도룡곡교,국가교통정보센터(국도),128.30962,35.7354
6669,E901919,[국도26]고령득성터널동측,국가교통정보센터(국도),128.37685,35.74992
6670,E901920,[국도26]고령득성터널서측,국가교통정보센터(국도),128.36285,35.74812
6671,E901921,[국도26]고령명덕교,국가교통정보센터(국도),128.2134801,35.6768293
6672,E901922,[국도26]고령벽송정,국가교통정보센터(국도),128.1961514,35.6721528
6673,E901923,[국도26]고령석사교,국가교통정보센터(국도),128.1868629,35.6764492
6674,E901924,[국도26]함양농월정오토캠핑장,국가교통정보센터(국도),127.7829702,35.6234557
6675,E901925,[국도26]함양다곡교,국가교통정보센터(국도),127.7467195,35.6202735
6676,E901926,[국도26]함양다볕자연연수원앞,국가교통정보센터(국도),127.7342,35.6290958
6677,E901927,[국도26]함양도천교,국가교통정보센터(국도),127.6899856,35.6755591
6678,E901928,[국도26]함양봉정마을인근,국가교통정보센터(국도),127.6842787,35.6601228
6679,E901929,[국도26]함양상남리,국가교통정보센터(국도),127.670965,35.715042
6680,E901930,[국도26]함양서하교,국가교통정보센터(국도),127.7750849,35.6241104
6681,E901931,[국도26]함양서하초등학교동측,국가교통정보센터(국도),127.7008775,35.6483227
6682,E901932,[국도26]함양송계삼거리,국가교통정보센터(국도),127.6904822,35.6521651
6683,E901933,[국도26]함양안의대교,국가교통정보센터(국도),127.8085426,35.6330302
6684,E901934,[국도26]함양오리밭골,국가교통정보센터(국도),127.6769374,35.7040358
6685,E901935,[국도26]함양오현마을,국가교통정보센터(국도),127.7075697,35.6404077
6686,E901936,[국도26]함양월평교,국가교통정보센터(국도),127.716478,35.6361389
6687,E901937,[국도26]함양육십령,국가교통정보센터(국도),127.673379,35.706459
6688,E901938,[국도26]함양중남리1,국가교통정보센터(국도),127.673781,35.710177
6689,E901939,[국도26]함양중남리2,국가교통정보센터(국도),127.686484,35.698591
6690,E901940,[국도26]함양중남사거리,국가교통정보센터(국도),127.687962,35.6955895
6691,E901941,[국도26]함양호성교,국가교통정보센터(국도),127.765729,35.6164607
6692,E901942,[국도26]합천가리들,국가교통정보센터(국도),128.1727578,35.6777943
6693,E901943,[국도26]합천계동교,국가교통정보센터(국도),128.1498224,35.6803246
6694,E901944,[국도26]합천권빈마을회관인근,국가교통정보센터(국도),128.0675612,35.636755
6695,E901945,[국도26]합천권빈삼거리,국가교통정보센터(국도),128.0610374,35.6352264
6696,E901946,[국도26]합천묘산교차로,국가교통정보센터(국도),128.1168489,35.6574201
6697,E901947,[국도26]합천반포교,국가교통정보센터(국도),128.1004564,35.6497169
6698,E901948,[국도26]합천봉산삼거리,국가교통정보센터(국도),128.0416469,35.6324973
6699,E901949,[국도26]합천분기삼거리동측,국가교통정보센터(국도),128.170783,35.6830745
6700,E901950,[국도26]합천상현리,국가교통정보센터(국도),128.0334427,35.6335282
6701,E901951,[국도26]합천상현휴게소,국가교통정보센터(국도),128.0150493,35.6350258
6702,E901952,[국도26]합천안성교,국가교통정보센터(국도),128.1265676,35.6686564
6703,E901953,[국도26]합천압곡교,국가교통정보센터(국도),128.0507298,35.6342953
6704,E901954,[국도26]합천팔심교,국가교통정보센터(국도),128.0879396,35.6447892
6705,E901955,[국도26]합천평촌교,국가교통정보센터(국도),128.1353592,35.6762728
6706,E901956,[국도26]합천향정교,국가교통정보센터(국도),128.0229803,35.6353364
6707,E901957,[국도26호선]고령송림교,국가교통정보센터(국도),128.2312143,35.6837475
6708,E900235,[국도26호선]마사회입구,국가교통정보센터(국도),127.645937,35.727896
6709,E901958,[국도26호선]목천삼거리,국가교통정보센터(국도),126.5626693,35.54299412
6710,E900236,[국도26호선]방곡재,국가교통정보센터(국도),127.511456,35.747151
6711,E901959,[국도26호선]백구소공원월남참전기념비,국가교통정보센터(국도),126.5659543,35.54284972
6712,E901960,[국도26호선]신동사거리,국가교통정보센터(국도),127.5904724,35.732041
6713,E900237,[국도26호선]연장교차로,국가교통정보센터(국도),127.371987,35.774018
6714,E901961,[국도26호선]완주명덕교차로,국가교통정보센터(국도),127.20936,35.85463
6715,E900238,[국도26호선]완주보룡재A,국가교통정보센터(국도),127.3156,35.8558
6716,E900239,[국도26호선]완주보룡재B,국가교통정보센터(국도),127.3102,35.8517
6717,E901962,[국도26호선]완주소양교차로,국가교통정보센터(국도),127.24118,35.85701
6718,E901963,[국도26호선]완주소태정고개,국가교통정보센터(국도),127.2943045,35.85006535
6719,E901964,[국도26호선]완주해월1교차로,국가교통정보센터(국도),127.25093,35.85891
6720,E901965,[국도26호선]장수명덕리1,국가교통정보센터(국도),127.65862,35.724503
6721,E901966,[국도26호선]장수명덕리2,국가교통정보센터(국도),127.654985,35.72652168
6722,E901967,[국도26호선]장수명덕리3,국가교통정보센터(국도),127.6595996,35.7191625
6723,E901968,[국도26호선]장수육십령휴게소,국가교통정보센터(국도),127.6505678,35.72597334
6724,E901969,[국도26호선]진안구룡리,국가교통정보센터(국도),127.4464501,35.78538665
6725,E901970,[국도26호선]진안봉암교차로,국가교통정보센터(국도),127.33987,35.84863
6726,E901971,[국도26호선]진안부귀농협옆,국가교통정보센터(국도),127.34425,35.80099
6727,E901972,[국도26호선]진안서판사거리,국가교통정보센터(국도),127.34627,35.79436
6728,E901973,[국도26호선]진안소태정휴게소,국가교통정보센터(국도),127.3263273,35.85754866
6729,E901974,[국도26호선]진안오룡리,국가교통정보센터(국도),127.35114,35.82498
6730,E901975,[국도26호선]진안진안교차로,국가교통정보센터(국도),127.41967,35.78369
6731,E901976,[국도26호선]진안활인동마을입구,국가교통정보센터(국도),127.40826,35.78204
6732,E901977,[국도27호선]고흥도촌교차로,국가교통정보센터(국도),127.16105,34.55903
6733,E901978,[국도27호선]고흥상림교차로,국가교통정보센터(국도),127.26231,34.587795
6734,E901979,[국도27호선]고흥소록대교입구,국가교통정보센터(국도),127.12251,34.53038
6735,E901980,[국도27호선]고흥신앙교,국가교통정보센터(국도),127.19606,34.57918
6736,E901981,[국도27호선]고흥유전1교,국가교통정보센터(국도),127.14894,34.55379
6737,E901982,[국도27호선]고흥차경사거리,국가교통정보센터(국도),127.13968,34.54109
6738,E901983,[국도27호선]고흥하림교,국가교통정보센터(국도),127.25106,34.58067
6739,E901984,[국도27호선]고흥호형교차로,국가교통정보센터(국도),127.295494,34.606606
6740,E901985,[국도27호선]곡성옥과천교2,국가교통정보센터(국도),127.14193,35.29099
6741,E901986,[국도27호선]곡성평장삼거리,국가교통정보센터(국도),127.14547,35.2757
6742,E901987,[국도27호선]군산계남교차로1,국가교통정보센터(국도),126.859245,35.993412
6743,E901988,[국도27호선]군산고봉교차로,국가교통정보센터(국도),126.78005,35.98886
6744,E901989,[국도27호선]군산와동교차로2,국가교통정보센터(국도),126.79019,35.981907
6745,E901990,[국도27호선]군산임피교차로,국가교통정보센터(국도),126.85131,35.9966
6746,E901991,[국도27호선]군산창오교차로,국가교통정보센터(국도),126.81121,35.982273
6747,E901992,[국도27호선]군산축산저수지,국가교통정보센터(국도),126.84556,35.99553
6748,E900240,[국도27호선]새터교차로,국가교통정보센터(국도),127.105664,35.622691
6749,E901993,[국도27호선]순창유등사거리,국가교통정보센터(국도),127.14927,35.37154
6750,E901994,[국도27호선]순창인계교차로,국가교통정보센터(국도),127.14282,35.41243
6751,E901995,[국도27호선]순창풍산교차로,국가교통정보센터(국도),127.14086,35.3373
6752,E900241,[국도27호선]영창교,국가교통정보센터(국도),126.889004,35.978065
6753,E901996,[국도27호선]완주교통교차로,국가교통정보센터(국도),127.1164,35.68957
6754,E901997,[국도27호선]완주대덕교차로,국가교통정보센터(국도),127.10614,35.66612
6755,E901998,[국도27호선]완주모악터널출구,국가교통정보센터(국도),127.1161,35.74244
6756,E901999,[국도27호선]완주백여2교,국가교통정보센터(국도),127.10685,35.65184
6757,E902000,[국도27호선]완주중해전교차로,국가교통정보센터(국도),127.03632,35.90337
6758,E902001,[국도27호선]완주항가교차로,국가교통정보센터(국도),127.11905,35.70843
6759,E902002,[국도27호선]익산덕실교차로,국가교통정보센터(국도),126.99852,35.90534
6760,E902003,[국도27호선]익산신평교차로,국가교통정보센터(국도),126.98677,35.911816
6761,E902004,[국도27호선]익산영만교차로,국가교통정보센터(국도),126.898529,35.96969
6762,E902005,[국도27호선]익산장신교차로,국가교통정보센터(국도),126.91634,35.95395
6763,E902006,[국도27호선]임실두무터널입구,국가교통정보센터(국도),127.15045,35.50039
6764,E902007,[국도27호선]임실운종교차로,국가교통정보센터(국도),127.11745,35.61225
6765,E902008,[국도27호선]임실학석교차로,국가교통정보센터(국도),127.14373,35.55134
6766,E900242,[국도27호선]춘포철도육교,국가교통정보센터(국도),127.019329,35.904922
6767,E902009,[국도28]경주가온누리캠핑체험장인접,국가교통정보센터(국도),129.132778,35.98
6768,E902010,[국도28]경주두류공단입구,국가교통정보센터(국도),129.161436,35.988639
6769,E902011,[국도28]경주안강IC,국가교통정보센터(국도),129.228436,35.998511
6770,E902012,[국도28]경주안강교차로,국가교통정보센터(국도),129.2347,35.99271
6771,E902013,[국도28]경주안강대교인접,국가교통정보센터(국도),129.11947,35.98753
6772,E902014,[국도28]경주위덕대학교앞삼거리,국가교통정보센터(국도),129.284657,36.016126
6773,E902015,[국도28]경주유금IC,국가교통정보센터(국도),129.282161,35.993201
6774,E902016,[국도28]경주유금철도교,국가교통정보센터(국도),129.284609,36.006243
6775,E902017,[국도28]경주인동삼거리,국가교통정보센터(국도),129.255853,35.988625
6776,E902018,[국도28]경주하곡교,국가교통정보센터(국도),129.1448694,35.98092909
6777,E902019,[국도28]영주갈산교,국가교통정보센터(국도),128.55774,36.767216
6778,E902020,[국도28]영주문정교,국가교통정보센터(국도),128.587662,36.78894
6779,E902021,[국도28]영주장수교,국가교통정보센터(국도),128.5749,36.777046
6780,E902022,[국도28]영천가수1교,국가교통정보센터(국도),129.080767,36.000805
6781,E902023,[국도28]영천고경초등학교,국가교통정보센터(국도),129.07025,36.00327
6782,E902024,[국도28]영천고나곡지부근,국가교통정보센터(국도),128.9969041,36.0168645
6783,E902025,[국도28]영천대전교차로,국가교통정보센터(국도),128.9096,35.9803
6784,E902033,[국도28]영천별빛중학교,국가교통정보센터(국도),129.0414037,36.00341853
6785,E902026,[국도28]영천영천터널동측,국가교통정보센터(국도),129.027017,36.013733
6786,E902027,[국도28]영천영천터널서측,국가교통정보센터(국도),129.008682,36.016275
6787,E902028,[국도28]영천임고교차로,국가교통정보센터(국도),128.97015,36.00427
6788,E902029,[국도28]영천임고천교,국가교통정보센터(국도),128.980756,36.00774
6789,E902030,[국도28]영천청정1리마을입구,국가교통정보센터(국도),129.0954424,35.98668916
6790,E902031,[국도28]영천청정교차로동측,국가교통정보센터(국도),129.108611,35.984444
6791,E902032,[국도28]영천호국원후문,국가교통정보센터(국도),129.08668,35.99486
6792,E902034,[국도28]예천갈구교차로,국가교통정보센터(국도),128.48895,36.691666
6793,E902035,[국도28]예천감천교차로,국가교통정보센터(국도),128.5297,36.72648
6794,E902036,[국도28]예천감천초등학교부근,국가교통정보센터(국도),128.529341,36.719253
6795,E902037,[국도28]예천남산1교,국가교통정보센터(국도),128.552508,36.759071
6796,E902038,[국도28]예천대맥교,국가교통정보센터(국도),128.5393,36.737898
6797,E902039,[국도28]예천동예천교차로,국가교통정보센터(국도),128.471944,36.639722
6798,E902040,[국도28]예천서정자교,국가교통정보센터(국도),128.43625,36.639164
6799,E902041,[국도28]예천왕신교차로,국가교통정보센터(국도),128.45412,36.639183
6800,E900243,[국도28]예천우계교,국가교통정보센터(국도),128.473941,36.674415
6801,E902042,[국도28]예천지내육교,국가교통정보센터(국도),128.425308,36.641951
6802,E902043,[국도28]예천통명IC교,국가교통정보센터(국도),128.47432,36.664178
6803,E902044,[국도28]예천포리교차로,국가교통정보센터(국도),128.51765,36.713367
6804,E902045,[국도28]의성가원교차로,국가교통정보센터(국도),128.37763,36.436318
6805,E902046,[국도28]의성교락교,국가교통정보센터(국도),128.380027,36.430248
6806,E902047,[국도28]의성교촌교차로,국가교통정보센터(국도),128.464632,36.369616
6807,E902048,[국도28]의성덕미교차로,국가교통정보센터(국도),128.340846,36.484887
6808,E902049,[국도28]의성덕지교,국가교통정보센터(국도),128.339328,36.463476
6809,E902050,[국도28]의성도암교차로,국가교통정보센터(국도),128.35861,36.453846
6810,E902051,[국도28]의성반정버스정류장,국가교통정보센터(국도),128.349942,36.501469
6811,E902052,[국도28]의성삼분교차로,국가교통정보센터(국도),128.403815,36.413751
6812,E902053,[국도28]의성서부교,국가교통정보센터(국도),128.49475,36.330351
6813,E902054,[국도28]의성송호졸음쉼터,국가교통정보센터(국도),128.368543,36.451286
6814,E902055,[국도28]의성시안교,국가교통정보센터(국도),128.340866,36.484917
6815,E902056,[국도28]의성쌍계리,국가교통정보센터(국도),128.541803,36.310624
6816,E902057,[국도28]의성용기교차로,국가교통정보센터(국도),128.441929,36.396986
6817,E902058,[국도28]의성용남교차로,국가교통정보센터(국도),128.46683,36.352127
6818,E902059,[국도28]의성위양리,국가교통정보센터(국도),128.458923,36.375047
6819,E902060,[국도28]의성장춘2리,국가교통정보센터(국도),128.518759,36.322813
6820,E902061,[국도28]의성토매리,국가교통정보센터(국도),128.450543,36.385791
6821,E902062,[국도28]의성토매천교,국가교통정보센터(국도),128.43848,36.398246
6822,E902063,[국도28]포항대련교차로,국가교통정보센터(국도),129.30915,36.0357
6823,E902064,[국도28]포항동해안휴게소근처,국가교통정보센터(국도),129.318957,36.05615
6824,E902065,[국도28]포항성곡IC,국가교통정보센터(국도),129.340909,36.087118
6825,E902071,[국도28]포항축산물종합처리장동측,국가교통정보센터(국도),129.328672,36.0708
6826,E902066,[국도28]포항칠전교(칠전교차로),국가교통정보센터(국도),129.303809,36.028552
6827,E902067,[국도28]포항포항테크노파크,국가교통정보센터(국도),129.322681,36.063165
6828,E902068,[국도28]포항학림교부근,국가교통정보센터(국도),129.33559,36.082836
6829,E902069,[국도28]포항학전1교(대련Ic남측),국가교통정보센터(국도),129.313769,36.043277
6830,E902070,[국도28]포항학전2교(대련Ic북측),국가교통정보센터(국도),129.316254,36.047291
6831,E902072,[국도28호선]영천곡골교,국가교통정보센터(국도),128.75,36.100555
6832,E902073,[국도28호선]예천신라식물원부근,국가교통정보센터(국도),128.54532,36.74782
6833,E902074,[국도28호선]의성삼광덕교차로,국가교통정보센터(국도),128.338744,36.476224
6834,E902075,[국도28호선]의성쌍용휴게소,국가교통정보센터(국도),128.47623,36.34288
6835,E902106,[국도29]부여-청양군경계,국가교통정보센터(국도),126.78656,36.353043
6836,E902076,[국도29]부여가중2교,국가교통정보센터(국도),126.8535442,36.2984994
6837,E902077,[국도29]부여군사리,국가교통정보센터(국도),126.8885,36.1903
6838,E902078,[국도29]부여군사삼거리,국가교통정보센터(국도),126.8898,36.2016
6839,E902079,[국도29]부여나령고개,국가교통정보센터(국도),126.785286,36.341671
6840,E902080,[국도29]부여나령교,국가교통정보센터(국도),126.7895735,36.3369456
6841,E902081,[국도29]부여나령리,국가교통정보센터(국도),126.785066,36.346129
6842,E902082,[국도29]부여나령리(1/2),국가교통정보센터(국도),126.794673,36.3314611
6843,E902083,[국도29]부여나령리(2/2),국가교통정보센터(국도),126.7934255,36.3337672
6844,E902084,[국도29]부여두루마리고개(1/2),국가교통정보센터(국도),126.8133157,36.3279154
6845,E902085,[국도29]부여두루마리고개(2/2),국가교통정보센터(국도),126.8079479,36.3256678
6846,E902086,[국도29]부여라복교차로,국가교통정보센터(국도),126.86058,36.28119
6847,E902087,[국도29]부여벽룡교,국가교통정보센터(국도),126.83695,36.119031
6848,E902088,[국도29]부여벽용리,국가교통정보센터(국도),126.8508743,36.1234081
6849,E902089,[국도29]부여봉황교,국가교통정보센터(국도),126.8941572,36.1678602
6850,E902090,[국도29]부여비정리,국가교통정보센터(국도),126.9001381,36.1564697
6851,E902091,[국도29]부여송정마을,국가교통정보센터(국도),126.8908644,36.1491054
6852,E902092,[국도29]부여아빠학교엄마교실박물관,국가교통정보센터(국도),126.8191076,36.3277898
6853,E902093,[국도29]부여양화초등학교,국가교통정보센터(국도),126.8574129,36.1275824
6854,E902094,[국도29]부여오번리입구,국가교통정보센터(국도),126.8236881,36.3266808
6855,E902095,[국도29]부여은산교차로,국가교통정보센터(국도),126.843216,36.306675
6856,E902096,[국도29]부여은산패션전문농공단지,국가교통정보센터(국도),126.8419433,36.3111416
6857,E902097,[국도29]부여입포삼거리,국가교통정보센터(국도),126.8715803,36.1374204
6858,E902098,[국도29]부여장암교차로,국가교통정보센터(국도),126.88308,36.24298
6859,E902099,[국도29]부여점리,국가교통정보센터(국도),126.8783,36.2205
6860,E902100,[국도29]부여탑산3리,국가교통정보센터(국도),126.8798006,36.146985
6861,E902101,[국도29]부여합곡리,국가교통정보센터(국도),126.8786,36.2235
6862,E902102,[국도29]부여합곡삼거리,국가교통정보센터(국도),126.8698,36.2302
6863,E902103,[국도29]부여홍산교,국가교통정보센터(국도),126.8361,36.32418
6864,E902104,[국도29]부여홍산교차로(은산면),국가교통정보센터(국도),126.8412613,36.3198017
6865,E902105,[국도29]부여홍산리,국가교통정보센터(국도),126.8294924,36.3225441
6866,E902107,[국도29]서산대로1리교차로,국가교통정보센터(국도),126.422113,36.955177
6867,E902108,[국도29]서산대산버스터미널,국가교통정보센터(국도),126.43242,36.938627
6868,E902109,[국도29]서산독곶1교차로,국가교통정보센터(국도),126.37712,36.98837
6869,E902110,[국도29]서산명지교차로,국가교통정보센터(국도),126.412895,36.96645
6870,E902111,[국도29]서산무안교,국가교통정보센터(국도),126.440287,36.842263
6871,E902112,[국도29]서산수석동(사각),국가교통정보센터(국도),126.48889,36.759064
6872,E902113,[국도29]서산신장삼거리,국가교통정보센터(국도),126.5020286,36.75164197
6873,E902114,[국도29]서산유계교,국가교통정보센터(국도),126.5094687,36.74626325
6874,E902115,[국도29]서산일람삼거리,국가교통정보센터(국도),126.4407276,36.823292
6875,E902116,[국도29]서산정자교차로,국가교통정보센터(국도),126.52477,36.657
6876,E902117,[국도29]서산지곡IC교,국가교통정보센터(국도),126.436498,36.871237
6877,E902118,[국도29]서산화곡리,국가교통정보센터(국도),126.414889,36.97873
6878,E902119,[국도29]서산화천2교,국가교통정보센터(국도),126.4344,36.860217
6879,E902120,[국도29]서산환성2리교차로,국가교통정보센터(국도),126.442212,36.911377
6880,E902121,[국도29]서산휴암교차로,국가교통정보센터(국도),126.5404837,36.69393532
6881,E902122,[국도29]서천광암삼거리,국가교통정보센터(국도),126.7907302,36.0763224
6882,E902123,[국도29]서천단상리,국가교통정보센터(국도),126.8212604,36.0925536
6883,E902124,[국도29]서천대하교,국가교통정보센터(국도),126.7870522,36.0662177
6884,E902125,[국도29]서천동서천IC교차로,국가교통정보센터(국도),126.7875323,36.0454647
6885,E902126,[국도29]서천땅고개,국가교통정보센터(국도),126.82375,36.096403
6886,E902127,[국도29]서천망월1교,국가교통정보센터(국도),126.747393,36.0284642
6887,E902128,[국도29]서천망월리,국가교통정보센터(국도),126.7591857,36.0327886
6888,E902129,[국도29]서천물러고개,국가교통정보센터(국도),126.7873211,36.0620734
6889,E902130,[국도29]서천송곡리입구,국가교통정보센터(국도),126.8332737,36.1063392
6890,E902131,[국도29]서천여사리,국가교통정보센터(국도),126.8336807,36.1099933
6891,E902132,[국도29]서천옥포사거리,국가교통정보센터(국도),126.7802632,36.0379949
6892,E902133,[국도29]서천지현삼거리,국가교통정보센터(국도),126.8068724,36.0841236
6893,E902134,[국도29]서천추동리(1/2),국가교통정보센터(국도),126.7865,36.05138
6894,E902135,[국도29]서천추동리(2/2),국가교통정보센터(국도),126.78291,36.05709
6895,E902136,[국도29]서천충남교육청유아교육원입구,국가교통정보센터(국도),126.8332634,36.10638047
6896,E902137,[국도29]서천하구둑사거리,국가교통정보센터(국도),126.7389582,36.0201347
6897,E902138,[국도29]서천한산모시관,국가교통정보센터(국도),126.7980214,36.0783821
6898,E902139,[국도29]예산가덕교차로,국가교통정보센터(국도),126.779015,36.533237
6899,E902140,[국도29]예산광시교차로,국가교통정보센터(국도),126.770633,36.537362
6900,E902141,[국도29]예산노전2교차로,국가교통정보센터(국도),126.750792,36.539105
6901,E902142,[국도29]예산노전교차로,국가교통정보센터(국도),126.762115,36.540157
6902,E902143,[국도29]청양관산교차로,국가교통정보센터(국도),126.795793,36.52248
6903,E902144,[국도29]청양나발티고개,국가교통정보센터(국도),126.7889723,36.3562796
6904,E902145,[국도29]청양농공단지교차로,국가교통정보센터(국도),126.792194,36.455569
6905,E902146,[국도29]청양마리들,국가교통정보센터(국도),126.802822,36.412532
6906,E902147,[국도29]청양부엉골,국가교통정보센터(국도),126.804776,36.404889
6907,E902148,[국도29]청양사양티고개,국가교통정보센터(국도),126.811016,36.391413
6908,E902149,[국도29]청양사점교차로,국가교통정보센터(국도),126.792671,36.508234
6909,E902150,[국도29]청양송방교차로,국가교통정보센터(국도),126.78823,36.44641
6910,E902151,[국도29]청양쇠죽골,국가교통정보센터(국도),126.8086634,36.3985703
6911,E902152,[국도29]청양신원삼거리,국가교통정보센터(국도),126.791405,36.483345
6912,E902153,[국도29]청양온직리(1/4),국가교통정보센터(국도),126.7937644,36.3647227
6913,E902154,[국도29]청양온직리(2/4),국가교통정보센터(국도),126.796053,36.3721464
6914,E902155,[국도29]청양온직리(3/4),국가교통정보센터(국도),126.7986011,36.3786424
6915,E902156,[국도29]청양온직리(4/4),국가교통정보센터(국도),126.806353,36.386857
6916,E902157,[국도29]청양장승거리들,국가교통정보센터(국도),126.796697,36.419669
6917,E902158,[국도29]청양장재교,국가교통정보센터(국도),126.78894,36.53305
6918,E902159,[국도29]청양저티교차로,국가교통정보센터(국도),126.79008,36.4976
6919,E902160,[국도29]청양충남도립대학교입구,국가교통정보센터(국도),126.794488,36.435798
6920,E902161,[국도29]청양학당2교차로,국가교통정보센터(국도),126.798896,36.46759
6921,E902162,[국도29]홍성공리교,국가교통정보센터(국도),126.59175,36.58987
6922,E902163,[국도29]홍성구룡교차로,국가교통정보센터(국도),126.69305,36.583153
6923,E902164,[국도29]홍성금당2교,국가교통정보센터(국도),126.719659,36.565546
6924,E902165,[국도29]홍성금당교차로,국가교통정보센터(국도),126.729416,36.557377
6925,E902166,[국도29]홍성남산교,국가교통정보센터(국도),126.60006,36.58664
6926,E902167,[국도29]홍성대영교차로,국가교통정보센터(국도),126.733675,36.544401
6927,E902168,[국도29]홍성마온터널예산방향입구,국가교통정보센터(국도),126.64225,36.57647
6928,E902169,[국도29]홍성마온터널홍성IC방향입구,국가교통정보센터(국도),126.6484104,36.57477475
6929,E902170,[국도29]홍성마온터널홍성IC방향출구,국가교통정보센터(국도),126.6419714,36.57695609
6930,E902171,[국도29]홍성삼거리교차로,국가교통정보센터(국도),126.53414,36.63613
6931,E902172,[국도29]홍성상촌교차로,국가교통정보센터(국도),126.54858,36.60193
6932,E902173,[국도29]홍성신기교,국가교통정보센터(국도),126.71592,36.57086
6933,E902174,[국도29]홍성신기교차로,국가교통정보센터(국도),126.711136,36.576485
6934,E902175,[국도29]홍성신송교차로,국가교통정보센터(국도),126.53552,36.645
6935,E902176,[국도29]홍성쌍천교,국가교통정보센터(국도),126.577451,36.59987973
6936,E902177,[국도29]홍성암소고개교차로,국가교통정보센터(국도),126.70153,36.581669
6937,E902178,[국도29]홍성원두막휴게소,국가교통정보센터(국도),126.5866795,36.59374088
6938,E902179,[국도29]홍성월계교차로,국가교통정보센터(국도),126.73758,36.538864
6939,E902180,[국도29]홍성입암교,국가교통정보센터(국도),126.685407,36.589301
6940,E902181,[국도29]홍성취생교차로,국가교통정보센터(국도),126.54366,36.63431
6941,E902182,[국도29]홍성황곡교차로,국가교통정보센터(국도),126.62484,36.58423
6942,E902183,[국도29호선]군산상리교차로,국가교통정보센터(국도),126.82869,35.917458
6943,E902184,[국도29호선]기곡교차로인근,국가교통정보센터(국도),126.976618,35.27599411
6944,E902185,[국도29호선]김제내죽교차로,국가교통정보센터(국도),126.84553,35.85976
6945,E902186,[국도29호선]김제대동2육교,국가교통정보센터(국도),126.84923,35.84651
6946,E902187,[국도29호선]김제장산리,국가교통정보센터(국도),126.8323,35.88345
6947,E902188,[국도29호선]김제후석교차로,국가교통정보센터(국도),126.85774,35.82649
6948,E902190,[국도29호선]담양공고교차로,국가교통정보센터(국도),126.9798063,35.29977807
6949,E902189,[국도29호선]담양보촌리,국가교통정보센터(국도),126.95571,35.222366
6950,E902191,[국도29호선]보성미력리,국가교통정보센터(국도),127.0899191,34.82744509
6951,E902192,[국도29호선]보성신기교차로,국가교통정보센터(국도),127.06823,34.833767
6952,E902193,[국도29호선]보성초당3교,국가교통정보센터(국도),127.10959,34.77925
6953,E902194,[국도29호선]보성초당교차로,국가교통정보센터(국도),127.11167,34.77137
6954,E902195,[국도29호선]보성춘정교차로,국가교통정보센터(국도),127.10045,34.81095
6955,E902196,[국도29호선]부안평교교차로,국가교통정보센터(국도),126.79524,35.69556
6956,E900244,[국도29호선]서산고북교차로,국가교통정보센터(국도),126.523707,36.665353
6957,E900245,[국도29호선]서산기포교차로,국가교통정보센터(국도),126.53285,36.67939
6958,E902197,[국도29호선]서산대요교차로,국가교통정보센터(국도),126.440249,36.894448
6959,E902198,[국도29호선]서산대요삼거리,국가교통정보센터(국도),126.43947,36.88671
6960,E902199,[국도29호선]서산대죽교차로,국가교통정보센터(국도),126.41139,36.992535
6961,E902200,[국도29호선]서산삼호아파트앞,국가교통정보센터(국도),126.42777,36.947063
6962,E900246,[국도29호선]서산석림사거리,국가교통정보센터(국도),126.46391,36.77537
6963,E902201,[국도29호선]서산영탑1리교차로,국가교통정보센터(국도),126.441444,36.92362
6964,E900247,[국도29호선]서산옥거리교차로,국가교통정보센터(국도),126.532229,36.722628
6965,E902202,[국도29호선]서산일람교차로,국가교통정보센터(국도),126.44084,36.80482
6966,E900248,[국도29호선]서산정자삼거리,국가교통정보센터(국도),126.53104,36.65086
6967,E902203,[국도29호선]서산중왕교차로,국가교통정보센터(국도),126.43328,36.865593
6968,E900249,[국도29호선]서산해미교차로,국가교통정보센터(국도),126.54518,36.70661
6969,E902204,[국도29호선]서산현대트랜시스입구,국가교통정보센터(국도),126.4384,36.849777
6970,E902205,[국도29호선]서산황금산1교차로,국가교통정보센터(국도),126.33996,36.985714
6971,E902206,[국도29호선]서산황금산2교차로,국가교통정보센터(국도),126.35564,36.987507
6972,E900250,[국도29호선]쌍봉교차로,국가교통정보센터(국도),127.028173,34.864941
6973,E902207,[국도29호선]영암연소리1,국가교통정보센터(국도),126.7918033,34.81428835
6974,E902208,[국도29호선]영암연소리2,국가교통정보센터(국도),126.7887639,34.82536367
6975,E902209,[국도29호선]유산교차로,국가교통정보센터(국도),126.9554196,35.25228524
6976,E902210,[국도29호선]정읍고부교차로,국가교통정보센터(국도),126.76034,35.61625
6977,E902211,[국도29호선]정읍성지교차로,국가교통정보센터(국도),126.769165,35.632214
6978,E902212,[국도29호선]정읍연수교차로,국가교통정보센터(국도),126.79302,35.59443
6979,E902213,[국도29호선]정읍청량마을입구,국가교통정보센터(국도),126.78659,35.66811
6980,E902214,[국도29호선]정읍향토현입구,국가교통정보센터(국도),126.77893,35.60581
6981,E902215,[국도29호선]중파사거리,국가교통정보센터(국도),126.9894904,35.33315829
6982,E900251,[국도29호선]홍성구항교차로,국가교통정보센터(국도),126.61469,36.58624
6983,E900252,[국도29호선]홍성대사리,국가교통정보센터(국도),126.54459,36.62694
6984,E900253,[국도29호선]홍성부기사거리,국가교통정보센터(국도),126.54461,36.60997
6985,E900254,[국도29호선]홍성옥암교차로,국가교통정보센터(국도),126.635775,36.58316
6986,E902216,[국도29호선]화순백암2교,국가교통정보센터(국도),126.95724,35.032974
6987,E902217,[국도29호선]화순송정교차로,국가교통정보센터(국도),127.00225,34.87123
6988,E900255,[국도29호선]화순신너릿재터널,국가교통정보센터(국도),126.970312,35.076819
6989,E902218,[국도29호선]화순신너릿재터널입구1,국가교통정보센터(국도),126.9654706,35.0814401
6990,E902219,[국도29호선]화순신너릿재터널입구2,국가교통정보센터(국도),126.9670446,35.08008623
6991,E902220,[국도29호선]화순신너릿재터널입구3,국가교통정보센터(국도),126.9684268,35.07864665
6992,E902221,[국도29호선]화순신너릿재터널입구4,국가교통정보센터(국도),126.9697815,35.0772386
6993,E902223,[국도29호선]화순오류리,국가교통정보센터(국도),126.9975136,34.90123339
6994,E902222,[국도29호선]화순오류리인근,국가교통정보센터(국도),126.994482,34.895693
6995,E902224,[국도29호선]화순이양교차로,국가교통정보센터(국도),126.98896,34.910915
6996,E902225,[국도29호선]화순이양터널인근,국가교통정보센터(국도),126.997535,34.881716
6997,E902226,[국도29호선]화순지석천2교,국가교통정보센터(국도),126.948944,35.011223
6998,E902227,[국도29호선]화순춘양교차로,국가교통정보센터(국도),126.96143,34.960842
6999,E902228,[국도2]사천와인갤러리앞,국가교통정보센터(국도),127.985575,35.138544
7000,E902229,[국도2]사천원전교차로,국가교통정보센터(국도),127.937384,35.11206
7001,E902230,[국도2]사천초량터널서측,국가교통정보센터(국도),127.916632,35.108538
7002,E902231,[국도2]진주길성교차로서측,국가교통정보센터(국도),128.320043,35.152107
7003,E902232,[국도2]진주무촌교,국가교통정보센터(국도),128.267218,35.183943
7004,E902233,[국도2]진주법윤소류지,국가교통정보센터(국도),128.21205,35.169297
7005,E902234,[국도2]진주사봉고가교,국가교통정보센터(국도),128.27335,35.17459
7006,E902235,[국도2]진주삼계교,국가교통정보센터(국도),128.031682,35.150781
7007,E902236,[국도2]진주삼곡2교,국가교통정보센터(국도),128.173922,35.167605
7008,E902238,[국도2]진주수목원교차로,국가교통정보센터(국도),128.287,35.165344
7009,E902237,[국도2]진주수목원교차로,국가교통정보센터(국도),128.304948,35.158608
7010,E902239,[국도2]진주정동교차로,국가교통정보센터(국도),128.019668,35.134071
7011,E902240,[국도2]진주진성초등학교,국가교통정보센터(국도),128.220735,35.171384
7012,E902241,[국도2]진주진주중장비학원,국가교통정보센터(국도),128.200255,35.170288
7013,E902242,[국도2]진주천곡2교,국가교통정보센터(국도),128.2363,35.192238
7014,E902243,[국도2]진주택동교,국가교통정보센터(국도),128.220272,35.17869
7015,E902244,[국도2]창원동산교차로,국가교통정보센터(국도),128.396,35.113968
7016,E902245,[국도2]창원봉곡2교,국가교통정보센터(국도),128.41568,35.106766
7017,E902246,[국도2]창원봉암육교,국가교통정보센터(국도),128.362422,35.133436
7018,E902247,[국도2]창원세월2교,국가교통정보센터(국도),128.404125,35.10932
7019,E902248,[국도2]창원임곡교차로,국가교통정보센터(국도),128.428558,35.103698
7020,E902249,[국도2]창원장복2터널동측,국가교통정보센터(국도),128.682381,35.165555
7021,E902250,[국도2]창원진동교차로,국가교통정보센터(국도),128.485754467,35.1266310116
7022,E902251,[국도2]창원진북교차로,국가교통정보센터(국도),128.472859,35.124691
7023,E902252,[국도2]창원태봉교차로동측,국가교통정보센터(국도),128.518336,35.153336
7024,E902253,[국도2]창원태봉요양병원,국가교통정보센터(국도),128.509223,35.144573
7025,E902254,[국도2]하동고절터널남측,국가교통정보센터(국도),127.786909,35.05846
7026,E902255,[국도2]하동방화교,국가교통정보센터(국도),127.850922,35.112497
7027,E902256,[국도2]하동적량교북단,국가교통정보센터(국도),127.793123,35.075737
7028,E902257,[국도2]하동직전터널동측,국가교통정보센터(국도),127.873631,35.111827
7029,E902258,[국도2]하동황치산터널서측,국가교통정보센터(국도),127.826643,35.108906
7030,E902259,[국도2]하동횡천교차로,국가교통정보센터(국도),127.810488,35.10021
7031,E902260,[국도2호선]강진강진교차로,국가교통정보센터(국도),126.72115,34.67984
7032,E902261,[국도2호선]강진군동교차로,국가교통정보센터(국도),126.8132,34.63979
7033,E902262,[국도2호선]강진금당교차로,국가교통정보센터(국도),126.72739,34.65576
7034,E902263,[국도2호선]강진목리교차로,국가교통정보센터(국도),126.78512,34.62713
7035,E902264,[국도2호선]강진방재삼거리,국가교통정보센터(국도),126.6789,34.6976
7036,E902265,[국도2호선]강진사송정교차로,국가교통정보센터(국도),126.84199,34.64159
7037,E902266,[국도2호선]강진월산교차로,국가교통정보센터(국도),126.69929,34.69875
7038,E902267,[국도2호선]강진탐진교,국가교통정보센터(국도),126.80243,34.63748
7039,E902268,[국도2호선]강진평동교차로,국가교통정보센터(국도),126.76124,34.63069
7040,E902269,[국도2호선]강진평장교,국가교통정보센터(국도),126.86799,34.6462
7041,E902270,[국도2호선]강진화전교차로,국가교통정보센터(국도),126.74119,34.64687
7042,E902271,[국도2호선]광양성황동2,국가교통정보센터(국도),127.674268,34.949361
7043,E900256,[국도2호선]금치삼거리,국가교통정보센터(국도),127.394218,34.843679
7044,E902272,[국도2호선]마룡교차로,국가교통정보센터(국도),127.744034,34.989297
7045,E900257,[국도2호선]목포목포IC,국가교통정보센터(국도),126.4252,34.8407
7046,E900258,[국도2호선]무안삼향,국가교통정보센터(국도),126.449,34.841
7047,E902273,[국도2호선]보성군두사거리,국가교통정보센터(국도),127.15568,34.77586
7048,E902274,[국도2호선]보성대야교차로,국가교통정보센터(국도),127.03188,34.74994
7049,E902275,[국도2호선]보성벌교IC교차로,국가교통정보센터(국도),127.30319,34.83946
7050,E902276,[국도2호선]보성벌교교차로,국가교통정보센터(국도),127.32135,34.83812
7051,E902277,[국도2호선]보성벌교대교,국가교통정보센터(국도),127.35624,34.84047
7052,E902278,[국도2호선]보성삼정리,국가교통정보센터(국도),127.127732,34.775096
7053,E902279,[국도2호선]보성신기교차로,국가교통정보센터(국도),127.23397,34.79888
7054,E902280,[국도2호선]보성신월리,국가교통정보센터(국도),127.263292,34.82598779
7055,E902281,[국도2호선]보성신월삼거리,국가교통정보센터(국도),127.25832,34.81445
7056,E902282,[국도2호선]보성신전마을입구,국가교통정보센터(국도),127.136374,34.778546
7057,E902283,[국도2호선]보성신촌삼거리,국가교통정보센터(국도),127.20562,34.78282
7058,E902284,[국도2호선]보성예당사거리,국가교통정보센터(국도),127.1861,34.77858
7059,E902285,[국도2호선]보성장수교차로,국가교통정보센터(국도),127.0867961,34.74715609
7060,E902286,[국도2호선]보성장좌교차로,국가교통정보센터(국도),127.34442,34.83551
7061,E902287,[국도2호선]보성초당교차로,국가교통정보센터(국도),127.111,34.77177
7062,E902288,[국도2호선]사계절삼거리,국가교통정보센터(국도),127.42394,34.841213
7063,E902289,[국도2호선]사천오랑교차로,국가교통정보센터(국도),127.94979,35.114728
7064,E902290,[국도2호선]상림사거리,국가교통정보센터(국도),127.460014,34.881794
7065,E902291,[국도2호선]서영암IC,국가교통정보센터(국도),126.52691,34.76204
7066,E900259,[국도2호선]세풍교차로,국가교통정보센터(국도),127.595655,34.939887
7067,E902292,[국도2호선]순천금치리,국가교통정보센터(국도),127.38561,34.84388
7068,E902293,[국도2호선]순천동막2교,국가교통정보센터(국도),127.412304,34.837923
7069,E902294,[국도2호선]순천신석사거리,국가교통정보센터(국도),127.44125,34.863024
7070,E902295,[국도2호선]영암광암삼거리,국가교통정보센터(국도),126.61508,34.71046
7071,E902296,[국도2호선]영암매자사거리,국가교통정보센터(국도),126.51015,34.73578
7072,E900260,[국도2호선]영암무영대교,국가교통정보센터(국도),126.521659,34.780083
7073,E902297,[국도2호선]영암묵동리,국가교통정보센터(국도),126.65939,34.70128
7074,E902298,[국도2호선]영암백야교차로,국가교통정보센터(국도),126.51574,34.74702
7075,E902299,[국도2호선]영암사동삼거리,국가교통정보센터(국도),126.55082,34.72785
7076,E902300,[국도2호선]영암서창저수지,국가교통정보센터(국도),126.52864,34.73386
7077,E902301,[국도2호선]영암율치제,국가교통정보센터(국도),126.63248,34.6993
7078,E900261,[국도2호선]영암청호교차로,국가교통정보센터(국도),126.512945,34.800318
7079,E902302,[국도2호선]영암학산교차로,국가교통정보센터(국도),126.57731,34.71973
7080,E900262,[국도2호선]옥전교,국가교통정보센터(국도),127.2757625,34.8386363
7081,E902303,[국도2호선]장흥배산진입로,국가교통정보센터(국도),127.00624,34.74998
7082,E902304,[국도2호선]장흥부산진입로,국가교통정보센터(국도),126.92373,34.70906
7083,E902305,[국도2호선]장흥용곡진입로,국가교통정보센터(국도),126.95524,34.72887
7084,E902306,[국도2호선]장흥장동교차로,국가교통정보센터(국도),126.99377,34.74355
7085,E902307,[국도2호선]장흥제암터널,국가교통정보센터(국도),126.97829,34.73447
7086,E902308,[국도2호선]장흥평화교,국가교통정보센터(국도),126.90496,34.66511
7087,E902309,[국도2호선]장흥항양교차로,국가교통정보센터(국도),126.92712,34.67895
7088,E902310,[국도2호선]진주길성교차로동측,국가교통정보센터(국도),128.331194,35.145425
7089,E902311,[국도2호선]진주모산교차로,국가교통정보센터(국도),128.061997,35.154014
7090,E902312,[국도2호선]진주무촌고가교,국가교통정보센터(국도),128.251145,35.190507
7091,E902313,[국도2호선]진주상문교차로서측,국가교통정보센터(국도),128.19089,35.168373
7092,E902314,[국도2호선]창원진목교차로,국가교통정보센터(국도),128.448326811,35.1093720828
7093,E902315,[국도2호선]하동북천터널동측,국가교통정보센터(국도),127.886432,35.115409
7094,E902316,[국도2호선]하동직전터널서측,국가교통정보센터(국도),127.865789,35.109764
7095,E902317,[국도2호선]하동학리1터널남측,국가교통정보센터(국도),127.798783,35.086777
7096,E902318,[국도30]김천관터교,국가교통정보센터(국도),127.958396,35.916796
7097,E902319,[국도30]김천귀음듬골,국가교통정보센터(국도),128.047155,35.899016
7098,E902320,[국도30]김천김천덕산재근린공원근처2,국가교통정보센터(국도),127.905556,35.935
7099,E902321,[국도30]김천대가천,국가교통정보센터(국도),128.054347,35.902023
7100,E902322,[국도30]김천대덕삼거리,국가교통정보센터(국도),127.971106,35.919501
7101,E902323,[국도30]김천덕산1리동측,국가교통정보센터(국도),127.91099,35.9311
7102,E902324,[국도30]김천덕산장로교회,국가교통정보센터(국도),127.915699,35.928165
7103,E902325,[국도30]김천소도골인근,국가교통정보센터(국도),128.0089,35.9
7104,E902326,[국도30]김천연화2리마을회관,국가교통정보센터(국도),127.932192,35.92581
7105,E902327,[국도30]김천연화교,국가교통정보센터(국도),127.942203,35.923201
7106,E902328,[국도30]김천옥동교,국가교통정보센터(국도),128.037655,35.899972
7107,E902329,[국도30]김천이승골,국가교통정보센터(국도),128.013844,35.898238
7108,E902330,[국도30]김천중리교,국가교통정보센터(국도),128.087956,35.921023
7109,E902331,[국도30]김천증산수도계곡캠핑장,국가교통정보센터(국도),128.021805,35.899977
7110,E902332,[국도30]김천추량2리경로당,국가교통정보센터(국도),127.984016,35.910305
7111,E902333,[국도30]김천추량교인접,국가교통정보센터(국도),127.986944,35.901667
7112,E902334,[국도30]김천추포제,국가교통정보센터(국도),127.979365,35.916751
7113,E902335,[국도30]달성덕수기억학교,국가교통정보센터(국도),128.445376,35.850066
7114,E902336,[국도30]달성동곡교,국가교통정보센터(국도),128.40425,35.878676
7115,E902337,[국도30]달성동곡사거리,국가교통정보센터(국도),128.417971,35.877524
7116,E902338,[국도30]달성동곡초등학교,국가교통정보센터(국도),128.423913,35.867356
7117,E902339,[국도30]달성문양역,국가교통정보센터(국도),128.434074,35.860015
7118,E902340,[국도30]달성성주대교,국가교통정보센터(국도),128.397566,35.879038
7119,E902341,[국도30]성주가암1교,국가교통정보센터(국도),128.245861,35.937908
7120,E902342,[국도30]성주가암1리마을회관,국가교통정보센터(국도),128.240306,35.941762
7121,E902343,[국도30]성주가인2교,국가교통정보센터(국도),128.068193,35.907802
7122,E902344,[국도30]성주고름장골,국가교통정보센터(국도),128.186402,35.926484
7123,E902345,[국도30]성주고름재,국가교통정보센터(국도),128.180699,35.922771
7124,E902346,[국도30]성주광산삼거리,국가교통정보센터(국도),128.17823,35.918033
7125,E902347,[국도30]성주구강재,국가교통정보센터(국도),128.129784,35.92111
7126,E902348,[국도30]성주금수문화예술마을서측,국가교통정보센터(국도),128.173879,35.922043
7127,E902349,[국도30]성주농산물품질관리원,국가교통정보센터(국도),128.344026,35.906181
7128,E902350,[국도30]성주대광주유소,국가교통정보센터(국도),128.25416,35.93469
7129,E902351,[국도30]성주도성교차로,국가교통정보센터(국도),128.366508,35.881266
7130,E902352,[국도30]성주동산수양관,국가교통정보센터(국도),128.080564,35.918834
7131,E902353,[국도30]성주동암교,국가교통정보센터(국도),128.354415,35.897502
7132,E902354,[국도30]성주매수2리회관,국가교통정보센터(국도),128.196713,35.935736
7133,E902355,[국도30]성주무지개캠핑장,국가교통정보센터(국도),128.121553,35.925283
7134,E902356,[국도30]성주무학교,국가교통정보센터(국도),128.103256,35.927176
7135,E902357,[국도30]성주무흘구곡,국가교통정보센터(국도),128.066413,35.912405
7136,E902358,[국도30]성주배바위교,국가교통정보센터(국도),128.113043,35.92663
7137,E902359,[국도30]성주백전마을,국가교통정보센터(국도),128.273847,35.927861
7138,E902360,[국도30]성주백전삼거리,국가교통정보센터(국도),128.27744,35.92397
7139,E902361,[국도30]성주상후마을회관,국가교통정보센터(국도),128.160502,35.941598
7140,E902362,[국도30]성주새들교,국가교통정보센터(국도),128.095194,35.923679
7141,E902363,[국도30]성주선바위,국가교통정보센터(국도),128.084399,35.919541
7142,E902364,[국도30]성주성원지,국가교통정보센터(국도),128.310524,35.916877
7143,E902365,[국도30]성주성주대교,국가교통정보센터(국도),128.382729,35.88294
7144,E902366,[국도30]성주신부교,국가교통정보센터(국도),128.334418,35.908856
7145,E902367,[국도30]성주신성삼거리,국가교통정보센터(국도),128.146648,35.924095
7146,E902368,[국도30]성주야동지,국가교통정보센터(국도),128.192667,35.930335
7147,E902369,[국도30]성주어은리마을회관,국가교통정보센터(국도),128.16877,35.93039
7148,E902370,[국도30]성주언골,국가교통정보센터(국도),128.32441,35.911533
7149,E902371,[국도30]성주에덴농장,국가교통정보센터(국도),128.265379,35.933946
7150,E902372,[국도30]성주영천교,국가교통정보센터(국도),128.071858,35.918167
7151,E902374,[국도30]성주운정교,국가교통정보센터(국도),128.224774,35.946929
7152,E902373,[국도30]성주운정교동측,국가교통정보센터(국도),128.231187,35.944
7153,E902375,[국도30]성주은적2교,국가교통정보센터(국도),128.062928,35.906118
7154,E902376,[국도30]성주이천교,국가교통정보센터(국도),128.214741,35.944727
7155,E902377,[국도30]성주청락정,국가교통정보센터(국도),128.135426,35.924747
7156,E902378,[국도30]성주태자바위,국가교통정보센터(국도),128.203639,35.939956
7157,E902379,[국도30호선]강진사거리,국가교통정보센터(국도),127.159737,35.529193
7158,E900263,[국도30호선]격포교차로,국가교통정보센터(국도),126.48206,35.618611
7159,E902380,[국도30호선]달성다사읍사무소교차로,국가교통정보센터(국도),128.453784,35.860593
7160,E902381,[국도30호선]달성대구강서소방서,국가교통정보센터(국도),128.467395,35.85564
7161,E902382,[국도30호선]들꽃마을입구,국가교통정보센터(국도),127.015913,35.579024
7162,E902383,[국도30호선]마령사거리,국가교통정보센터(국도),127.368057,35.73545
7163,E902384,[국도30호선]무주금평리1,국가교통정보센터(국도),127.9006148,35.94294889
7164,E902385,[국도30호선]부안궁안교차로,국가교통정보센터(국도),126.696495,35.737595
7165,E902386,[국도30호선]부안도청리,국가교통정보센터(국도),126.5222024,35.58310881
7166,E902387,[국도30호선]부안백련교차로,국가교통정보센터(국도),126.58455,35.707092
7167,E902388,[국도30호선]부안부안IC입구,국가교통정보센터(국도),126.77616,35.72965
7168,E902389,[국도30호선]부안새만금교차로,국가교통정보센터(국도),126.5586,35.695652
7169,E902390,[국도30호선]부안신운교차로,국가교통정보센터(국도),126.75147,35.73632
7170,E902391,[국도30호선]부안운산교차로,국가교통정보센터(국도),126.51253,35.663006
7171,E902392,[국도30호선]부안장신교차로1,국가교통정보센터(국도),126.61981,35.7154
7172,E902393,[국도30호선]부안장신교차로2,국가교통정보센터(국도),126.63585,35.71761
7173,E902394,[국도30호선]부안종암교차로,국가교통정보센터(국도),126.48318,35.63273
7174,E902395,[국도30호선]불로치터널시점,국가교통정보센터(국도),127.524178,35.881126
7175,E902396,[국도30호선]언건교차로,국가교통정보센터(국도),127.464232,35.817935
7176,E902397,[국도30호선]오정삼거리,국가교통정보센터(국도),127.269035,35.60428
7177,E902398,[국도30호선]월포대교시점,국가교통정보센터(국도),127.485593,35.872956
7178,E902399,[국도30호선]이양면오류리,국가교통정보센터(국도),127.895035,35.94892
7179,E902400,[국도30호선]임실석현마을입구,국가교통정보센터(국도),127.3197243,35.62422829
7180,E902401,[국도30호선]임실용수리,국가교통정보센터(국도),127.113766,35.525386
7181,E902402,[국도30호선]임실태평리1,국가교통정보센터(국도),127.3680429,35.64684527
7182,E902403,[국도30호선]장재삼거리,국가교통정보센터(국도),127.237284,35.586729
7183,E902404,[국도30호선]정읍구석교,국가교통정보센터(국도),126.90638,35.686035
7184,E902405,[국도30호선]정읍궁사교차로,국가교통정보센터(국도),126.922,35.678352
7185,E902406,[국도30호선]정읍산성리1,국가교통정보센터(국도),126.959384,35.624133
7186,E902407,[국도30호선]정읍양덕교차로,국가교통정보센터(국도),126.87328,35.70226
7187,E902408,[국도30호선]정읍왕림IC교,국가교통정보센터(국도),126.94778,35.66152
7188,E902409,[국도30호선]정읍천신1교,국가교통정보센터(국도),126.93862,35.67144
7189,E902410,[국도30호선]정읍화호교차로,국가교통정보센터(국도),126.8368,35.7155
7190,E902411,[국도30호선]중계교차로,국가교통정보센터(국도),127.436562,35.798671
7191,E900264,[국도30호선]진안대운재,국가교통정보센터(국도),127.365625,35.657723
7192,E902412,[국도30호선]진안백운2교차로,국가교통정보센터(국도),127.400209,35.690964
7193,E902413,[국도30호선]진안정송교차로,국가교통정보센터(국도),127.40595,35.72093
7194,E902414,[국도30호선]칠보삼거리,국가교통정보센터(국도),126.990455,35.60846
7195,E902415,[국도31]경주관성해수욕장,국가교통정보센터(국도),129.450556,35.65631
7196,E902416,[국도31]경주나산천,국가교통정보센터(국도),129.459229,35.716495
7197,E902417,[국도31]경주나산천교,국가교통정보센터(국도),129.462557,35.704702
7198,E902418,[국도31]경주나산초등학교,국가교통정보센터(국도),129.471162,35.698555
7199,E902419,[국도31]경주나정1교북측,국가교통정보센터(국도),129.489942,35.788982
7200,E902420,[국도31]경주나정항,국가교통정보센터(국도),129.494083,35.775127
7201,E902421,[국도31]경주다산교차로,국가교통정보센터(국도),129.276217,36.038831
7202,E902422,[국도31]경주대본2리마을회관입구,국가교통정보센터(국도),129.491435,35.753852
7203,E902423,[국도31]경주대본항,국가교통정보센터(국도),129.48455,35.74552
7204,E902424,[국도31]경주대종교,국가교통정보센터(국도),129.479012,35.742291
7205,E902425,[국도31]경주덕곡교북측,국가교통정보센터(국도),129.493976,35.806502
7206,E902427,[국도31]경주모곡마을,국가교통정보센터(국도),129.511561,35.828398
7207,E902426,[국도31]경주모곡마을북측,국가교통정보센터(국도),129.5136993,35.832374
7208,E902428,[국도31]경주벽계천교,국가교통정보센터(국도),129.252114,36.059989
7209,E902429,[국도31]경주봉길리교차로,국가교통정보센터(국도),129.483787,35.736494
7210,E902430,[국도31]경주삼괴정저수지인근,국가교통정보센터(국도),129.261947,36.04963
7211,E902431,[국도31]경주수평선회타운,국가교통정보센터(국도),129.489942,35.749293
7212,E902432,[국도31]경주연동방파제,국가교통정보센터(국도),129.517809,35.837405
7213,E902433,[국도31]경주오류삼거리,국가교통정보센터(국도),129.506391,35.820653
7214,E902434,[국도31]경주원전현장인력양성원,국가교통정보센터(국도),129.495335,35.771494
7215,E902435,[국도31]경주읍천항입구,국가교통정보센터(국도),129.472867,35.691223
7216,E902436,[국도31]경주주상절리,국가교통정보센터(국도),129.473199,35.6861
7217,E902437,[국도31]경주진리해변,국가교통정보센터(국도),129.466324,35.68124
7218,E902438,[국도31]경주혁신원자력연구단지,국가교통정보센터(국도),129.493415,35.762631
7219,E902439,[국도31]기장기장일광IC교차로,국가교통정보센터(국도),129.23204,35.2742
7220,E902440,[국도31]기장동백IC교남측,국가교통정보센터(국도),129.2519,35.2893
7221,E902441,[국도31]기장문중IC교,국가교통정보센터(국도),129.2515,35.3026
7222,E902442,[국도31]기장이천IC교,국가교통정보센터(국도),129.2492,35.2769
7223,E902443,[국도31]기장임랑교차로,국가교통정보센터(국도),129.252186,35.312075
7224,E902444,[국도31]기장장안천교,국가교통정보센터(국도),129.276,35.3373
7225,E902445,[국도31]기장효암천교,국가교통정보센터(국도),129.2792,35.3437
7226,E902446,[국도31]봉화고선1교,국가교통정보센터(국도),128.987058,36.986499
7227,E902447,[국도31]봉화고선교차로,국가교통정보센터(국도),129.002507,36.959656
7228,E902448,[국도31]봉화고선터널남측,국가교통정보센터(국도),128.980042,36.994741
7229,E902449,[국도31]봉화고선터널북측,국가교통정보센터(국도),128.973152,37.006288
7230,E902450,[국도31]봉화현동교차로,국가교통정보센터(국도),128.99778,36.940731
7231,E902451,[국도31]봉화황평터널남측,국가교통정보센터(국도),129.004646,36.967152
7232,E902452,[국도31]봉화황평터널북측,국가교통정보센터(국도),128.994719,36.977438
7233,E902453,[국도31]영월가삼골,국가교통정보센터(국도),128.7529,37.121
7234,E902454,[국도31]울주방도로입구교차로,국가교통정보센터(국도),129.346896,35.446776
7235,E902455,[국도31]울주상남교차로,국가교통정보센터(국도),129.313009,35.489153
7236,E902456,[국도31]울주서생육교남측(구_관음사입구),국가교통정보센터(국도),129.28634,35.34858
7237,E902457,[국도31]울주에쓰오일후문교차로,국가교통정보센터(국도),129.350091,35.443903
7238,E902458,[국도31]울주온산교차로,국가교통정보센터(국도),129.343843,35.465152
7239,E902459,[국도31]울주위양천교,국가교통정보센터(국도),129.3136,35.3565
7240,E902460,[국도31]울주처용사거리(처용지하차도),국가교통정보센터(국도),129.337799,35.471266
7241,E902461,[국도31]울주청량천삼거리,국가교통정보센터(국도),129.328708,35.482061
7242,E902462,[국도31]울주하회1교(화정터널북측),국가교통정보센터(국도),129.3331,35.3954
7243,E902463,[국도31]청송거성교,국가교통정보센터(국도),129.033233,36.271825
7244,E902464,[국도31]청송대전교차로북측,국가교통정보센터(국도),129.0565,36.34439
7245,E902465,[국도31]청송사과유통공사앞,국가교통정보센터(국도),129.018952,36.28292
7246,E902466,[국도31]청송서넘골삼거리,국가교통정보센터(국도),129.023754,36.290241
7247,E902467,[국도31]청송서넘골저수지부근,국가교통정보센터(국도),129.039706,36.304114
7248,E902468,[국도31]청송송생교차로,국가교통정보센터(국도),129.080124,36.389965
7249,E902469,[국도31]청송주왕산자색식물원,국가교통정보센터(국도),129.061701,36.359164
7250,E902470,[국도31]청송청송터널남측,국가교통정보센터(국도),129.056486,36.415484
7251,E902471,[국도31]청송청송터널북측,국가교통정보센터(국도),129.048636,36.423436
7252,E902472,[국도31]청송청운2교차로,국가교통정보센터(국도),129.070531,36.401944
7253,E902473,[국도31]청송휴양림교차로,국가교통정보센터(국도),129.05259,36.322791
7254,E902474,[국도31]포항고지교차로,국가교통정보센터(국도),129.195508,36.072605
7255,E902475,[국도31]포항구룡포축구장,국가교통정보센터(국도),129.542718,35.976284
7256,E902476,[국도31]포항금광IC북측,국가교통정보센터(국도),129.453069,35.969705
7257,E902477,[국도31]포항기계119안전센터,국가교통정보센터(국도),129.184718,36.081807
7258,E902478,[국도31]포항나곡서원,국가교통정보센터(국도),129.534465,35.981112
7259,E902479,[국도31]포항내단교차로,국가교통정보센터(국도),129.234659,36.060046
7260,E902480,[국도31]포항달전교,국가교통정보센터(국도),129.288352,36.037349
7261,E902481,[국도31]포항대련IC,국가교통정보센터(국도),129.308605,36.043648
7262,E902482,[국도31]포항동산공원묘지인근,국가교통정보센터(국도),129.4775854,35.9866847
7263,E902483,[국도31]포항상정교차로동측,국가교통정보센터(국도),129.49921,35.980082
7264,E902484,[국도31]포항상정교차로서측,국가교통정보센터(국도),129.486208,35.982235
7265,E902485,[국도31]포항서포항IC교차로,국가교통정보센터(국도),129.224226,36.065502
7266,E902486,[국도31]포항서포항실버타운,국가교통정보센터(국도),129.160656,36.088298
7267,E902487,[국도31]포항세계교차로동측,국가교통정보센터(국도),129.444726,35.957432
7268,E902488,[국도31]포항세계교차로서측,국가교통정보센터(국도),129.433044,35.949228
7269,E902490,[국도31]포항약전교차로,국가교통정보센터(국도),129.444265,35.991305
7270,E902489,[국도31]포항약전교차로동측,국가교통정보센터(국도),129.458913,35.988858
7271,E902491,[국도31]포항연화교,국가교통정보센터(국도),129.328655,36.048869
7272,E902492,[국도31]포항연화교차로,국가교통정보센터(국도),129.335472,36.049539
7273,E902493,[국도31]포항용산교,국가교통정보센터(국도),129.40422,35.943286
7274,E902494,[국도31]포항우편집중국,국가교통정보센터(국도),129.323936,36.044297
7275,E902495,[국도31]포항원재교,국가교통정보센터(국도),129.308815,36.027512
7276,E902496,[국도31]포항인주교차로북측,국가교통정보센터(국도),129.324165,35.985174
7277,E902497,[국도31]포항자명교차로,국가교통정보센터(국도),129.30472,36.016391
7278,E902498,[국도31]포항현내1교차로,국가교통정보센터(국도),129.207197,36.06747
7279,E900265,[국도31호선]고사리재,국가교통정보센터(국도),128.253172,37.837917
7280,E902499,[국도31호선]고사리재입구,국가교통정보센터(국도),128.25032,37.854553
7281,E900266,[국도31호선]광치령,국가교통정보센터(국도),128.071471,38.137319
7282,E902500,[국도31호선]기장장안졸음쉼터,국가교통정보센터(국도),129.267,35.3267
7283,E902501,[국도31호선]봉화넛재교차로인접,국가교통정보센터(국도),128.97888,37.015
7284,E902502,[국도31호선]봉화넛재터널북측,국가교통정보센터(국도),128.9975,37.037222
7285,E902503,[국도31호선]봉화대현1교인접,국가교통정보센터(국도),129.00166,37.046665
7286,E902504,[국도31호선]봉화임기교인접,국가교통정보센터(국도),129.00166,36.87528
7287,E900267,[국도31호선]상뱃재고개,국가교통정보센터(국도),128.344765,37.743201
7288,E900268,[국도31호선]소나기재,국가교통정보센터(국도),128.436229,37.206862
7289,E902505,[국도31호선]양구가오작교서측,국가교통정보센터(국도),128.06097,38.132602
7290,E902506,[국도31호선]양구광치터널(서),국가교통정보센터(국도),128.07938,38.141396
7291,E902507,[국도31호선]양구도사리입구,국가교통정보센터(국도),128.012139,38.168143
7292,E902508,[국도31호선]양구도사삼거리,국가교통정보센터(국도),128.012534,38.188588
7293,E902509,[국도31호선]양구상한전리,국가교통정보센터(국도),128.014453,38.158437
7294,E900269,[국도31호선]양구송청사거리,국가교통정보센터(국도),127.997405,38.085685
7295,E902510,[국도31호선]양구야촌교차로,국가교통정보센터(국도),128.04379,38.124538
7296,E902511,[국도31호선]양구용하1교차로,국가교통정보센터(국도),128.02506,38.106645
7297,E902512,[국도31호선]양구용하리,국가교통정보센터(국도),128.033711,38.116827
7298,E902513,[국도31호선]양구임당2리,국가교통정보센터(국도),128.043844,38.215818
7299,E902514,[국도31호선]양구임당초등학교,국가교통정보센터(국도),128.042909,38.199606
7300,E902515,[국도31호선]양구정림교,국가교통정보센터(국도),127.985777,38.101563
7301,E902516,[국도31호선]양구죽곡삼거리,국가교통정보센터(국도),128.003142,38.132462
7302,E902517,[국도31호선]양구하리삼거리,국가교통정보센터(국도),127.987235,38.114836
7303,E902518,[국도31호선]양구하리졸음쉼터,국가교통정보센터(국도),127.9967,38.12465
7304,E902519,[국도31호선]양구황강터널서측,국가교통정보센터(국도),128.013049,38.089894
7305,E900270,[국도31호선]어평재(태백),국가교통정보센터(국도),128.858104,37.110798
7306,E902520,[국도31호선]영월강구삼거리,국가교통정보센터(국도),128.4222006,37.2236085
7307,E902521,[국도31호선]영월군청사거리,국가교통정보센터(국도),128.4636109,37.18084264
7308,E902522,[국도31호선]영월내덕삼거리,국가교통정보센터(국도),128.7743,37.1167
7309,E902523,[국도31호선]영월녹전리1,국가교통정보센터(국도),128.698173,37.14296
7310,E902524,[국도31호선]영월녹전리2,국가교통정보센터(국도),128.726969,37.13379
7311,E902525,[국도31호선]영월덕포사거리,국가교통정보센터(국도),128.477997,37.180565
7312,E902526,[국도31호선]영월동강교차로,국가교통정보센터(국도),128.4992055,37.18310339
7313,E902527,[국도31호선]영월동영월교차로,국가교통정보센터(국도),128.511113,37.184919
7314,E900271,[국도31호선]영월두평교,국가교통정보센터(국도),128.524409,37.186867
7315,E902545,[국도31호선]영월문곡마을회관,국가교통정보센터(국도),128.42961,37.241486
7316,E902546,[국도31호선]영월문곡삼거리,국가교통정보센터(국도),128.43112,37.25243
7317,E902528,[국도31호선]영월반송터널(동),국가교통정보센터(국도),128.54856,37.187925
7318,E902547,[국도31호선]영월방절리,국가교통정보센터(국도),128.43861,37.198193
7319,E902529,[국도31호선]영월봉우재삼거리,국가교통정보센터(국도),128.81018,37.12937
7320,E902530,[국도31호선]영월산지당골,국가교통정보센터(국도),128.7912,37.1258
7321,E902531,[국도31호선]영월상동삼거리,국가교통정보센터(국도),128.830712,37.125764
7322,E902532,[국도31호선]영월어라연입구교차로,국가교통정보센터(국도),128.48644,37.185594
7323,E902533,[국도31호선]영월연덕1리입구,국가교통정보센터(국도),128.4266598,37.2651152
7324,E902534,[국도31호선]영월연덕교,국가교통정보센터(국도),128.4118523,37.2851561
7325,E902535,[국도31호선]영월연덕교차로,국가교통정보센터(국도),128.419695,37.270139
7326,E902536,[국도31호선]영월연덕리,국가교통정보센터(국도),128.429281,37.25775
7327,E902537,[국도31호선]영월연상교,국가교통정보센터(국도),128.589161,37.195036
7328,E902548,[국도31호선]영월영월삼거리,국가교통정보센터(국도),128.41702,37.211834
7329,E902538,[국도31호선]영월이목교차로,국가교통정보센터(국도),128.6682,37.1593
7330,E902539,[국도31호선]영월장릉삼거리,국가교통정보센터(국도),128.4534828,37.19493708
7331,E902540,[국도31호선]영월직동삼거리,국가교통정보센터(국도),128.71121,37.147
7332,E902541,[국도31호선]영월천평리,국가교통정보센터(국도),128.840391,37.122064
7333,E902542,[국도31호선]영월청령포입구회전교차로,국가교통정보센터(국도),128.458288,37.184854
7334,E902543,[국도31호선]영월한국환경공단,국가교통정보센터(국도),128.4300601,37.2146843
7335,E902544,[국도31호선]영월화원교차로,국가교통정보센터(국도),128.6282,37.1804
7336,E902549,[국도31호선]울주당월교차로,국가교통정보센터(국도),129.3458,35.4041
7337,E902550,[국도31호선]울주서생교차로,국가교통정보센터(국도),129.2954,35.3532
7338,E902551,[국도31호선]울주신암교차로,국가교통정보센터(국도),129.32054,35.36137
7339,E900272,[국도31호선]원동재,국가교통정보센터(국도),128.395472,37.298483
7340,E900273,[국도31호선]원동재교차로,국가교통정보센터(국도),128.402257,37.289079
7341,E902552,[국도31호선]인제광치터널(동),국가교통정보센터(국도),128.098613,38.146644
7342,E900274,[국도31호선]인제내린교,국가교통정보센터(국도),128.3128131,37.9678329
7343,E902553,[국도31호선]인제상남교,국가교통정보센터(국도),128.26018,37.87095
7344,E902554,[국도31호선]인제상남교차로,국가교통정보센터(국도),128.2568,37.874652
7345,E902555,[국도31호선]인제상남리,국가교통정보센터(국도),128.255382,37.847572
7346,E902556,[국도31호선]인제오미재2교차로,국가교통정보센터(국도),128.26789,37.888048
7347,E902559,[국도31호선]인제인제IC교차로,국가교통정보센터(국도),128.29126,37.92378
7348,E902557,[국도31호선]인제하남초등학교,국가교통정보센터(국도),128.28421,37.910007
7349,E902558,[국도31호선]인제후평교,국가교통정보센터(국도),128.27303,37.89787
7350,E902560,[국도31호선]장평리,국가교통정보센터(국도),128.419924,37.591814
7351,E902561,[국도31호선]태백어평재휴게소,국가교통정보센터(국도),128.898271,37.123284
7352,E902562,[국도31호선]태백장성석탄공사,국가교통정보센터(국도),129.00684,37.104362
7353,E902563,[국도31호선]태백태백교차로,국가교통정보센터(국도),129.029611,37.0955319
7354,E902564,[국도31호선]태백하문곡교,국가교통정보센터(국도),129.0036,37.124358
7355,E902565,[국도31호선]태백혈동,국가교통정보센터(국도),128.93905,37.126466
7356,E902566,[국도31호선]평창계방산입구,국가교통정보센터(국도),128.468903,37.690301
7357,E902567,[국도31호선]평창고덕교차로,국가교통정보센터(국도),128.3900784,37.30349542
7358,E902568,[국도31호선]평창광천선굴,국가교통정보센터(국도),128.453519,37.518317
7359,E902579,[국도31호선]평창구포교,국가교통정보센터(국도),128.43544,37.44352
7360,E902569,[국도31호선]평창노동리,국가교통정보센터(국도),128.45887,37.701782
7361,E902580,[국도31호선]평창대화교,국가교통정보센터(국도),128.45673,37.492496
7362,E902581,[국도31호선]평창대화사거리,국가교통정보센터(국도),128.45613,37.506866
7363,E902582,[국도31호선]평창마지교차로,국가교통정보센터(국도),128.37883,37.319393
7364,E902570,[국도31호선]평창방림교차로,국가교통정보센터(국도),128.421145,37.436695
7365,E902583,[국도31호선]평창뱃재터널남측,국가교통정보센터(국도),128.41725,37.410446
7366,E902571,[국도31호선]평창속사2교,국가교통정보센터(국도),128.47344,37.662389
7367,E902572,[국도31호선]평창속사2리마을회관,국가교통정보센터(국도),128.486292,37.652152
7368,E902573,[국도31호선]평창신리교차로,국가교통정보센터(국도),128.445507,37.549297
7369,E902584,[국도31호선]평창신리삼거리,국가교통정보센터(국도),128.45541,37.534626
7370,E902585,[국도31호선]평창역삼거리,국가교통정보센터(국도),128.434357,37.562732
7371,E900275,[국도31호선]평창운두령정상,국가교통정보센터(국도),128.44508,37.707547
7372,E902574,[국도31호선]평창유동교차로,국가교통정보센터(국도),128.3819834,37.3450025
7373,E902575,[국도31호선]평창이승복기념관,국가교통정보센터(국도),128.4673,37.67012
7374,E900276,[국도31호선]평창재산재,국가교통정보센터(국도),128.439253,37.555449
7375,E902576,[국도31호선]평창주진교차로,국가교통정보센터(국도),128.4068648,37.3962594
7376,E902586,[국도31호선]평창천동교차로,국가교통정보센터(국도),128.37387,37.33493
7377,E902577,[국도31호선]평창평창교차로,국가교통정보센터(국도),128.3908227,37.3776148
7378,E902587,[국도31호선]평창하리교차로,국가교통정보센터(국도),128.38704,37.365715
7379,E902588,[국도31호선]평창하안미교,국가교통정보센터(국도),128.44342,37.467155
7380,E902578,[국도31호선]평창하안미리,국가교통정보센터(국도),128.450232,37.481038
7381,E902589,[국도31호선]평창하안미사거리,국가교통정보센터(국도),128.43958,37.45484
7382,E902590,[국도31호선]포항남포항IC,국가교통정보센터(국도),129.387419,35.946393
7383,E902591,[국도31호선]포항대송교차로,국가교통정보센터(국도),129.370502,35.949903
7384,E902592,[국도31호선]포항동해교차로(남측),국가교통정보센터(국도),129.459863,35.983612
7385,E902593,[국도31호선]포항오천IC(동측),국가교통정보센터(국도),129.419579,35.945896
7386,E902594,[국도31호선]포항우복교차로,국가교통정보센터(국도),129.357901,35.960943
7387,E902595,[국도31호선]포항유강교차로,국가교통정보센터(국도),129.30898,36.000585
7388,E902596,[국도31호선]포항인주교차로(남측),국가교통정보센터(국도),129.339717,35.976871
7389,E902597,[국도31호선]포항포항IC,국가교통정보센터(국도),129.316454,36.041799
7390,E902598,[국도31호선]포항하정삼거리(북측),국가교통정보센터(국도),129.547959,35.968893
7391,E902599,[국도31호선]포항호미곶온천랜드(동측),국가교통정보센터(국도),129.522895,35.984038
7392,E902600,[국도31호선]포항호미곶온천랜드(서측),국가교통정보센터(국도),129.509864,35.977688
7393,E902601,[국도31호선]홍천내면농협,국가교통정보센터(국도),128.26865,37.818262
7394,E902602,[국도31호선]홍천방내리1,국가교통정보센터(국도),128.26743,37.79171
7395,E902603,[국도31호선]홍천방내리2,국가교통정보센터(국도),128.28036,37.780645
7396,E902604,[국도31호선]홍천방내리3,국가교통정보센터(국도),128.2888,37.775142
7397,E902605,[국도31호선]홍천약수교,국가교통정보센터(국도),128.3735,37.7522
7398,E902606,[국도31호선]홍천양지교북측,국가교통정보센터(국도),128.2621,37.828197
7399,E902607,[국도31호선]홍천엄수교,국가교통정보센터(국도),128.26224,37.806682
7400,E902608,[국도31호선]홍천운두령자운리,국가교통정보센터(국도),128.433462,37.717683
7401,E902609,[국도31호선]홍천운두종점,국가교통정보센터(국도),128.41929,37.718293
7402,E902610,[국도31호선]홍천운무골입구,국가교통정보센터(국도),128.29391,37.766051
7403,E902611,[국도31호선]홍천원자운길입구,국가교통정보센터(국도),128.3623,37.7353
7404,E902612,[국도31호선]홍천율전리,국가교통정보센터(국도),128.30113,37.755933
7405,E902613,[국도31호선]홍천율전삼거리,국가교통정보센터(국도),128.3072,37.7492
7406,E902614,[국도31호선]홍천이현교,국가교통정보센터(국도),128.3266,37.7413
7407,E902615,[국도31호선]홍천자운교차로,국가교통정보센터(국도),128.408168,37.727484
7408,E902616,[국도31호선]홍천자운리1,국가교통정보센터(국도),128.39736,37.750791
7409,E902617,[국도31호선]홍천자운리2,국가교통정보센터(국도),128.40271,37.73776
7410,E902618,[국도31호선]홍천자운리3,국가교통정보센터(국도),128.44139,37.713372
7411,E902619,[국도31호선]홍천창촌삼거리,국가교통정보센터(국도),128.3857,37.757
7412,E902620,[국도32]공주녹천1교차로,국가교통정보센터(국도),126.938644,36.575176
7413,E902621,[국도32]공주녹천2교차로,국가교통정보센터(국도),126.936984,36.56677
7414,E902622,[국도32]공주대전시경계,국가교통정보센터(국도),127.27295,36.36115
7415,E902623,[국도32]공주마이스터고등학교,국가교통정보센터(국도),126.9413,36.550938
7416,E902624,[국도32]공주마티도로,국가교통정보센터(국도),127.2202777,36.4183333
7417,E902625,[국도32]공주마티터널(1/4)(대전),국가교통정보센터(국도),127.2210843,36.40960156
7418,E902626,[국도32]공주마티터널(2/4)(공주),국가교통정보센터(국도),127.223054,36.4052416
7419,E902627,[국도32]공주마티터널(2/4)(대전),국가교통정보센터(국도),127.221313,36.4085882
7420,E902628,[국도32]공주마티터널(3/4)(대전),국가교통정보센터(국도),127.2217674,36.40673908
7421,E902629,[국도32]공주마티터널(4/4)(대전),국가교통정보센터(국도),127.222663,36.4051072
7422,E902630,[국도32]공주마티터널돌발(1/2)(대전),국가교통정보센터(국도),127.2209987,36.41086787
7423,E902631,[국도32]공주만천교차로(1/2),국가교통정보센터(국도),126.947136,36.53914
7424,E902632,[국도32]공주사곡2교차로,국가교통정보센터(국도),127.029931,36.496603
7425,E902633,[국도32]공주사곡교차로,국가교통정보센터(국도),127.023964,36.50041
7426,E902634,[국도32]공주석장리박물관,국가교통정보센터(국도),127.191665,36.447586
7427,E902635,[국도32]공주신영교차로,국가교통정보센터(국도),127.0318,36.483707
7428,E902636,[국도32]공주신풍삼거리,국가교통정보센터(국도),126.95712,36.519226
7429,E902637,[국도32]공주영정1교,국가교통정보센터(국도),126.98624,36.513348
7430,E902638,[국도32]공주우성교,국가교통정보센터(국도),127.045269,36.472633
7431,E902639,[국도32]공주우성교차로,국가교통정보센터(국도),127.05068,36.46996
7432,E902640,[국도32]공주월송동(사각),국가교통정보센터(국도),127.1590667,36.45473837
7433,E902641,[국도32]공주정골마을입구,국가교통정보센터(국도),126.974547,36.508501
7434,E902642,[국도32]공주차동터널,국가교통정보센터(국도),126.931063,36.585493
7435,E902643,[국도32]공주청벽삼거리,국가교통정보센터(국도),127.215602,36.427619
7436,E902644,[국도32]공주충남과학고등학교,국가교통정보센터(국도),127.218825,36.423386
7437,E902645,[국도32]공주평소교,국가교통정보센터(국도),127.003324,36.509076
7438,E902646,[국도32]공주해월교,국가교통정보센터(국도),127.01367,36.50935
7439,E900277,[국도32]당진거산삼거리,국가교통정보센터(국도),126.748548,36.880629
7440,E902647,[국도32]당진반촌교차로,국가교통정보센터(국도),126.7088176,36.89696527
7441,E902648,[국도32]당진봉생교,국가교통정보센터(국도),126.59673,36.87702
7442,E902649,[국도32]당진봉생교차로,국가교통정보센터(국도),126.59793,36.884238
7443,E902650,[국도32]당진사관리(사각),국가교통정보센터(국도),126.585421,36.850652
7444,E902651,[국도32]당진성동교차로,국가교통정보센터(국도),126.768553,36.793864
7445,E902652,[국도32]당진수당교,국가교통정보센터(국도),126.5805676,36.83066386
7446,E902653,[국도32]당진신석교차로,국가교통정보센터(국도),126.78871,36.772978
7447,E902654,[국도32]당진신시1교,국가교통정보센터(국도),126.5914308,36.86930476
7448,E902655,[국도32]당진신시교차로,국가교통정보센터(국도),126.58761,36.860947
7449,E902656,[국도32]당진신평산업단지교차로,국가교통정보센터(국도),126.7187346,36.89475484
7450,E900278,[국도32]당진아찬교차로,국가교통정보센터(국도),126.7539694,36.853013
7451,E902657,[국도32]당진연호교차로,국가교통정보센터(국도),126.77768,36.78372
7452,E900279,[국도32]당진운산1교,국가교통정보센터(국도),126.757923,36.804271
7453,E900280,[국도32]당진중방교차로,국가교통정보센터(국도),126.7562386,36.837761
7454,E900281,[국도32]당진합덕교차로,국가교통정보센터(국도),126.7511537,36.811829
7455,E900282,[국도32]당진합덕휴게소,국가교통정보센터(국도),126.751044,36.8271259
7456,E902658,[국도32]서산부장교차로,국가교통정보센터(국도),126.515246,36.785986
7457,E902659,[국도32]서산상홍2교차로,국가교통정보센터(국도),126.494712,36.797758
7458,E902660,[국도32]서산상홍교차로,국가교통정보센터(국도),126.50357,36.796764
7459,E902661,[국도32]서산서산나들목,국가교통정보센터(국도),126.5713648,36.81702944
7460,E902662,[국도32]서산수량재,국가교통정보센터(국도),126.389159,36.783568
7461,E902663,[국도32]서산애향삼거리,국가교통정보센터(국도),126.474258,36.784503
7462,E902664,[국도32]서산어송IC교,국가교통정보센터(국도),126.362357,36.780263
7463,E902665,[국도32]서산어송교차로,국가교통정보센터(국도),126.36766,36.78503
7464,E902666,[국도32]서산여미교차로,국가교통정보센터(국도),126.5776377,36.82225071
7465,E902667,[국도32]서산역말교차로,국가교통정보센터(국도),126.42904,36.768433
7466,E902668,[국도32]서산온석교차로,국가교통정보센터(국도),126.473434,36.80073
7467,E902669,[국도32]서산온석터널,국가교통정보센터(국도),126.45992,36.807334
7468,E902670,[국도32]서산일람교,국가교통정보센터(국도),126.44852,36.810463
7469,E902671,[국도32]서산잠홍삼거리,국가교통정보센터(국도),126.47579,36.78585
7470,E902672,[국도32]서산탑곡교차로,국가교통정보센터(국도),126.54962,36.803738
7471,E902673,[국도32]서산탑곡리,국가교통정보센터(국도),126.5575496,36.80909816
7472,E902674,[국도32]서산화수교차로,국가교통정보센터(국도),126.409649,36.772097
7473,E902675,[국도32]세종장암교차로,국가교통정보센터(국도),127.203437,36.4411747
7474,E902676,[국도32]에산산정2교,국가교통정보센터(국도),126.880507,36.6382437
7475,E902677,[국도32]예산계촌교차로,국가교통정보센터(국도),126.84219,36.746964
7476,E902678,[국도32]예산대덕교차로,국가교통정보센터(국도),126.88501,36.595184
7477,E902679,[국도32]예산대술교차로,국가교통정보센터(국도),126.88272,36.65272
7478,E902680,[국도32]예산대회교차로,국가교통정보센터(국도),126.850624,36.673836
7479,E902681,[국도32]예산마상교,국가교통정보센터(국도),126.838429,36.673941
7480,E902682,[국도32]예산베룩불교,국가교통정보센터(국도),126.826735,36.679391
7481,E902683,[국도32]예산불원교차로,국가교통정보센터(국도),126.87788,36.625793
7482,E902684,[국도32]예산삽티교차로,국가교통정보센터(국도),126.866325,36.675735
7483,E902685,[국도32]예산시산교차로,국가교통정보센터(국도),126.879624,36.666958
7484,E902686,[국도32]예산신양육교,국가교통정보센터(국도),126.873101,36.614104
7485,E902687,[국도32]예산신종교차로,국가교통정보센터(국도),126.829002,36.757808
7486,E902688,[국도32]예산신택교차로,국가교통정보센터(국도),126.815727,36.758562
7487,E902689,[국도32]예산예당대교,국가교통정보센터(국도),126.798744,36.7661
7488,E902690,[국도32]예산장사래교,국가교통정보센터(국도),126.880475,36.607157
7489,E902691,[국도32]예산차동1교차로,국가교통정보센터(국도),126.905655,36.591793
7490,E902692,[국도32]예산차동터널,국가교통정보센터(국도),126.917451,36.591055
7491,E902693,[국도32]예산향천터널,국가교통정보센터(국도),126.876023,36.674293
7492,E902694,[국도32]태안남문IC지하차도,국가교통정보센터(국도),126.294945,36.74558
7493,E902695,[국도32]태안대소교차로,국가교통정보센터(국도),126.1629071,36.775156
7494,E902696,[국도32]태안독점교차로,국가교통정보센터(국도),126.1765942,36.7682235
7495,E902697,[국도32]태안두야교차로,국가교통정보센터(국도),126.2653891,36.7598787
7496,E902698,[국도32]태안만리포,국가교통정보센터(국도),126.1436,36.7819
7497,E902699,[국도32]태안법산교차로,국가교통정보센터(국도),126.2009462,36.7575705
7498,E902700,[국도32]태안법현교차로,국가교통정보센터(국도),126.208507,36.7604891
7499,E902701,[국도32]태안송원교차로,국가교통정보센터(국도),126.1485222,36.7759264
7500,E902702,[국도32]태안송현2교차로,국가교통정보센터(국도),126.1845695,36.7585477
7501,E902703,[국도32]태안시목교차로,국가교통정보센터(국도),126.2478847,36.7661356
7502,E902704,[국도32]태안시목리,국가교통정보센터(국도),126.2232654,36.7656232
7503,E902705,[국도32]태안인평IC교,국가교통정보센터(국도),126.34581,36.763218
7504,E902706,[국도32]태안인평교(2/2),국가교통정보센터(국도),126.3496,36.77066
7505,E902707,[국도32]태안장산교차로,국가교통정보센터(국도),126.2754791,36.7572545
7506,E902708,[국도32]태안종대교차로,국가교통정보센터(국도),126.2339284,36.7671735
7507,E902709,[국도32]태안평천교(3/3),국가교통정보센터(국도),126.337258,36.758126
7508,E902710,[국도32]태안평천교차로(1/4),국가교통정보센터(국도),126.311455,36.74427
7509,E902711,[국도32]태안평천교차로(2/4),국가교통정보센터(국도),126.31538,36.74676
7510,E902712,[국도32]태안평천교차로(3/4),국가교통정보센터(국도),126.31706,36.74843
7511,E902713,[국도32]태안평천교차로(4/4),국가교통정보센터(국도),126.318145,36.750076
7512,E900283,[국도32호선]공주공암교차로,국가교통정보센터(국도),127.252472,36.394487
7513,E900284,[국도32호선]공주금강홍수통제소,국가교통정보센터(국도),127.14629,36.45979
7514,E900285,[국도32호선]공주마티터널(공주),국가교통정보센터(국도),127.22163,36.41465
7515,E900286,[국도32호선]공주마티터널(대전),국가교통정보센터(국도),127.22529,36.40214
7516,E900287,[국도32호선]공주박정자삼거리,국가교통정보센터(국도),127.26035,36.37133
7517,E900288,[국도32호선]공주반포교차로,국가교통정보센터(국도),127.24244,36.40069
7518,E900289,[국도32호선]공주석장리,국가교통정보센터(국도),127.181998,36.448392
7519,E900290,[국도32호선]공주청벽대교,국가교통정보센터(국도),127.21212,36.43356
7520,E900291,[국도32호선]당진가마못교차로,국가교통정보센터(국도),126.7031,36.9001
7521,E900292,[국도32호선]당진감골교차로,국가교통정보센터(국도),126.668438,36.902131
7522,E900293,[국도32호선]당진거산1교차로,국가교통정보센터(국도),126.73771,36.88704
7523,E900294,[국도32호선]당진사관교차로,국가교통정보센터(국도),126.58363,36.84191
7524,E900295,[국도32호선]당진채운교차로,국가교통정보센터(국도),126.616081,36.891938
7525,E902714,[국도32호선]서산수량재교차로,국가교통정보센터(국도),126.39709,36.77676
7526,E900296,[국도32호선]서산수석교차로,국가교통정보센터(국도),126.50508,36.78234
7527,E902715,[국도32호선]서산어송리,국가교통정보센터(국도),126.38161,36.78376
7528,E900297,[국도32호선]서산운산교차로,국가교통정보센터(국도),126.56319,36.81245
7529,E900298,[국도32호선]서산음암교차로,국가교통정보센터(국도),126.5253194,36.7897315
7530,E902716,[국도32호선]태안인평교(1/2),국가교통정보센터(국도),126.34759,36.766777
7531,E902717,[국도32호선]태안평천교(2/3),국가교통정보센터(국도),126.3355,36.75749
7532,E902718,[국도32호선]태안화동교차로,국가교통정보센터(국도),126.32231,36.75361
7533,E902719,[국도33]고령고령교차로,국가교통정보센터(국도),128.27615,35.735226
7534,E902720,[국도33]고령골안교차로,국가교통정보센터(국도),128.272938,35.712293
7535,E902721,[국도33]고령도방육교,국가교통정보센터(국도),128.227437,35.663875
7536,E902722,[국도33]고령매촌교차로,국가교통정보센터(국도),128.23994,35.670074
7537,E902723,[국도33]고령본관교차로,국가교통정보센터(국도),128.280137,35.757182
7538,E902724,[국도33]고령신곡교차로,국가교통정보센터(국도),127.889444,35.686111
7539,E902725,[국도33]고령안림교차로,국가교통정보센터(국도),128.25182,35.698547
7540,E902726,[국도33]고령월산교차로,국가교통정보센터(국도),128.28178,35.771935
7541,E902727,[국도33]고령합가교차로,국가교통정보센터(국도),128.2191,35.65416
7542,E902728,[국도33]고령헌문교차로,국가교통정보센터(국도),128.27617,35.725555
7543,E902729,[국도33]고령화암사거리,국가교통정보센터(국도),128.27078,35.788437
7544,E902730,[국도33]고성가동마을,국가교통정보센터(국도),128.2033,34.99357
7545,E902731,[국도33]고성교사리삼거리,국가교통정보센터(국도),128.29517,34.9793
7546,E902732,[국도33]고성남산공원(신월IC서측),국가교통정보센터(국도),128.323795,34.960922
7547,E902733,[국도33]고성면전마을,국가교통정보센터(국도),128.28418,34.97918
7548,E902734,[국도33]고성부포마을입구,국가교통정보센터(국도),128.24356,34.98735
7549,E902735,[국도33]고성비곡마을,국가교통정보센터(국도),128.172766,35.023989
7550,E902736,[국도33]고성상동교,국가교통정보센터(국도),128.218454,34.993562
7551,E902737,[국도33]고성상리교차로,국가교통정보센터(국도),128.18372,35.004135
7552,E902738,[국도33]고성우실마을,국가교통정보센터(국도),128.272476,34.979695
7553,E902739,[국도33]고성이리교북측,국가교통정보센터(국도),128.25716,34.984352
7554,E902740,[국도33]고성척정교차로,국가교통정보센터(국도),128.19175,34.996777
7555,E902741,[국도33]고성터골마을,국가교통정보센터(국도),128.179148,35.012877
7556,E902742,[국도33]구미도개교,국가교통정보센터(국도),128.34846,36.279206
7557,E902743,[국도33]사천구암교차로,국가교통정보센터(국도),128.0957,35.094707
7558,E902744,[국도33]사천복상마을입구,국가교통정보센터(국도),128.14168,35.04853
7559,E902745,[국도33]사천소곡교차로,국가교통정보센터(국도),128.16736,35.032505
7560,E902746,[국도33]사천정동교차로,국가교통정보센터(국도),128.12718,35.054264
7561,E902747,[국도33]사천풍정사거리,국가교통정보센터(국도),128.10905,35.068275
7562,E902748,[국도33]산청방화교차로,국가교통정보센터(국도),128.08145,35.343548
7563,E902749,[국도33]산청생비량교차로,국가교통정보센터(국도),128.07887,35.354767
7564,E902750,[국도33]성주갈막교차로,국가교통정보센터(국도),128.306759,35.934204
7565,E902751,[국도33]성주경산교차로,국가교통정보센터(국도),128.285677,35.911902
7566,E902752,[국도33]성주굴목교차로,국가교통정보센터(국도),128.18167,35.88111
7567,E902753,[국도33]성주대가교차로,국가교통정보센터(국도),128.229743,35.906738
7568,E902754,[국도33]성주대흥교차로,국가교통정보센터(국도),128.2671,35.91457
7569,E902755,[국도33]성주법산IC교,국가교통정보센터(국도),128.259494,35.794962
7570,E902756,[국도33]성주성동교차로,국가교통정보센터(국도),128.194547,35.82422
7571,E902757,[국도33]성주성주IC교차로,국가교통정보센터(국도),128.251012,35.913809
7572,E902758,[국도33]성주성주교차로,국가교통정보센터(국도),128.2994,35.919548
7573,E902759,[국도33]성주수륜2터널남측,국가교통정보센터(국도),128.213611,35.815278
7574,E902760,[국도33]성주수륜교차로,국가교통정보센터(국도),128.18872,35.83255
7575,E902761,[국도33]성주수성2교차로,국가교통정보센터(국도),128.182759,35.870622
7576,E902762,[국도33]성주수성교차로,국가교통정보센터(국도),128.18446,35.859524
7577,E902763,[국도33]성주신정교차로,국가교통정보센터(국도),128.191953,35.852399
7578,E902764,[국도33]성주안포졸음쉼터,국가교통정보센터(국도),128.31721,35.95
7579,E902765,[국도33]성주옥성교차로,국가교통정보센터(국도),128.24063,35.911064
7580,E902766,[국도33]성주옥화교차로,국가교통정보센터(국도),128.20642,35.89854
7581,E902767,[국도33]성주조평교차로,국가교통정보센터(국도),128.23547,35.805874
7582,E902768,[국도33]성주중포2교,국가교통정보센터(국도),128.327882,35.956213
7583,E902769,[국도33]성주행화교차로,국가교통정보센터(국도),128.194203,35.893138
7584,E902770,[국도33]의령대의3교,국가교통정보센터(국도),128.108887,35.378716
7585,E902771,[국도33]의령대의교차로,국가교통정보센터(국도),128.10332,35.371647
7586,E902772,[국도33]의령추산교,국가교통정보센터(국도),128.1012,35.362656
7587,E902773,[국도33]진주내동교차로,국가교통정보센터(국도),128.08417,35.28278
7588,E902774,[국도33]진주내리곡교차로북측,국가교통정보센터(국도),128.086111,35.308611
7589,E902775,[국도33]진주대암IC교,국가교통정보센터(국도),128.085556,35.270556
7590,E902776,[국도33]진주동강교,국가교통정보센터(국도),128.096812,35.241678
7591,E902777,[국도33]진주봉강1교,국가교통정보센터(국도),128.093611,35.235833
7592,E902778,[국도33]진주사촌교차로,국가교통정보센터(국도),128.05861,35.220833
7593,E902779,[국도33]진주신안간교북측,국가교통정보센터(국도),128.086808,35.318505
7594,E902780,[국도33]진주유곡교차로,국가교통정보센터(국도),128.055,35.2
7595,E902781,[국도33]진주집현교차로,국가교통정보센터(국도),128.07777,35.231945
7596,E902782,[국도33]진주집현터널남측,국가교통정보센터(국도),128.095278,35.261389
7597,E902783,[국도33]칠곡경호천교,국가교통정보센터(국도),128.398288,36.03034
7598,E902784,[국도33]칠곡관호대교,국가교통정보센터(국도),128.38489,36.021652
7599,E902785,[국도33]칠곡영리교차로,국가교통정보센터(국도),128.37318,35.97267
7600,E902786,[국도33]칠곡행정교차로,국가교통정보센터(국도),128.352688,35.96209
7601,E902787,[국도33]합천금양교차로,국가교통정보센터(국도),128.173611,35.586111
7602,E902788,[국도33]합천대양교,국가교통정보센터(국도),128.17157,35.51582
7603,E902789,[국도33]합천대양교차로,국가교통정보센터(국도),128.17125,35.526146
7604,E902790,[국도33]합천덕곡교차로,국가교통정보센터(국도),128.15674,35.47815
7605,E902791,[국도33]합천배미동교차로,국가교통정보센터(국도),128.174152,35.506641
7606,E902792,[국도33]합천삼가교차로,국가교통정보센터(국도),128.1328,35.414963
7607,E902793,[국도33]합천신소양교,국가교통정보센터(국도),128.16837,35.578938
7608,E902794,[국도33]합천쌍백터널북측,국가교통정보센터(국도),128.14403,35.445007
7609,E902795,[국도33]합천양전교차로,국가교통정보센터(국도),128.14247,35.427662
7610,E902796,[국도33]합천와리육교,국가교통정보센터(국도),128.194854,35.609395
7611,E902797,[국도33]합천용흥교차로,국가교통정보센터(국도),128.12418,35.40008
7612,E902798,[국도33]합천운곡교차로,국가교통정보센터(국도),128.143545,35.452643
7613,E902799,[국도33]합천장전교,국가교통정보센터(국도),128.14923,35.46637
7614,E902800,[국도33]합천지릿재터널남측,국가교통정보센터(국도),128.208174,35.636164
7615,E902801,[국도33]합천하니교차로,국가교통정보센터(국도),128.171256,35.54517
7616,E902802,[국도33]합천함지교차로2,국가교통정보센터(국도),128.156667,35.498056
7617,E902803,[국도33]합천합천교차로,국가교통정보센터(국도),128.17001,35.555714
7618,E902804,[국도33호선]고령지릿재터널북측,국가교통정보센터(국도),128.20973,35.65172
7619,E902805,[국도33호선]방곡교차로,국가교통정보센터(국도),128.10529,35.089687
7620,E902806,[국도33호선]성주수륜1터널서측,국가교통정보센터(국도),128.243889,35.792222
7621,E902807,[국도33호선]성주안포IC육교,국가교통정보센터(국도),128.31142,35.945408
7622,E902808,[국도33호선]신기교차로,국가교통정보센터(국도),128.11653,35.060265
7623,E902809,[국도33호선]진주내리곡교차로남측,국가교통정보센터(국도),128.07916,35.30111
7624,E902810,[국도33호선]진주동강교북측,국가교통정보센터(국도),128.09666,35.25222
7625,E902811,[국도33호선]진주정촌터널남측,국가교통정보센터(국도),128.08455,35.330376
7626,E902812,[국도33호선]진주집현터널북측,국가교통정보센터(국도),128.09027,35.265556
7627,E902813,[국도33호선]학촌교차로,국가교통정보센터(국도),128.14903,35.038593
7628,E902814,[국도33호선]합천원촌육교북측,국가교통정보센터(국도),128.2022,35.625473
7629,E902815,[국도34]괴산강천1교,국가교통정보센터(국도),127.71246,36.796463
7630,E902816,[국도34]괴산검승교차로,국가교통정보센터(국도),127.826096,36.803234
7631,E902817,[국도34]괴산괴산교차로,국가교통정보센터(국도),127.782509,36.821694
7632,E902818,[국도34]괴산대명1육교,국가교통정보센터(국도),127.768845,36.800727
7633,E902819,[국도34]괴산동부교차로(1/2),국가교통정보센터(국도),127.79761,36.81708
7634,E902820,[국도34]괴산동부교차로(2/2),국가교통정보센터(국도),127.803406,36.810795
7635,E902821,[국도34]괴산동진교차로,국가교통정보센터(국도),127.809933,36.809473
7636,E902822,[국도34]괴산동진천교,국가교통정보센터(국도),127.772385,36.81304
7637,E902823,[국도34]괴산방축교,국가교통정보센터(국도),127.649143,36.806382
7638,E902824,[국도34]괴산사담교,국가교통정보센터(국도),127.67281,36.81064
7639,E902825,[국도34]괴산사리교차로,국가교통정보센터(국도),127.65735,36.8114
7640,E902826,[국도34]괴산사평교,국가교통정보센터(국도),127.865721,36.790048
7641,E902827,[국도34]괴산삼풍교,국가교통정보센터(국도),127.99458,36.75451
7642,E902828,[국도34]괴산수암교차로,국가교통정보센터(국도),127.69505,36.804768
7643,E902829,[국도34]괴산수암제,국가교통정보센터(국도),127.683485,36.807912
7644,E902830,[국도34]괴산쌍곡1교차로,국가교통정보센터(국도),127.883509,36.781606
7645,E902831,[국도34]괴산쌍곡2교차로,국가교통정보센터(국도),127.898994,36.781803
7646,E902832,[국도34]괴산연풍IC교차로,국가교통정보센터(국도),128.00095,36.75855
7647,E902833,[국도34]괴산유평1터널,국가교통정보센터(국도),127.73236,36.80073
7648,E902834,[국도34]괴산유평2터널,국가교통정보센터(국도),127.758385,36.798023
7649,E902835,[국도34]괴산입석삼거리,국가교통정보센터(국도),127.95465,36.763924
7650,E902836,[국도34]괴산적석1터널,국가교통정보센터(국도),127.92726,36.76819
7651,E902837,[국도34]괴산적석2터널,국가교통정보센터(국도),127.97326,36.758777
7652,E902838,[국도34]괴산적석교,국가교통정보센터(국도),127.98406,36.758807
7653,E902839,[국도34]괴산증전교차로(2/4),국가교통정보센터(국도),127.87511,36.784866
7654,E902840,[국도34]괴산증전교차로(3/4),국가교통정보센터(국도),127.877077,36.783495
7655,E902841,[국도34]괴산증전교차로(4/4),국가교통정보센터(국도),127.878815,36.782635
7656,E902842,[국도34]괴산증전육교,국가교통정보센터(국도),127.873361,36.786225
7657,E902843,[국도34]괴산청룡교차로,국가교통정보센터(국도),127.63947,36.79589
7658,E902844,[국도34]괴산칠성교차로,국가교통정보센터(국도),127.84202,36.7953
7659,E902845,[국도34]괴산태성1교,국가교통정보센터(국도),127.904506,36.779682
7660,E902846,[국도34]괴산태성리,국가교통정보센터(국도),127.91854,36.7714
7661,E902847,[국도34]당진금천육교,국가교통정보센터(국도),126.75783,36.88522
7662,E902848,[국도34]당진신평교차로,국가교통정보센터(국도),126.7752794,36.88062758
7663,E902849,[국도34]문경반곡교,국가교통정보센터(국도),128.210163,36.617772
7664,E902850,[국도34]문경별암1교,국가교통정보센터(국도),128.185343,36.647784
7665,E902851,[국도34]문경별암IC1교,국가교통정보센터(국도),128.17451,36.6461
7666,E902852,[국도34]문경별암IC2교,국가교통정보센터(국도),128.16735,36.64466
7667,E902853,[국도34]문경산양2가도교,국가교통정보센터(국도),128.25818,36.610085
7668,E902854,[국도34]문경영강대교,국가교통정보센터(국도),128.25511,36.611414
7669,E902855,[국도34]문경우로2교,국가교통정보센터(국도),128.19987,36.6435
7670,E902856,[국도34]문경우로IC교,국가교통정보센터(국도),128.202766,36.63813
7671,E902857,[국도34]문경존도1교,국가교통정보센터(국도),128.247574,36.610727
7672,E902858,[국도34]문경진정사거리,국가교통정보센터(국도),128.22916,36.61247
7673,E902859,[국도34]아산공세교차로,국가교통정보센터(국도),126.90773,36.880095
7674,E902860,[국도34]아산능안1교,국가교통정보센터(국도),127.057627,36.937028
7675,E902861,[국도34]아산능안교차로,국가교통정보센터(국도),127.06724,36.93686
7676,E902862,[국도34]아산둔포육교(1/2),국가교통정보센터(국도),127.048515,36.92529
7677,E902863,[국도34]아산둔포육교(2/2),국가교통정보센터(국도),127.047725,36.92321
7678,E902864,[국도34]아산삽교천방조제,국가교통정보센터(국도),126.85052,36.882376
7679,E902865,[국도34]아산석근교,국가교통정보센터(국도),127.047941,36.931833
7680,E902866,[국도34]아산석근교차로,국가교통정보센터(국도),127.04668,36.928684
7681,E902867,[국도34]아산운교교,국가교통정보센터(국도),127.043331,36.920659
7682,E902868,[국도34]아산운용교차로,국가교통정보센터(국도),127.07793,36.932903
7683,E902869,[국도34]안동교리교차로,국가교통정보센터(국도),128.6552,36.577225
7684,E902870,[국도34]안동금당교,국가교통정보센터(국도),128.653779,36.586004
7685,E902871,[국도34]안동금당교,국가교통정보센터(국도),128.65545,36.58532
7686,E902872,[국도34]안동남후교차로,국가교통정보센터(국도),128.671525,36.537923
7687,E902873,[국도34]안동노동교(서안동IC),국가교통정보센터(국도),128.619146,36.589216
7688,E902874,[국도34]안동도청신도시IC교차로,국가교통정보센터(국도),128.53706,36.595146
7689,E902875,[국도34]안동매곡3교,국가교통정보센터(국도),128.57224,36.58568
7690,E902876,[국도34]안동상리1교,국가교통정보센터(국도),128.586435,36.587317
7691,E902877,[국도34]안동상리2교,국가교통정보센터(국도),128.59996,36.593193
7692,E902878,[국도34]안동소산1교,국가교통정보센터(국도),128.547863,36.587728
7693,E902879,[국도34]안동정하1교,국가교통정보센터(국도),128.7225,36.540833
7694,E902880,[국도34]안동학가산온천,국가교통정보센터(국도),128.644971,36.588778
7695,E902881,[국도34]안동한티IC교,국가교통정보센터(국도),128.70085,36.534355
7696,E902882,[국도34]안동화곡2교,국가교통정보센터(국도),128.651174,36.564148
7697,E902883,[국도34]예천가곡가도교동측,국가교통정보센터(국도),128.355066,36.611571
7698,E902884,[국도34]예천고평대교,국가교통정보센터(국도),128.485535017995,36.6245970659301
7699,E902885,[국도34]예천농공단지사거리,국가교통정보센터(국도),128.41785,36.63689
7700,E902886,[국도34]예천동예천교차로,국가교통정보센터(국도),128.47835,36.63249
7701,E902887,[국도34]예천비행장교차로,국가교통정보센터(국도),128.378102,36.622886
7702,E902888,[국도34]예천산택교차로부근,국가교통정보센터(국도),128.300722,36.607464
7703,E902889,[국도34]예천예천한우유통센터,국가교통정보센터(국도),128.515536,36.614755
7704,E902890,[국도34]예천용궁1교,국가교통정보센터(국도),128.272449,36.61113
7705,E902891,[국도34]예천용궁육교,국가교통정보센터(국도),128.29044,36.60879
7706,E902892,[국도34]예천장송마을삼거리,국가교통정보센터(국도),128.317336,36.617716
7707,E902893,[국도34]예천직산교,국가교통정보센터(국도),128.50456,36.615765
7708,E902894,[국도34]예천큰가락골,국가교통정보센터(국도),128.390809,36.628955
7709,E902895,[국도34]예천풍년휴게소,국가교통정보센터(국도),128.323913,36.621896
7710,E902896,[국도34]예천풍북육교,국가교통정보센터(국도),128.52895,36.604908
7711,E902897,[국도34]예천황산가도교,국가교통정보센터(국도),128.33478,36.615547
7712,E902898,[국도34]중리지하차도상행,국가교통정보센터(국도),127.493304,36.845358
7713,E902899,[국도34]중리지하차도하행,국가교통정보센터(국도),127.489912,36.845654
7714,E902900,[국도34]증평초중사거리,국가교통정보센터(국도),127.573166,36.78353
7715,E902901,[국도34]진천갈월리,국가교통정보센터(국도),127.3276,36.89268
7716,E902902,[국도34]진천건송교,국가교통정보센터(국도),127.40146,36.880825
7717,E902903,[국도34]진천건송리(1/3),국가교통정보센터(국도),127.40903,36.87173
7718,E902904,[국도34]진천건송리(2/3),국가교통정보센터(국도),127.404913,36.872581
7719,E902905,[국도34]진천건송리(3/3),국가교통정보센터(국도),127.399504,36.876008
7720,E902906,[국도34]진천구수리,국가교통정보센터(국도),127.337975,36.885921
7721,E902907,[국도34]진천구수삼거리,국가교통정보센터(국도),127.36641,36.885998
7722,E902908,[국도34]진천동잠교,국가교통정보센터(국도),127.532165,36.834969
7723,E902909,[국도34]진천백곡낚시터,국가교통정보센터(국도),127.397835,36.872192
7724,E902910,[국도34]진천백곡삼거리,국가교통정보센터(국도),127.382095,36.88037
7725,E902911,[국도34]진천백곡저수지삼거리,국가교통정보센터(국도),127.41595,36.86654
7726,E902912,[국도34]진천백곡전자통신단지,국가교통정보센터(국도),127.3474504,36.8831833
7727,E902913,[국도34]진천백곡초등학교,국가교통정보센터(국도),127.357467,36.882307
7728,E902914,[국도34]진천벽암사거리,국가교통정보센터(국도),127.43715,36.85947
7729,E902915,[국도34]진천사정마을입구,국가교통정보센터(국도),127.390428,36.873176
7730,E902916,[국도34]진천삼덕리,국가교통정보센터(국도),127.472767,36.850581
7731,E902917,[국도34]진천석탄교차로,국가교통정보센터(국도),127.50248,36.845218
7732,E902918,[국도34]진천수의삼거리,국가교통정보센터(국도),127.5565,36.783887
7733,E902919,[국도34]진천신성사거리,국가교통정보센터(국도),127.451852,36.862442
7734,E902920,[국도34]진천용전교차로,국가교통정보센터(국도),127.54877,36.780952
7735,E902921,[국도34]진천용정교차로,국가교통정보센터(국도),127.516495,36.84358
7736,E902922,[국도34]진천중리지하차도,국가교통정보센터(국도),127.489485,36.845927
7737,E902923,[국도34]진천진천역사테마공원,국가교통정보센터(국도),127.414505,36.872135
7738,E902924,[국도34]진천초평2터널,국가교통정보센터(국도),127.545093,36.790723
7739,E902925,[국도34]진천초평저수지(1/2),국가교통정보센터(국도),127.521957,36.813509
7740,E902926,[국도34]진천초평저수지(2/2),국가교통정보센터(국도),127.52778,36.82153
7741,E902927,[국도34]진천행정리,국가교통정보센터(국도),127.426675,36.862
7742,E902928,[국도34]진천화산교차로,국가교통정보센터(국도),127.52317,36.805676
7743,E902929,[국도34]천안국립축산과학원(1/2),국가교통정보센터(국도),127.10487,36.9263
7744,E902930,[국도34]천안국립축산과학원(2/2),국가교통정보센터(국도),127.09997,36.927125
7745,E902931,[국도34]천안군동교차로,국가교통정보센터(국도),127.1616051,36.8971648
7746,E902932,[국도34]천안북천안IC교차로,국가교통정보센터(국도),127.1751862,36.90205432
7747,E902933,[국도34]천안용정1교,국가교통정보센터(국도),127.187441,36.918901
7748,E902934,[국도34]천안우신1교차로,국가교통정보센터(국도),127.1155769,36.9254803
7749,E902935,[국도34]천안유리교차로,국가교통정보센터(국도),127.20908,36.925278
7750,E902936,[국도34]천안입장교차로,국가교통정보센터(국도),127.23635,36.922165
7751,E902937,[국도34호선]괴산청룡교,국가교통정보센터(국도),127.63083,36.79246
7752,E900299,[국도34호선]당진삽교교차로,국가교통정보센터(국도),126.8337419,36.8866906
7753,E900300,[국도34호선]당진신흥교차로,국가교통정보센터(국도),126.7881,36.87974
7754,E900301,[국도34호선]당진운정교차로,국가교통정보센터(국도),126.81398,36.88138
7755,E900302,[국도34호선]아산검문소,국가교통정보센터(국도),126.86466,36.87883
7756,E900303,[국도34호선]아산밀두교차로,국가교통정보센터(국도),126.8952778,36.8768287
7757,E900304,[국도34호선]아산신봉교차로,국가교통정보센터(국도),126.997552,36.902244
7758,E900305,[국도34호선]아산와우교차로,국가교통정보센터(국도),126.9511435,36.8892639
7759,E900306,[국도34호선]아산인주공단교차로,국가교통정보센터(국도),126.88307,36.87125
7760,E900307,[국도34호선]아산철봉교차로,국가교통정보센터(국도),126.972439,36.894838
7761,E902938,[국도34호선]안동강남터널서측,국가교통정보센터(국도),128.68172,36.533627
7762,E902939,[국도34호선]안동검암터널서측,국가교통정보센터(국도),128.65756,36.553635
7763,E902940,[국도34호선]안동노리교차로,국가교통정보센터(국도),128.62805,36.59032
7764,E902941,[국도34호선]예천가동교서측,국가교통정보센터(국도),128.40186,36.634575
7765,E902942,[국도34호선]예천가오실공원인근,국가교통정보센터(국도),128.34802,36.609947
7766,E902943,[국도34호선]예천새동산휴게소,국가교통정보센터(국도),128.30801,36.61151
7767,E902944,[국도34호선]예천예천만남의광장,국가교통정보센터(국도),128.36934,36.61957
7768,E902945,[국도34호선]예천용암리마을회관입구,국가교통정보센터(국도),128.35938,36.61638
7769,E902946,[국도34호선]증평사곡교차로,국가교통정보센터(국도),127.621583,36.789407
7770,E900308,[국도34호선]천안수헐교차로,국가교통정보센터(국도),127.1413043,36.89139441
7771,E902947,[국도35]경주내남교차로,국가교통정보센터(국도),129.2037722,35.74081111
7772,E902948,[국도35]경주노곡교,국가교통정보센터(국도),129.203235,35.725205
7773,E902949,[국도35]경주망성교남측,국가교통정보센터(국도),129.202002,35.783977
7774,E902950,[국도35]경주용장교,국가교통정보센터(국도),129.2009306,35.772125
7775,E902951,[국도35]안동골삽실교차로,국가교통정보센터(국도),128.886298,36.465045
7776,E902952,[국도35]안동금소교,국가교통정보센터(국도),128.850348,36.504737
7777,E902953,[국도35]안동길안마을1교차로,국가교통정보센터(국도),128.887869,36.457238
7778,E902954,[국도35]안동동안동1교차로,국가교통정보센터(국도),128.894176,36.447115
7779,E902955,[국도35]안동송제천,국가교통정보센터(국도),128.904475,36.300343
7780,E902956,[국도35]안동신기육교,국가교통정보센터(국도),128.860999,36.499822
7781,E902957,[국도35]안동신덕교,국가교통정보센터(국도),128.83669,36.520448
7782,E902958,[국도35]안동신석1교,국가교통정보센터(국도),128.777905,36.535401
7783,E902959,[국도35]안동안동레저낚시터,국가교통정보센터(국도),128.873327,36.489002
7784,E902960,[국도35]안동오대교차로,국가교통정보센터(국도),128.883749,36.477208
7785,E902961,[국도35]안동인덕터널남측,국가교통정보센터(국도),128.834786,36.527805
7786,E902962,[국도35]안동인덕터널북측,국가교통정보센터(국도),128.828164,36.534722
7787,E902963,[국도35]안동정상교차로,국가교통정보센터(국도),128.757029,36.541446
7788,E902964,[국도35]양산공암삼거리,국가교통정보센터(국도),129.051333,35.394213
7789,E902965,[국도35]양산남양산IC,국가교통정보센터(국도),129.0327056,35.32662778
7790,E902966,[국도35]양산내원사입구교차로,국가교통정보센터(국도),129.07198,35.441067
7791,E902967,[국도35]양산내원사입구삼거리,국가교통정보센터(국도),129.073985,35.449553
7792,E902968,[국도35]양산대석교,국가교통정보센터(국도),129.0561,35.39861
7793,E902969,[국도35]양산반회사거리,국가교통정보센터(국도),129.055957,35.409265
7794,E902970,[국도35]양산삼계교입구사거리,국가교통정보센터(국도),129.06369,35.42142
7795,E902971,[국도35]양산삼수삼거리,국가교통정보센터(국도),129.080556,35.461667
7796,E902972,"[국도35]양산석산교차로(남양산IC,석산지하차도북측)",국가교통정보센터(국도),129.029125,35.317872
7797,E902973,[국도35]양산소토삼거리,국가교통정보센터(국도),129.051222,35.38622949
7798,E902974,[국도35]양산신전마을입구삼거리,국가교통정보센터(국도),129.068957,35.434333
7799,E902975,[국도35]양산양산IC,국가교통정보센터(국도),129.0476361,35.37794167
7800,E902976,[국도35]양산지경고개삼거리(통도사IC),국가교통정보센터(국도),129.090995,35.496444
7801,E902977,[국도35]양산초산마을교차로,국가교통정보센터(국도),129.087541,35.481424
7802,E902978,[국도35]양산통도사사거리,국가교통정보센터(국도),129.088053,35.48847
7803,E902979,[국도35]영천농협산지유통센터,국가교통정보센터(국도),128.921561,36.03663
7804,E902980,[국도35]영천대천2리마을회관(서측),국가교통정보센터(국도),128.905788,36.040825
7805,E902981,[국도35]영천문화재연구원부근,국가교통정보센터(국도),128.8908173,35.94524194
7806,E902982,[국도35]영천보현산댐전망대,국가교통정보센터(국도),128.951881,36.126578
7807,E902983,[국도35]영천상송교차로,국가교통정보센터(국도),128.915002,36.156193
7808,E902984,[국도35]영천신호교차로(남측)(북영천IC),국가교통정보센터(국도),128.93299,36.024692
7809,E902985,[국도35]영천오동마을,국가교통정보센터(국도),128.91076,36.087007
7810,E902986,[국도35]영천용소교차로,국가교통정보센터(국도),128.936612,36.147377
7811,E902987,[국도35]영천원제교차로인접,국가교통정보센터(국도),128.90319,35.95338
7812,E902988,[국도35]영천자천삼거리,국가교통정보센터(국도),128.927538,36.115422
7813,E902989,[국도35]영천정다운휴게소,국가교통정보센터(국도),128.907635,36.079235
7814,E902990,[국도35]영천화북주유소,국가교통정보센터(국도),128.92372,36.1092972
7815,E902991,[국도35]울주가정마을교차로,국가교통정보센터(국도),129.19398,35.69358
7816,E902992,[국도35]울주고등골사거리,국가교통정보센터(국도),129.1331778,35.5845
7817,E902993,[국도35]울주고하마을입구교차로,국가교통정보센터(국도),129.14403,35.606372
7818,E902994,[국도35]울주교동삼거리,국가교통정보센터(국도),129.111944,35.539444
7819,E902995,[국도35]울주두동사거리,국가교통정보센터(국도),129.1654778,35.65204722
7820,E902996,[국도35]울주미호육교북측,국가교통정보센터(국도),129.184116,35.68493
7821,E902997,[국도35]울주방말입구교차로,국가교통정보센터(국도),129.156088,35.627366
7822,E902998,[국도35]울주삼남삼거리,국가교통정보센터(국도),129.1046041,35.53192773
7823,E902999,[국도35]울주서울산IC교차로,국가교통정보센터(국도),129.12551,35.55964
7824,E903000,[국도35]울주언양교차로,국가교통정보센터(국도),129.131718,35.576368
7825,E903001,[국도35]울주열박재교차로,국가교통정보센터(국도),129.1894,35.69078
7826,E903002,[국도35]울주인보교,국가교통정보센터(국도),129.16037,35.64006
7827,E903003,[국도35]울주작천정삼거리(서울산IC),국가교통정보센터(국도),129.116104,35.549056
7828,E903004,[국도35]울주전읍교,국가교통정보센터(국도),129.175386,35.670817
7829,E903005,[국도35]울주전읍마을교차로,국가교통정보센터(국도),129.1734389,35.66413056
7830,E903006,[국도35]울주천전삼거리,국가교통정보센터(국도),129.149375,35.617278
7831,E903007,[국도35]울주통도사교차로(통도사IC),국가교통정보센터(국도),129.093611,35.505
7832,E903008,[국도35]울주평리입구교차로,국가교통정보센터(국도),129.137976,35.600275
7833,E903009,[국도35]청송덕계삼거리,국가교통정보센터(국도),128.905832,36.290653
7834,E903010,[국도35]청송마사터널남측,국가교통정보센터(국도),128.903059,36.293526
7835,E903011,[국도35]청송월정삼거리,국가교통정보센터(국도),128.90715,36.203898
7836,E903021,[국도35호선]강릉IC,국가교통정보센터(국도),128.85442,37.7376
7837,E903012,[국도35호선]강릉도마1리마을회관,국가교통정보센터(국도),128.834033,37.677059
7838,E903013,[국도35호선]강릉도마2리마을회관,국가교통정보센터(국도),128.845877,37.660284
7839,E903014,[국도35호선]강릉목계교,국가교통정보센터(국도),128.859001,37.63768
7840,E903015,[국도35호선]강릉목계리,국가교통정보센터(국도),128.858691,37.583746
7841,E903016,[국도35호선]강릉방터골입구,국가교통정보센터(국도),128.854308,37.644219
7842,E903017,[국도35호선]강릉사반교,국가교통정보센터(국도),128.847487,37.530891
7843,E903018,[국도35호선]강릉사이소재교,국가교통정보센터(국도),128.848311,37.557373
7844,E900309,[국도35호선]강릉삽당령왕산사,국가교통정보센터(국도),128.859597,37.615163
7845,E900310,[국도35호선]강릉삽당령정상,국가교통정보센터(국도),128.853826,37.578039
7846,E903019,[국도35호선]강릉영골,국가교통정보센터(국도),128.859866,37.597263
7847,E903020,[국도35호선]강릉왕산터널(북),국가교통정보센터(국도),128.83006,37.6982
7848,E903022,[국도35호선]경주이조교,국가교통정보센터(국도),129.202794,35.755212
7849,E903023,[국도35호선]삼척갈전리,국가교통정보센터(국도),128.904755,37.378543
7850,E903024,[국도35호선]삼척갈전피암터널동측,국가교통정보센터(국도),128.890635,37.393842
7851,E903025,[국도35호선]삼척광동리,국가교통정보센터(국도),128.946277,37.347211
7852,E903026,[국도35호선]삼척숙암리,국가교통정보센터(국도),128.952339,37.342014
7853,E900311,[국도35호선]삼척숙암삼거리,국가교통정보센터(국도),128.969353,37.342413
7854,E903027,[국도35호선]삼척장전교북측,국가교통정보센터(국도),128.914619,37.369582
7855,E903028,[국도35호선]삼척장전리,국가교통정보센터(국도),128.92613,37.356342
7856,E903029,[국도35호선]삼척토산교,국가교통정보센터(국도),128.872869,37.387657
7857,E903030,[국도35호선]삼척토산리마을회관,국가교통정보센터(국도),128.872494,37.399382
7858,E903031,[국도35호선]성산면사무소입구,국가교통정보센터(국도),128.832896,37.720473
7859,E903032,[국도35호선]양산석산지하차도남측,국가교통정보센터(국도),129.02838,35.311726
7860,E903033,[국도35호선]영천고현천,국가교통정보센터(국도),128.8932698,36.05455162
7861,E903034,[국도35호선]영천금호IC육교,국가교통정보센터(국도),128.8843,35.94188
7862,E903035,[국도35호선]영천노귀재터널(남측),국가교통정보센터(국도),128.9104385,36.1722549
7863,E903036,[국도35호선]영천보현산댐공원,국가교통정보센터(국도),128.9387775,36.1204612
7864,E903037,[국도35호선]영천오동리,국가교통정보센터(국도),128.90966,36.09766
7865,E903038,[국도35호선]영천입석2교,국가교통정보센터(국도),128.94695,36.140556
7866,E903039,[국도35호선]영천하송교차로,국가교통정보센터(국도),128.924942,36.150789
7867,E903040,[국도35호선]영천화남119지역대,국가교통정보센터(국도),128.910713,36.08695
7868,E903041,[국도35호선]영천화북삼거리,국가교통정보센터(국도),128.91934,36.1071341
7869,E903042,[국도35호선]울주가천교삼거리,국가교통정보센터(국도),129.09769,35.51881
7870,E903043,[국도35호선]울주미호육교남측,국가교통정보센터(국도),129.18,35.68111
7871,E900312,[국도35호선]임계봉산,국가교통정보센터(국도),128.848654,37.473176
7872,E903044,[국도35호선]정선고단삼거리,국가교통정보센터(국도),128.84977,37.52073
7873,E903045,[국도35호선]정선문래2리,국가교통정보센터(국도),128.859529,37.42503
7874,E900313,[국도35호선]정선버들고개,국가교통정보센터(국도),128.850431,37.511293
7875,E900314,[국도35호선]정선용산리,국가교통정보센터(국도),128.856987,37.441844
7876,E903046,[국도35호선]정선월탄교,국가교통정보센터(국도),128.852278,37.457844
7877,E903047,[국도35호선]정선은고개,국가교통정보센터(국도),128.868113,37.403075
7878,E903048,[국도35호선]정선임계성당,국가교통정보센터(국도),128.850573,37.500017
7879,E903049,[국도35호선]청송모계리,국가교통정보센터(국도),128.899402,36.237959
7880,E903050,[국도35호선]청송수원당입구,국가교통정보센터(국도),128.8972638,36.2290015
7881,E903051,[국도35호선]태백미동초등학교,국가교통정보센터(국도),128.984798,37.257025
7882,E903052,[국도35호선]태백삼수령입구,국가교통정보센터(국도),128.98993,37.229754
7883,E903053,[국도35호선]태백상장삼거리,국가교통정보센터(국도),128.993427,37.146731
7884,E903054,[국도35호선]태백외나무골교,국가교통정보센터(국도),128.990494,37.302992
7885,E903055,[국도35호선]태백태백스포츠파크,국가교통정보센터(국도),128.978321,37.202445
7886,E903056,[국도35호선]태백하사미교,국가교통정보센터(국도),128.977855,37.320783
7887,E903059,[국도36]공주귀산2리교차로,국가교통정보센터(국도),127.1117665,36.49423768
7888,E903060,[국도36]공주동대교차로,국가교통정보센터(국도),127.060391,36.47217
7889,E903057,[국도36]공주방문리(사각),국가교통정보센터(국도),127.0701637,36.47512875
7890,E903061,[국도36]공주상서교,국가교통정보센터(국도),127.0837228,36.47583283
7891,E903062,[국도36]공주양촌교차로,국가교통정보센터(국도),127.0367,36.453148
7892,E903063,[국도36]공주월미농공단지입구,국가교통정보센터(국도),127.1030082,36.48582063
7893,E903064,[국도36]단양단성삼거리,국가교통정보센터(국도),128.3267,36.9353
7894,E903065,[국도36]단양북하삼거리(단양1교),국가교통정보센터(국도),128.3347,36.9306
7895,E903066,[국도36]단양쑥고개,국가교통정보센터(국도),128.3113,36.9354
7896,E903067,[국도36]단양외중방리,국가교통정보센터(국도),128.2991,36.9319
7897,E903068,[국도36]단양우화삼거리,국가교통정보센터(국도),128.3177,36.933
7898,E903069,[국도36]단양장회나루,국가교통정보센터(국도),128.25874,36.930405
7899,E903070,[국도36]단양장회리,국가교통정보센터(국도),128.242,36.9305
7900,E903071,[국도36]단양장회재구간(1/8),국가교통정보센터(국도),128.281952,36.926098
7901,E903072,[국도36]단양장회재구간(2/8),국가교통정보센터(국도),128.28158,36.927551
7902,E903073,[국도36]단양장회재구간(3/8),국가교통정보센터(국도),128.276856,36.929463
7903,E903074,[국도36]단양장회재구간(4/8),국가교통정보센터(국도),128.274597,36.929478
7904,E903075,[국도36]단양장회재구간(5/8),국가교통정보센터(국도),128.272644,36.929535
7905,E903076,[국도36]단양장회재구간(6/8),국가교통정보센터(국도),128.269531,36.930161
7906,E903077,[국도36]단양장회재구간(7/8),국가교통정보센터(국도),128.266434,36.930061
7907,E903078,[국도36]단양장회재구간(8/8),국가교통정보센터(국도),128.263724,36.930403
7908,E903079,[국도36]단양투구봉휴게소,국가교통정보센터(국도),128.29085,36.923656
7909,E903080,[국도36]보령고잠교차로,국가교통정보센터(국도),126.51522,36.31608
7910,E903081,[국도36]보령굿고개교차로,국가교통정보센터(국도),126.63041,36.377064
7911,E903082,[국도36]보령보령스포츠파크입구,국가교통정보센터(국도),126.52545,36.31648
7912,E903083,[국도36]보령소양삼거리,국가교통정보센터(국도),126.688545,36.395546
7913,E903084,[국도36]보령청라교차로,국가교통정보센터(국도),126.671196,36.39283
7914,E903085,[국도36]보령청천저수지,국가교통정보센터(국도),126.639369,36.379527
7915,E903086,[국도36]보령평정교차로,국가교통정보센터(국도),126.651665,36.386528
7916,E903087,[국도36]보령흑포삼거리,국가교통정보센터(국도),126.5357,36.31606
7917,E903088,[국도36]봉화거촌2교,국가교통정보센터(국도),128.769421,36.896704
7918,E903089,[국도36]봉화노루재터널서측,국가교통정보센터(국도),128.9775,36.919444
7919,E903090,[국도36]봉화다덕육교,국가교통정보센터(국도),128.83989,36.914703
7920,E903091,[국도36]봉화법전1교차로,국가교통정보센터(국도),128.96863,36.91616
7921,E903092,[국도36]봉화법전교동측,국가교통정보센터(국도),128.87968,36.915918
7922,E903093,[국도36]봉화법전제1육교,국가교통정보센터(국도),128.866582,36.912097
7923,E903094,[국도36]봉화봉화교차로,국가교통정보센터(국도),128.73691,36.875723
7924,E903095,[국도36]봉화봉화매립장,국가교통정보센터(국도),128.75592,36.890644
7925,E903096,[국도36]봉화분천1교차로,국가교통정보센터(국도),129.057892,36.929288
7926,E903098,[국도36]봉화소지교차로,국가교통정보센터(국도),128.88844,36.9213
7927,E903097,[국도36]봉화소지교차로동측,국가교통정보센터(국도),128.896453,36.923235
7928,E903099,[국도36]봉화수청교차로서측,국가교통정보센터(국도),128.9065,36.92255
7929,E903100,[국도36]봉화어르말교차로,국가교통정보센터(국도),128.94544,36.918584
7930,E903101,[국도36]봉화옹돌2교,국가교통정보센터(국도),128.85838,36.913315
7931,E903102,[국도36]봉화용동교차로,국가교통정보센터(국도),128.847669,36.915733
7932,E903103,[국도36]봉화우곡교차로,국가교통정보센터(국도),128.830302,36.909711
7933,E903104,[국도36]봉화운곡천교,국가교통정보센터(국도),128.92482,36.91926
7934,E903105,[국도36]봉화음지교차로,국가교통정보센터(국도),128.81406,36.915165
7935,E903106,[국도36]봉화창평터널동측,국가교통정보센터(국도),128.794088,36.906635
7936,E903107,[국도36]봉화춘양교차로,국가교통정보센터(국도),128.91655,36.920488
7937,E903108,[국도36]봉화포저교동측,국가교통정보센터(국도),128.746223,36.879127
7938,E903109,[국도36]세종봉안교차로,국가교통정보센터(국도),127.2206,36.49865
7939,E903110,[국도36]세종은용교차로,국가교통정보센터(국도),127.2122,36.491367
7940,E903111,[국도36]세종하봉교차로,국가교통정보센터(국도),127.200931,36.489143
7941,E903112,[국도36]영주봉산교차로,국가교통정보센터(국도),128.638995,36.846957
7942,E903113,[국도36]영주신암교차로,국가교통정보센터(국도),128.684869,36.852565
7943,E903114,[국도36]영주큰골교차로,국가교통정보센터(국도),128.696158,36.854695
7944,E903115,[국도36]음성비산삼거리,국가교통정보센터(국도),127.73013,36.94242
7945,E903116,[국도36]음성상당2리,국가교통정보센터(국도),127.682156,36.899774
7946,E903117,[국도36]음성신천삼거리,국가교통정보센터(국도),127.690834,36.916054
7947,E903118,[국도36]음성음성교,국가교통정보센터(국도),127.6952083,36.9225037
7948,E903119,[국도36]음성충주시경계(사각),국가교통정보센터(국도),127.7539074,36.95109906
7949,E903120,[국도36]음성평곡사거리,국가교통정보센터(국도),127.6974476,36.93282748
7950,E903058,[국도36]음성한벌리(1/2),국가교통정보센터(국도),127.699895,36.943271
7951,E903121,[국도36]음성한벌리(2/2)(사각),국가교통정보센터(국도),127.7137997,36.94481866
7952,E903122,[국도36]제천계란리(1/2),국가교통정보센터(국도),128.2265,36.9298
7953,E903123,[국도36]제천계란리(2/2),국가교통정보센터(국도),128.2294,36.9298
7954,E903124,[국도36]제천내리,국가교통정보센터(국도),128.1916,36.9201
7955,E903125,[국도36]제천내리정류장,국가교통정보센터(국도),128.180771,36.926735
7956,E903126,[국도36]제천상탄지마을입구,국가교통정보센터(국도),128.0937,36.9233
7957,E903127,[국도36]제천성암리,국가교통정보센터(국도),128.1791,36.9149
7958,E903128,[국도36]제천성암회전교차로,국가교통정보센터(국도),128.1619,36.9164
7959,E903129,[국도36]제천성천교,국가교통정보센터(국도),128.1095,36.9143
7960,E903130,[국도36]제천수산리,국가교통정보센터(국도),128.1936,36.9355
7961,E903131,[국도36]제천수산사거리,국가교통정보센터(국도),128.178,36.9351
7962,E903132,[국도36]제천숫갓입구,국가교통정보센터(국도),128.0998,36.9171
7963,E903134,[국도36]제천신현리,국가교통정보센터(국도),128.1519,36.9253
7964,E903133,[국도36]제천신현리월악로9길앞,국가교통정보센터(국도),128.1213,36.9259
7965,E903135,[국도36]제천신현리입구,국가교통정보센터(국도),128.1417,36.9278
7966,E903136,[국도36]제천원대삼거리,국가교통정보센터(국도),128.2156,36.9317
7967,E903137,[국도36]제천탄지리,국가교통정보센터(국도),128.0859,36.9162
7968,E903138,[국도36]증평군청사거리,국가교통정보센터(국도),127.576783,36.785294
7969,E903139,[국도36]증평미암교,국가교통정보센터(국도),127.59573,36.79126
7970,E903140,[국도36]증평옥수교,국가교통정보센터(국도),127.5683187,36.78034483
7971,E903141,[국도36]증평울어바위앞삼거리,국가교통정보센터(국도),127.61404,36.80289
7972,E903142,[국도36]청양가래울골,국가교통정보센터(국도),126.859155,36.464475
7973,E903143,[국도36]청양가야미교,국가교통정보센터(국도),126.994493,36.410119
7974,E903144,[국도36]청양가야미교차로,국가교통정보센터(국도),126.986694,36.408764
7975,E903145,[국도36]청양고산저수지,국가교통정보센터(국도),126.71995,36.428038
7976,E903146,[국도36]청양구재교차로,국가교통정보센터(국도),126.72551,36.433792
7977,E903147,[국도36]청양국원교차로,국가교통정보센터(국도),126.70761,36.41747
7978,E903148,[국도36]청양대박1교,국가교통정보센터(국도),126.933447,36.435681
7979,E903149,[국도36]청양대치천교,국가교통정보센터(국도),126.82832,36.453922
7980,E903150,[국도36]청양마치교차로,국가교통정보센터(국도),126.91136,36.440742
7981,E903151,[국도36]청양목면교차로,국가교통정보센터(국도),127.009674,36.42948
7982,E903152,[국도36]청양백곡교차로,국가교통정보센터(국도),126.96914,36.408913
7983,E903153,[국도36]청양벽천교차로,국가교통정보센터(국도),126.799743,36.44284
7984,E903154,[국도36]청양수자골,국가교통정보센터(국도),126.885704,36.462677
7985,E903155,[국도36]청양시전1교,국가교통정보센터(국도),126.850624,36.465614
7986,E903156,[국도36]청양신정교차로,국가교통정보센터(국도),126.744914,36.451252
7987,E903157,[국도36]청양심곡교차로,국가교통정보센터(국도),126.769841,36.452829
7988,E903158,[국도36]청양안심교차로,국가교통정보센터(국도),127.000521,36.41662
7989,E903159,[국도36]청양역촌교,국가교통정보센터(국도),126.95782,36.42097
7990,E903160,[국도36]청양이화교차로,국가교통정보센터(국도),126.87329,36.465897
7991,E903161,[국도36]청양장승교차로,국가교통정보센터(국도),126.78371,36.448322
7992,E903162,[국도36]청양정산교차로,국가교통정보센터(국도),126.95249,36.428467
7993,E903163,[국도36]청양주정교차로,국가교통정보센터(국도),126.841511,36.460317
7994,E903164,[국도36]청양지곡교,국가교통정보센터(국도),126.974303,36.407044
7995,E903165,[국도36]청양진골교차로,국가교통정보센터(국도),126.697741,36.407656
7996,E903166,[국도36]청양청대골교차로,국가교통정보센터(국도),126.735146,36.443703
7997,E903167,[국도36]청양형산교차로,국가교통정보센터(국도),126.890027,36.457773
7998,E903168,[국도36]청양화물공영차고지,국가교통정보센터(국도),126.81288,36.447983
7999,E903169,[국도36]청주국동교차로,국가교통정보센터(국도),127.52139,36.68139
8000,E903170,[국도36]청주금암교차로,국가교통정보센터(국도),127.5618598,36.75585203
8001,E903171,[국도36]청주내추교차로,국가교통정보센터(국도),127.56139,36.76478
8002,E903172,[국도36]청주미호강교동측,국가교통정보센터(국도),127.354558,36.62347
8003,E903173,[국도36]청주신기교차로,국가교통정보센터(국도),127.5523,36.72999
8004,E903174,[국도36]청주은곡리,국가교통정보센터(국도),127.5325338,36.69827825
8005,E903175,[국도36]청주장재교차로,국가교통정보센터(국도),127.55339,36.73967
8006,E903176,[국도36]청주학평지하차도,국가교통정보센터(국도),127.5540733,36.71688363
8007,E903177,[국도36]충주내사리(1/2),국가교통정보센터(국도),127.9996,36.8953
8008,E903178,[국도36]충주내사리(2/2),국가교통정보센터(국도),128.0035,36.9013
8009,E903179,[국도36]충주대곡리(사각),국가교통정보센터(국도),127.7681985,36.95928242
8010,E903180,[국도36]충주동막골영농조합,국가교통정보센터(국도),128.0103,36.9007
8011,E903181,[국도36]충주보사골입구,국가교통정보센터(국도),128.0172,36.9087
8012,E903182,[국도36]충주신당1교,국가교통정보센터(국도),128.0339,36.9184
8013,E903183,[국도36]충주신당2교,국가교통정보센터(국도),128.0461,36.9245
8014,E903184,[국도36]충주신당교,국가교통정보센터(국도),128.0605,36.9196
8015,E903185,[국도36]충주신매리,국가교통정보센터(국도),128.0279,36.9119
8016,E903186,[국도36]충주용천1리,국가교통정보센터(국도),127.9879,36.8961
8017,E903187,[국도36]충주월악교,국가교통정보센터(국도),128.0687,36.913
8018,E903188,[국도36]충주주덕오거리,국가교통정보센터(국도),127.790421,36.97363288
8019,E903189,[국도36]학평지하차도상행,국가교통정보센터(국도),127.553967,36.716009
8020,E903190,[국도36]학평지하차도하행,국가교통정보센터(국도),127.553598,36.715021
8021,E900315,[국도36호선]공주질마교차로,국가교통정보센터(국도),127.09402,36.47847
8022,E903191,[국도36호선]봉화금호주유소,국가교통정보센터(국도),128.80643,36.91086
8023,E903192,[국도36호선]봉화꼬치비교(꼬치비재터널서측),국가교통정보센터(국도),129.071459,36.944542
8024,E903193,[국도36호선]봉화노루재터널동측,국가교통정보센터(국도),128.99194,36.9375
8025,E903194,[국도36호선]봉화문단교,국가교통정보센터(국도),128.66757,36.846737
8026,E903195,[국도36호선]봉화법전교서측,국가교통정보센터(국도),128.8719,36.915863
8027,E903196,[국도36호선]봉화봉화매립장남측,국가교통정보센터(국도),128.7517,36.882324
8028,E903197,[국도36호선]봉화분천2교차로(자마터널남측),국가교통정보센터(국도),129.063733,36.932393
8029,E903198,[국도36호선]봉화분천낙동강비경전망공원(자마터널북측),국가교통정보센터(국도),129.06417,36.939922
8030,E903199,[국도36호선]봉화유산교남측,국가교통정보센터(국도),128.7263,36.8679
8031,E903200,[국도36호선]영주꽁밭골지부근,국가교통정보센터(국도),128.70642,36.85934
8032,E903201,[국도36호선]울진고성1교(고성졸음쉼터서측),국가교통정보센터(국도),129.369239,37.004408
8033,E903202,[국도36호선]울진고성2교(고성졸음쉼터동측),국가교통정보센터(국도),129.381211,37.00597
8034,E903203,[국도36호선]울진광비천교(꼬치비재터널동측)(낙석주의),국가교통정보센터(국도),129.089441,36.947521
8035,E903204,[국도36호선]울진금강송1터널서측,국가교통정보센터(국도),129.186268,36.934687
8036,E903205,[국도36호선]울진금강송2터널동측,국가교통정보센터(국도),129.211519,36.937366
8037,E903206,[국도36호선]울진금산터널지나370M,국가교통정보센터(국도),129.347742,36.987323
8038,E903207,[국도36호선]울진답운교차로동측,국가교통정보센터(국도),129.16821,36.932429
8039,E903208,[국도36호선]울진답운재터널동측,국가교통정보센터(국도),129.157261,36.928257
8040,E903209,[국도36호선]울진대흥1교(불영계곡3터널동측),국가교통정보센터(국도),129.294088,36.966651
8041,E903210,[국도36호선]울진대흥2교(대흥터널서측),국가교통정보센터(국도),129.302894,36.971936
8042,E903211,[국도36호선]울진대흥4교(대흥터널동측),국가교통정보센터(국도),129.316694,36.9801
8043,E903212,[국도36호선]울진대흥5교(금산터널서측),국가교통정보센터(국도),129.329686,36.985283
8044,E903213,[국도36호선]울진덕거리교~광덕천교,국가교통정보센터(국도),129.178003,36.932772
8045,E903214,[국도36호선]울진명도교(교량),국가교통정보센터(국도),129.392197,37.010754
8046,E903215,[국도36호선]울진삼근1터널서측,국가교통정보센터(국도),129.226808,36.939742
8047,E903216,[국도36호선]울진수평교(삼근1터널동측),국가교통정보센터(국도),129.240116,36.94007
8048,E903217,[국도36호선]울진신림1교(교량),국가교통정보센터(국도),129.359779,36.993971
8049,E903218,[국도36호선]울진옥방교인접,국가교통정보센터(국도),129.13167,36.929443
8050,E903219,[국도36호선]울진온양교차로,국가교통정보센터(국도),129.404232,37.014163
8051,E903220,[국도36호선]울진하원1교(불영계곡1터널동측),국가교통정보센터(국도),129.252758,36.94727
8052,E903221,[국도36호선]울진하원2교(불영계곡1터널동측),국가교통정보센터(국도),129.25894,36.953445
8053,E903222,[국도36호선]울징금강송2터널서측,국가교통정보센터(국도),129.193456,36.93444
8054,E900316,[국도36호선]음성소이삼거리,국가교통정보센터(국도),127.75,36.946
8055,E900317,[국도36호선]음성음성교차로,국가교통정보센터(국도),127.689,36.914
8056,E900318,[국도36호선]증평화성교차로,국가교통정보센터(국도),127.609,36.794
8057,E900319,[국도36호선]청주강내면,국가교통정보센터(국도),127.36456,36.62497
8058,E900320,[국도36호선]청주묵방1교,국가교통정보센터(국도),127.527102590041,36.6873942120817
8059,E900321,[국도36호선]청주오송삼거리,국가교통정보센터(국도),127.32742,36.61071
8060,E900322,[국도36호선]청주옥수삼거리,국가교통정보센터(국도),127.564,36.769
8061,E900323,[국도36호선]청주월곡리,국가교통정보센터(국도),127.3751228,36.6231893
8062,E900324,[국도36호선]청주학평교차로,국가교통정보센터(국도),127.5480749,36.70993493
8063,E900325,[국도36호선]충주양지삼거리,국가교통정보센터(국도),127.785,36.964
8064,E903223,[국도37]괴산가는골,국가교통정보센터(국도),127.754195,36.684415
8065,E903224,[국도37]괴산강평교,국가교통정보센터(국도),127.747561,36.632576
8066,E903225,[국도37]괴산강평들,국가교통정보센터(국도),127.747269,36.65201
8067,E903226,[국도37]괴산구만동천농촌체험관,국가교통정보센터(국도),127.752685,36.628338
8068,E903227,[국도37]괴산금평리,국가교통정보센터(국도),127.755136,36.681333
8069,E903228,[국도37]괴산금평삼거리,국가교통정보센터(국도),127.757493,36.674542
8070,E903229,[국도37]괴산길선1교차로,국가교통정보센터(국도),127.7274,36.8693
8071,E903230,[국도37]괴산길선2교차로,국가교통정보센터(국도),127.7152,36.8738
8072,E903231,[국도37]괴산너럭바위,국가교통정보센터(국도),127.799294,36.62411
8073,E903232,[국도37]괴산망개나무자생지입구,국가교통정보센터(국도),127.807636,36.619209
8074,E903233,[국도37]괴산무릉교,국가교통정보센터(국도),127.749142,36.691961
8075,E903234,[국도37]괴산부엉디미산,국가교통정보센터(국도),127.7767,36.825
8076,E903235,[국도37]괴산부흥2리,국가교통정보센터(국도),127.731591,36.703248
8077,E903236,[국도37]괴산부흥3리,국가교통정보센터(국도),127.737258,36.696747
8078,E903237,[국도37]괴산사담계곡(1/2),국가교통정보센터(국도),127.808372,36.62573
8079,E903238,[국도37]괴산사담계곡(2/2),국가교통정보센터(국도),127.804645,36.625781
8080,E903239,[국도37]괴산사담골,국가교통정보센터(국도),127.808264,36.622393
8081,E903240,[국도37]괴산사담모랭이들,국가교통정보센터(국도),127.796772,36.6272
8082,E903241,[국도37]괴산상신리,국가교통정보센터(국도),127.793434,36.632186
8083,E903242,[국도37]괴산샘고개,국가교통정보센터(국도),127.749744,36.668498
8084,E903243,[국도37]괴산소수1교,국가교통정보센터(국도),127.7413,36.8575
8085,E903244,[국도37]괴산쇠삐리골(1/2),국가교통정보센터(국도),127.815277,36.61201
8086,E903245,[국도37]괴산쇠삐리골(2/2),국가교통정보센터(국도),127.809867,36.615968
8087,E903246,[국도37]괴산신월교,국가교통정보센터(국도),127.77883,36.635549
8088,E903247,[국도37]괴산신월리(1/2),국가교통정보센터(국도),127.782142,36.635568
8089,E903248,[국도37]괴산신월리(2/2),국가교통정보센터(국도),127.772922,36.63175
8090,E903249,[국도37]괴산아성1교차로,국가교통정보센터(국도),127.7613,36.8359
8091,E903250,[국도37]괴산아성2교,국가교통정보센터(국도),127.7727,36.8301
8092,E903251,[국도37]괴산입암1교,국가교통정보센터(국도),127.7478,36.8475
8093,E903252,[국도37]괴산작은도둑골,국가교통정보센터(국도),127.752863,36.689029
8094,E903253,[국도37]괴산청천리,국가교통정보센터(국도),127.742975,36.663931
8095,E903254,[국도37]괴산청천사거리,국가교통정보센터(국도),127.7391,36.659483
8096,E903255,[국도37]괴산평단리(1/2),국가교통정보센터(국도),127.768377,36.630061
8097,E903256,[국도37]괴산평단리(2/2),국가교통정보센터(국도),127.76166,36.622881
8098,E903257,[국도37]괴산평단저수지남측,국가교통정보센터(국도),127.75847,36.622134
8099,E903258,[국도37]괴산평단저수지북측,국가교통정보센터(국도),127.753559,36.624722
8100,E903259,[국도37]금산관천마을입구,국가교통정보센터(국도),127.5299,36.0683
8101,E903260,[국도37]금산마장리,국가교통정보센터(국도),127.5193,36.078
8102,E903261,[국도37]금산마전교차로,국가교통정보센터(국도),127.4737,36.1869
8103,E903262,[국도37]금산백일사입구,국가교통정보센터(국도),127.5744924,36.0317713
8104,E903263,[국도37]금산부리파출소앞,국가교통정보센터(국도),127.5533,36.0639
8105,E903264,[국도37]금산불이리(1/2),국가교통정보센터(국도),127.5388,36.0644
8106,E903265,[국도37]금산불이리(2/2),국가교통정보센터(국도),127.5428,36.0636
8107,E903266,[국도37]금산삼풍삼거리,국가교통정보센터(국도),127.505,36.0927
8108,E903267,[국도37]금산신대리,국가교통정보센터(국도),127.5048,36.0881
8109,E903268,[국도37]금산양전교차로,국가교통정보센터(국도),127.4938,36.1152
8110,E903269,[국도37]금산엑스포삼거리,국가교통정보센터(국도),127.5033,36.0984
8111,E903270,[국도37]금산인삼탑교차로,국가교통정보센터(국도),127.4969,36.1372
8112,E903271,[국도37]금산중도오거리,국가교통정보센터(국도),127.4995,36.1038
8113,E903272,[국도37]금산지사천교,국가교통정보센터(국도),127.4966,36.1206
8114,E903273,[국도37]금산추정삼거리,국가교통정보센터(국도),127.4738,36.1758
8115,E903274,[국도37]금산하신리교차로,국가교통정보센터(국도),127.4750258,36.1608187
8116,E903275,[국도37]금산현내리(1/2),국가교통정보센터(국도),127.5685765,36.0384461
8117,E903276,[국도37]금산현내리(2/2),국가교통정보센터(국도),127.5630428,36.0435745
8118,E903277,[국도37]금산현내삼거리,국가교통정보센터(국도),127.5575,36.0553
8119,E903278,[국도37]금산황풍교교차로,국가교통정보센터(국도),127.506,36.0821
8120,E903279,[국도37]보은거현천1교,국가교통정보센터(국도),127.698566,36.443181
8121,E903280,[국도37]보은누청리,국가교통정보센터(국도),127.753485,36.503099
8122,E903281,[국도37]보은대원리(1/2),국가교통정보센터(국도),127.785354,36.587031
8123,E903282,[국도37]보은대원리(2/2),국가교통정보센터(국도),127.787917,36.591714
8124,E903283,[국도37]보은동학터널,국가교통정보센터(국도),127.764497,36.518429
8125,E903284,[국도37]보은두메마을입구,국가교통정보센터(국도),127.783885,36.590341
8126,E903285,[국도37]보은백석리,국가교통정보센터(국도),127.773352,36.561833
8127,E903286,[국도37]보은백석삼거리,국가교통정보센터(국도),127.769442,36.56845
8128,E903287,[국도37]보은백현교,국가교통정보센터(국도),127.780305,36.554356
8129,E903288,[국도37]보은백현리(1/2),국가교통정보센터(국도),127.782982,36.558239
8130,E903289,[국도37]보은백현리(2/2),국가교통정보센터(국도),127.782062,36.561667
8131,E903290,[국도37]보은북암리(1/2),국가교통정보센터(국도),127.787528,36.543518
8132,E903291,[국도37]보은북암리(2/2),국가교통정보센터(국도),127.785317,36.550031
8133,E903292,[국도37]보은성족리,국가교통정보센터(국도),127.755816,36.51123
8134,E903293,[국도37]보은성족삼거리,국가교통정보센터(국도),127.759653,36.518844
8135,E903294,[국도37]보은속리터널,국가교통정보센터(국도),127.78467,36.510286
8136,E903295,[국도37]보은신정리,국가교통정보센터(국도),127.784682,36.579748
8137,E903296,[국도37]보은장갑리,국가교통정보센터(국도),127.776075,36.57415
8138,E903297,[국도37]보은장갑삼거리,국가교통정보센터(국도),127.767297,36.574184
8139,E903298,[국도37]보은중판문화마을,국가교통정보센터(국도),127.784111,36.528403
8140,E903299,[국도37]보은중판삼거리,국가교통정보센터(국도),127.794188,36.519726
8141,E903300,[국도37]보은충북알프스자연휴양림,국가교통정보센터(국도),127.781888,36.576967
8142,E903301,[국도37]보은하판리,국가교통정보센터(국도),127.783124,36.532868
8143,E903302,[국도37]보은활목고개,국가교통정보센터(국도),127.794328,36.593974
8144,E903303,[국도37]상주용화삼거리,국가교통정보센터(국도),127.825407,36.600517
8145,E903304,[국도37]상주용화휴게소,국가교통정보센터(국도),127.822154,36.599676
8146,E903305,[국도37]상주운흥2리입구,국가교통정보센터(국도),127.820517,36.60523
8147,E903306,[국도37]상주운흥리,국가교통정보센터(국도),127.817449,36.5964
8148,E903307,[국도37]상주활목재생태통로,국가교통정보센터(국도),127.799401,36.59466
8149,E903308,[국도37]연천궁평초등학교,국가교통정보센터(국도),127.1054736,38.02867785
8150,E903309,[국도37]옥천국원교차로,국가교통정보센터(국도),127.593472,36.349824
8151,E903310,[국도37]옥천국원리,국가교통정보센터(국도),127.58672,36.34348
8152,E903311,[국도37]옥천동평사거리,국가교통정보센터(국도),127.525111,36.271034
8153,E903312,[국도37]옥천상복교차로,국가교통정보센터(국도),127.50939,36.25081
8154,E903313,[국도37]옥천서대리,국가교통정보센터(국도),127.66465,36.39957
8155,E903314,[국도37]옥천서정육교,국가교통정보센터(국도),127.5566012,36.3117883
8156,E903315,[국도37]옥천소정리(1/2),국가교통정보센터(국도),127.601585,36.356786
8157,E903316,[국도37]옥천소정리(2/2),국가교통정보센터(국도),127.610853,36.367126
8158,E903317,[국도37]옥천안내교차로,국가교통정보센터(국도),127.652434,36.387172
8159,E903318,[국도37]옥천옥각교차로,국가교통정보센터(국도),127.56942,36.32053
8160,E903319,[국도37]옥천옥천중앙비축창고,국가교통정보센터(국도),127.573238517087,36.3248541051212
8161,E903320,[국도37]옥천인포교차로,국가교통정보센터(국도),127.65091,36.37885
8162,E903321,[국도37]옥천장계2교차로,국가교통정보센터(국도),127.645091,36.371178
8163,E903322,[국도37]옥천지오리,국가교통정보센터(국도),127.57957,36.33295
8164,E903323,[국도37]옥천하동리,국가교통정보센터(국도),127.52881,36.288767
8165,E903324,[국도37]옥천현리교차로,국가교통정보센터(국도),127.661462,36.392654
8166,E903325,[국도37]음성감우리,국가교통정보센터(국도),127.63885,36.961967
8167,E903326,[국도37]음성구안1교차로,국가교통정보센터(국도),127.7106,36.8807
8168,E903327,[국도37]음성구안2교차로,국가교통정보센터(국도),127.7028,36.8914
8169,E903328,[국도37]음성무극교차로,국가교통정보센터(국도),127.609263,36.992156
8170,E903329,[국도37]음성사정교차로,국가교통정보센터(국도),127.629896,36.968655
8171,E903330,[국도37]음성사정리,국가교통정보센터(국도),127.62452,36.976734
8172,E903331,[국도37]음성소여교,국가교통정보센터(국도),127.665535,36.936819
8173,E903332,[국도37]음성소여교차로,국가교통정보센터(국도),127.64627,36.95002
8174,E903333,[국도37]음성소여리,국가교통정보센터(국도),127.65697,36.942077
8175,E903334,[국도37]음성신천교차로,국가교통정보센터(국도),127.66877,36.92462
8176,E903335,[국도37]음성음성IC교,국가교통정보센터(국도),127.6893,36.9158
8177,E903336,[국도37]음성음성IC교차로,국가교통정보센터(국도),127.61832,36.98537
8178,E903337,[국도37]음성주주골제,국가교통정보센터(국도),127.680598,36.920364
8179,E903338,[국도37]음성하노교차로,국가교통정보센터(국도),127.6984,36.9045
8180,E903351,[국도37호선]가평군설악면가일리(4),국가교통정보센터(국도),127.48695,37.59623
8181,E903352,[국도37호선]가평군설악면방일리(1),국가교통정보센터(국도),127.48868,37.612698
8182,E903353,[국도37호선]가평군설악면방일리(2),국가교통정보센터(국도),127.49306,37.627872
8183,E903354,[국도37호선]가평군설악면신천리,국가교통정보센터(국도),127.479574,37.657744
8184,E903355,[국도37호선]가평군설악면천안리(1),국가교통정보센터(국도),127.480818,37.637709
8185,E903356,[국도37호선]가평군설악면천안리(2),국가교통정보센터(국도),127.47266,37.64531
8186,E903357,[국도37호선]가평군설악면회곡리(1),국가교통정보센터(국도),127.4587541,37.69937162
8187,E903358,[국도37호선]가평군설악면회곡리(2),국가교통정보센터(국도),127.4535,37.702438
8188,E903359,[국도37호선]가평군설악면회곡리(3),국가교통정보센터(국도),127.44876,37.704605
8189,E903360,[국도37호선]가평군설악면회곡리(4),국가교통정보센터(국도),127.43977,37.715683
8190,E903361,[국도37호선]가평군설악면회곡리(5),국가교통정보센터(국도),127.428849,37.721224
8191,E903362,[국도37호선]가평군설악면회곡리(6),국가교통정보센터(국도),127.42721,37.72189
8192,E903339,[국도37호선]가평다원교차로,국가교통정보센터(국도),127.406456,37.755799
8193,E903340,[국도37호선]가평명장삼거리,국가교통정보센터(국도),127.483826,37.668056
8194,E900326,[국도37호선]가평봉수교차로,국가교통정보센터(국도),127.2918194,37.86478611
8195,E903341,[국도37호선]가평상면교,국가교통정보센터(국도),127.3819903,37.7720955
8196,E903342,[국도37호선]가평상면터널(북),국가교통정보센터(국도),127.37193,37.77703
8197,E903343,[국도37호선]가평서파교차로북측,국가교통정보센터(국도),127.283436,37.85183
8198,E903344,[국도37호선]가평설악IC교차로,국가교통정보센터(국도),127.48661,37.67392
8199,E903345,[국도37호선]가평성적교,국가교통정보센터(국도),127.33715,37.81923
8200,E900327,[국도37호선]가평솔고개,국가교통정보센터(국도),127.471138,37.676641
8201,E903346,[국도37호선]가평신천교차로,국가교통정보센터(국도),127.485388,37.678092
8202,E903347,[국도37호선]가평자작4교전,국가교통정보센터(국도),127.2973751,37.8285017
8203,E903348,[국도37호선]가평하천교차로,국가교통정보센터(국도),127.43086,37.749844
8204,E903349,[국도37호선]가평항사1교,국가교통정보센터(국도),127.36792,37.79152
8205,E903350,[국도37호선]가평회곡2리,국가교통정보센터(국도),127.470112,37.684226
8206,E903363,[국도37호선]거창덕유산유스호스텔,국가교통정보센터(국도),127.836945,35.85361
8207,E903364,[국도37호선]거창빼재터널남측,국가교통정보센터(국도),127.835,35.856667
8208,E903365,[국도37호선]무주가당리1,국가교통정보센터(국도),127.578285,36.02405
8209,E903366,[국도37호선]무주가당리2,국가교통정보센터(국도),127.5808488,36.0181398
8210,E903367,[국도37호선]양평개군면입구,국가교통정보센터(국도),127.537334,37.42931788
8211,E900328,[국도37호선]양평공세교차로,국가교통정보센터(국도),127.528398,37.462805
8212,E903370,[국도37호선]양평군옥천면신복리(5),국가교통정보센터(국도),127.46199,37.58459
8213,E903371,[국도37호선]양평군옥천면신복리(7),국가교통정보센터(국도),127.47086,37.530062
8214,E903372,[국도37호선]양평군옥천면신복리(8),국가교통정보센터(국도),127.46427,37.535793
8215,E903373,[국도37호선]양평군옥천면신복리(9),국가교통정보센터(국도),127.463565,37.54435
8216,E900329,[국도37호선]양평백안교차로,국가교통정보센터(국도),127.517681,37.487125
8217,E903368,[국도37호선]양평신애삼거리,국가교통정보센터(국도),127.486816,37.517047
8218,E900330,[국도37호선]양평양평교차로,국가교통정보센터(국도),127.512697,37.497094
8219,E903369,[국도37호선]양평옥천저수지,국가교통정보센터(국도),127.47759,37.52564
8220,E900331,[국도37호선]양평중미산삼거리,국가교통정보센터(국도),127.45695,37.57775
8221,E900332,[국도37호선]양평회현교차로,국가교통정보센터(국도),127.518427,37.475449
8222,E900333,[국도37호선]여주가산교차로,국가교통정보센터(국도),127.6196694,37.3441278
8223,E900334,[국도37호선]여주농어촌지반공사,국가교통정보센터(국도),127.53955,37.41181
8224,E903374,[국도37호선]여주덕평삼거리,국가교통정보센터(국도),127.662249,37.187012
8225,E900335,[국도37호선]여주보통교차로,국가교통정보센터(국도),127.581238,37.372154
8226,E900336,[국도37호선]여주세종대교,국가교통정보센터(국도),127.61748,37.30175
8227,E903377,[국도37호선]여주시당남리,국가교통정보센터(국도),127.554202,37.391397
8228,E903378,[국도37호선]여주시당산리,국가교통정보센터(국도),127.590656,37.356905
8229,E900338,[국도37호선]여주시대신IC,국가교통정보센터(국도),127.569057,37.380828
8230,E903379,[국도37호선]여주시점동면덕평리(1),국가교통정보센터(국도),127.64173,37.16389
8231,E903380,[국도37호선]여주시점동면덕평리(2),국가교통정보센터(국도),127.661125,37.17468
8232,E900339,[국도37호선]여주시현암IC,국가교통정보센터(국도),127.628223,37.318813
8233,E903375,[국도37호선]여주처리교차로,국가교통정보센터(국도),127.6657,37.222332
8234,E900337,[국도37호선]여주천서사거리,국가교통정보센터(국도),127.545527777778,37.4037277777778
8235,E903376,[국도37호선]여주청안교차로,국가교통정보센터(국도),127.667885,37.20564
8236,E900340,[국도37호선]연천남계교차로,국가교통정보센터(국도),127.024756,38.019369
8237,E903381,[국도37호선]연천동이교차로,국가교통정보센터(국도),127.00398,38.01088
8238,E903382,[국도37호선]연천박석고개사거리,국가교통정보센터(국도),127.127087,38.022307
8239,E900341,[국도37호선]연천은대교차로,국가교통정보센터(국도),127.066025,38.044781
8240,E903383,[국도37호선]연천장탄교차로,국가교통정보센터(국도),127.088807,38.034119
8241,E903384,[국도37호선]연천전곡대교후,국가교통정보센터(국도),127.086362,38.038836
8242,E903385,[국도37호선]연천황지교차로,국가교통정보센터(국도),127.049286,38.033257
8243,E903389,[국도37호선]이천시장호원읍노탑리(1),국가교통정보센터(국도),127.628473,37.13555
8244,E903390,[국도37호선]이천시장호원읍노탑리(2),국가교통정보센터(국도),127.629166,37.128315
8245,E903386,[국도37호선]이천장호원삼거리,국가교통정보센터(국도),127.628949,37.116762
8246,E903387,[국도37호선]이천청미교사거리,국가교통정보센터(국도),127.6332,37.11788
8247,E903388,[국도37호선]이천풍계리,국가교통정보센터(국도),127.63,37.160554
8248,E903391,[국도37호선]임실태평리2,국가교통정보센터(국도),127.3740385,35.66279751
8249,E900342,[국도37호선]파주가월교차로,국가교통정보센터(국도),126.9174282,37.9810145
8250,E903392,[국도37호선]파주객현2교,국가교통정보센터(국도),126.945759,37.977062
8251,E900343,[국도37호선]파주답곡교차로,국가교통정보센터(국도),126.848927,37.952659
8252,E900344,[국도37호선]파주당동삼거리후,국가교통정보센터(국도),126.769083333333,37.8669638888889
8253,E903393,[국도37호선]파주두지교차로,국가교통정보센터(국도),126.88791,37.963063
8254,E900345,[국도37호선]파주두포삼거리,국가교통정보센터(국도),126.8267118,37.9094112
8255,E900346,[국도37호선]파주리비사거리,국가교통정보센터(국도),126.833857,37.941975
8256,E903394,[국도37호선]파주아포삼거리,국가교통정보센터(국도),126.83184,37.925606
8257,E900347,[국도37호선]파주어유교차로,국가교통정보센터(국도),126.9828523,37.9956397
8258,E900348,[국도37호선]파주율곡1교,국가교통정보센터(국도),126.8006256,37.8879553
8259,E900349,[국도37호선]파주율곡교차로,국가교통정보센터(국도),126.8148634,37.8889474
8260,E903395,[국도37호선]파주율곡수목원앞,국가교통정보센터(국도),126.820187,37.898452
8261,E903396,[국도37호선]파주임진1교,국가교통정보센터(국도),126.7927445,37.87754665
8262,E903397,[국도37호선]파주자장사거리,국가교통정보센터(국도),126.867209,37.963243
8263,E903398,[국도37호선]파주장현교차로,국가교통정보센터(국도),126.96706,37.9816
8264,E900350,[국도37호선]파주적성산단교차로,국가교통정보센터(국도),126.902334,37.970556
8265,E903399,[국도37호선]포천sk셀프주유소부근,국가교통정보센터(국도),127.30064,37.907887
8266,E903400,[국도37호선]포천거사교차로,국가교통정보센터(국도),127.23436,38.0023
8267,E903401,[국도37호선]포천금주1교,국가교통정보센터(국도),127.257372,37.961981
8268,E900351,[국도37호선]포천만세교삼거리,국가교통정보센터(국도),127.2510944,37.9691667
8269,E903402,[국도37호선]포천서파교차로,국가교통정보센터(국도),127.28054,37.847633
8270,E903403,[국도37호선]포천신오가교차로,국가교통정보센터(국도),127.187125,38.020349
8271,E903404,[국도37호선]포천양문교차로,국가교통정보센터(국도),127.242768,37.991894
8272,E903405,[국도37호선]포천영송교차로,국가교통정보센터(국도),127.227021,38.011057
8273,E903406,[국도37호선]포천영평교차로,국가교통정보센터(국도),127.209822,38.019552
8274,E903407,[국도37호선]포천운악교차로,국가교통정보센터(국도),127.3023346,37.8840048
8275,E903408,[국도37호선]포천진군교사거리,국가교통정보센터(국도),127.15678,38.016926
8276,E903409,[국도37호선]포천화현교차로,국가교통정보센터(국도),127.3036769,37.8954986
8277,E903410,[국도37호선]포천화현교차로(2),국가교통정보센터(국도),127.3021937,37.89919
8278,E903412,[국도38]가곡지하차도(대산방향),국가교통정보센터(국도),126.683466,36.978533
8279,E903413,[국도38]고대지하차도(대산방향),국가교통정보센터(국도),126.72215,36.98107
8280,E903414,[국도38]고대지하차도(송악방향),국가교통정보센터(국도),126.72653,36.98102
8281,E903416,[국도38]고명지하차도-영월방향#1,국가교통정보센터(국도),128.2311971,37.1204391
8282,E903417,[국도38]고명지하차도-영월방향#2,국가교통정보센터(국도),128.2308514,37.1200338
8283,E903415,[국도38]고명지하차도-영월방향외곽,국가교통정보센터(국도),128.2315129,37.1208267
8284,E903419,[국도38]고명지하차도-제천방향#1,국가교통정보센터(국도),128.2271356,37.1155776
8285,E903420,[국도38]고명지하차도-제천방향#2,국가교통정보센터(국도),128.227293,37.1159051
8286,E903418,[국도38]고명지하차도-제천방향외곽,국가교통정보센터(국도),128.2267557,37.1152036
8287,E903421,[국도38]당진가곡리,국가교통정보센터(국도),126.671334,36.9794107
8288,E903422,[국도38]당진무수교차로,국가교통정보센터(국도),126.654251,36.970745
8289,E903423,[국도38]당진부곡교차로,국가교통정보센터(국도),126.780254,36.948603
8290,E903424,[국도38]당진삼봉교차로,국가교통정보센터(국도),126.532878,37.004758
8291,E903425,[국도38]당진삼봉육교,국가교통정보센터(국도),126.524064,37.004009
8292,E903426,[국도38]당진석문교차로,국가교통정보센터(국도),126.56699,36.994816
8293,E903427,[국도38]당진통정1교차로,국가교통정보센터(국도),126.588396,36.991012
8294,E903428,[국도38]동곡지하차도(대산방향),국가교통정보센터(국도),126.6993266,36.9785578
8295,E903429,[국도38]동곡지하차도(송악방향),국가교통정보센터(국도),126.7076583,36.9791252
8296,E903430,[국도38]서산반곡교차로,국가교통정보센터(국도),126.43452,36.99092
8297,E903431,[국도38]서산삼길포교차로,국가교통정보센터(국도),126.45187,36.996418
8298,E903432,[국도38]영월동강휴게소,국가교통정보센터(국도),128.356731,37.177771
8299,E903433,[국도38]영월쌍용1교,국가교통정보센터(국도),128.318414,37.177392
8300,E903434,[국도38]영월쌍용2교차로,국가교통정보센터(국도),128.324311,37.169962
8301,E903435,[국도38]영월연당2교,국가교통정보센터(국도),128.384921,37.188452
8302,E903436,[국도38]음성문촌리,국가교통정보센터(국도),127.71084,37.112812
8303,E903437,[국도38]음성오궁교차로,국가교통정보센터(국도),127.6650222,37.11766111
8304,E903438,[국도38]정선가사육교,국가교통정보센터(국도),128.658302,37.236707
8305,E903439,[국도38]정선고한2교,국가교통정보센터(국도),128.846101,37.207484
8306,E903440,[국도38]정선고한리3,국가교통정보센터(국도),128.871918,37.198218
8307,E903441,[국도38]정선고한터널북측,국가교통정보센터(국도),128.856411,37.201493
8308,E903442,[국도38]정선마차휴게소,국가교통정보센터(국도),128.666031,37.264323
8309,E903443,[국도38]정선문곡1교,국가교통정보센터(국도),128.718103,37.267515
8310,E903444,[국도38]정선문곡3교,국가교통정보센터(국도),128.725911,37.264127
8311,E903445,[국도38]정선문곡5교,국가교통정보센터(국도),128.733314,37.260552
8312,E903446,[국도38]정선민둥산쉼터,국가교통정보센터(국도),128.763922,37.260213
8313,E903447,[국도38]정선사북1교,국가교통정보센터(국도),128.819214,37.229264
8314,E903448,[국도38]정선소두골입구,국가교통정보센터(국도),128.882879,37.201174
8315,E903449,[국도38]정선신동교차로남측,국가교통정보센터(국도),128.628617,37.203714
8316,E903450,[국도38]정선예미1교,국가교통정보센터(국도),128.648213,37.222183
8317,E903451,[국도38]정선원평휴게소,국가교통정보센터(국도),128.662712,37.246931
8318,E903452,[국도38]정선증산터널남측,국가교통정보센터(국도),128.793902,37.227991
8319,E903453,[국도38]정선지장천4교,국가교통정보센터(국도),128.833021,37.214808
8320,E903454,[국도38]제천고명육교,국가교통정보센터(국도),128.2322,37.1218
8321,E903455,[국도38]제천고산교차로,국가교통정보센터(국도),128.134554,37.130155
8322,E903456,[국도38]제천공전입구삼거리,국가교통정보센터(국도),128.094959,37.133205
8323,E903457,[국도38]제천동막교차로,국가교통정보센터(국도),128.2565,37.1779
8324,E903458,[국도38]제천두학2교,국가교통정보센터(국도),128.243,37.13
8325,E903459,[국도38]제천두학교차로,국가교통정보센터(국도),128.25,37.141
8326,E903460,[국도38]제천마곡입구삼거리,국가교통정보센터(국도),128.105016,37.134301
8327,E903461,[국도38]제천무도교차로,국가교통정보센터(국도),128.2908,37.1843
8328,E903462,[국도38]제천무도리(1/2),국가교통정보센터(국도),128.2554,37.1522
8329,E903463,[국도38]제천무도리(2/2),국가교통정보센터(국도),128.2571,37.1607
8330,E903464,[국도38]제천박달재교차로,국가교통정보센터(국도),128.03697,37.143227
8331,E903465,[국도38]제천소월교차로,국가교통정보센터(국도),128.00473,37.123825
8332,E903466,[국도38]제천송학IC육교,국가교통정보센터(국도),128.2577,37.1715
8333,E903467,[국도38]제천송학교차로,국가교통정보센터(국도),128.2702,37.1836
8334,E903468,[국도38]제천원박교,국가교통정보센터(국도),128.076135,37.137623
8335,E903469,[국도38]제천원박사거리,국가교통정보센터(국도),128.088821,37.132738
8336,E903470,[국도38]제천주포2교,국가교통정보센터(국도),128.11902,37.131104
8337,E903471,[국도38]제천평동IC육교,국가교통정보센터(국도),128.025192,37.134796
8338,E903472,[국도38]충주능암교차로,국가교통정보센터(국도),127.809043,37.088208
8339,E903473,[국도38]충주다릿재터널,국가교통정보센터(국도),127.973569,37.113796
8340,E903474,[국도38]충주목계대교,국가교통정보센터(국도),127.87863,37.069866
8341,E903475,[국도38]충주산척사거리,국가교통정보센터(국도),127.954521,37.081451
8342,E903476,[국도38]충주송강교차로,국가교통정보센터(국도),127.965625,37.09094
8343,E903477,[국도38]충주신대교차로,국가교통정보센터(국도),127.845187,37.07525
8344,E903478,[국도38]충주용대교,국가교통정보센터(국도),127.758618,37.100378
8345,E903479,[국도38]충주율능교차로,국가교통정보센터(국도),127.906052,37.068326
8346,E903411,[국도38]충주이동식과적검문소,국가교통정보센터(국도),127.782234,37.101754
8347,E903480,[국도38]충주지당육교,국가교통정보센터(국도),127.727483,37.10884
8348,E903481,[국도38]충주풀무교,국가교통정보센터(국도),127.9731,37.1021
8349,E903482,[국도38]충주하영교차로,국가교통정보센터(국도),127.93013,37.07319
8350,E900352,[국도38호선]느릅재,국가교통정보센터(국도),128.301998,37.179524
8351,E903483,[국도38호선]당진고대공단교차로,국가교통정보센터(국도),126.76387,36.966717
8352,E903495,[국도38호선]당진금배교,국가교통정보센터(국도),126.55139,36.99915
8353,E903484,[국도38호선]당진도비도교차로,국가교통정보센터(국도),126.47098,37.00672
8354,E903485,[국도38호선]당진동곡리,국가교통정보센터(국도),126.69652,36.978603
8355,E903486,[국도38호선]당진동곡지하차도,국가교통정보센터(국도),126.706886,36.978812
8356,E900353,[국도38호선]당진법석이교차로,국가교통정보센터(국도),126.8067331,36.9123242
8357,E903496,[국도38호선]당진새터교차로,국가교통정보센터(국도),126.615364,36.97703
8358,E903487,[국도38호선]당진석문대교,국가교통정보센터(국도),126.63519,36.970867
8359,E903488,[국도38호선]당진송악IC,국가교통정보센터(국도),126.78956,36.938557
8360,E903497,[국도38호선]당진아산국가산업단지(1/2),국가교통정보센터(국도),126.73924,36.98079
8361,E903489,[국도38호선]당진아산국가산업단지(2/2),국가교통정보센터(국도),126.74506,36.977894
8362,E903490,[국도38호선]당진주유소앞,국가교통정보센터(국도),126.57879,36.993504
8363,E903498,[국도38호선]당진천보사교,국가교통정보센터(국도),126.54114,37.001385
8364,E903499,[국도38호선]당진초락교,국가교통정보센터(국도),126.510735,37.00187
8365,E903491,[국도38호선]당진초락교차로,국가교통정보센터(국도),126.491455,37.00829
8366,E903492,[국도38호선]당진평장교차로,국가교통정보센터(국도),126.59732,36.983807
8367,E903493,[국도38호선]당진한국수자원공사입구,국가교통정보센터(국도),126.72863,36.980724
8368,E903494,[국도38호선]당진현대제철,국가교통정보센터(국도),126.6777,36.978622
8369,E903500,[국도38호선]도경교차로,국가교통정보센터(국도),129.121794,37.443263
8370,E903501,[국도38호선]도계교차로,국가교통정보센터(국도),129.05574,37.253334
8371,E903502,[국도38호선]도계농공단지,국가교통정보센터(국도),129.064677,37.269523
8372,E900354,[국도38호선]두문동재(고한),국가교통정보센터(국도),128.897544,37.206299
8373,E900355,[국도38호선]마차재,국가교통정보센터(국도),128.66965,37.26978
8374,E903503,[국도38호선]문곡7교,국가교통정보센터(국도),128.748649,37.264316
8375,E903504,[국도38호선]문곡교차로,국가교통정보센터(국도),128.7411,37.26506
8376,E903505,[국도38호선]민둥산교차로,국가교통정보센터(국도),128.778349,37.254835
8377,E903506,[국도38호선]사북교차로,국가교통정보센터(국도),128.80733,37.227196
8378,E903507,[국도38호선]삼척나한정역,국가교통정보센터(국도),129.035325,37.200828
8379,E903508,[국도38호선]삼척대평교차로,국가교통정보센터(국도),129.08376,37.334774
8380,E900356,[국도38호선]삼척마차교차로,국가교통정보센터(국도),129.071818,37.310408
8381,E900357,[국도38호선]삼척마평1교,국가교통정보센터(국도),129.124035,37.431819
8382,E900358,[국도38호선]삼척미로교차로,국가교통정보센터(국도),129.12132,37.410718
8383,E903509,[국도38호선]삼척발이터널(북),국가교통정보센터(국도),129.066089,37.291469
8384,E903510,[국도38호선]삼척심포리,국가교통정보센터(국도),129.034381,37.194675
8385,E903511,[국도38호선]삼척심포리마을회관,국가교통정보센터(국도),129.033053,37.191351
8386,E903512,[국도38호선]삼척심포리역,국가교통정보센터(국도),129.030575,37.185391
8387,E900359,[국도38호선]삼척유리테마파크,국가교통정보센터(국도),129.030147,37.193722
8388,E900360,[국도38호선]삼척추모공원,국가교통정보센터(국도),129.116335,37.457796
8389,E900361,[국도38호선]삼척하이원추추파크,국가교통정보센터(국도),129.032199,37.18341
8390,E903513,[국도38호선]상갈래교차로,국가교통정보센터(국도),128.86897,37.194305
8391,E903515,[국도38호선]서산대호방조제,국가교통정보센터(국도),126.460045,37.001507
8392,E903514,[국도38호선]서산화곡교차로,국가교통정보센터(국도),126.42699,36.989803
8393,E903516,[국도38호선]서영월교차로,국가교통정보센터(국도),128.4425,37.187508
8394,E903517,[국도38호선]석항교차로,국가교통정보센터(국도),128.61375,37.199493
8395,E900362,[국도38호선]안성공도삼거리,국가교통정보센터(국도),127.1622554,36.99827559
8396,E903518,[국도38호선]안성내리고가교,국가교통정보센터(국도),127.2340639,37.01575833
8397,E900363,[국도38호선]안성내리사거리,국가교통정보센터(국도),127.2198019,37.01033952
8398,E900364,[국도38호선]안성능국삼거리,국가교통정보센터(국도),127.4837365,37.10249079
8399,E900365,[국도38호선]안성대덕터널,국가교통정보센터(국도),127.2447177,37.0223152
8400,E903519,[국도38호선]안성동아방송예대,국가교통정보센터(국도),127.3653163,37.05669624
8401,E900366,[국도38호선]안성동일죽휴게소,국가교통정보센터(국도),127.5163336,37.10182536
8402,E903520,[국도38호선]안성두현교차로,국가교통정보센터(국도),127.4132399,37.07041298
8403,E900367,[국도38호선]안성마전1교,국가교통정보센터(국도),127.3515696,37.03162346
8404,E900368,[국도38호선]안성마정1육교앞,국가교통정보센터(국도),127.1944024,37.0081765
8405,E903521,[국도38호선]안성만정사거리,국가교통정보센터(국도),127.16897,37.004344
8406,E900369,[국도38호선]안성삼죽삼거리,국가교통정보센터(국도),127.3712242,37.06397924
8407,E900370,[국도38호선]안성안성IC입구,국가교통정보센터(국도),127.1500801,36.99773675
8408,E903522,[국도38호선]안성안양교,국가교통정보센터(국도),127.2081639,37.00963611
8409,E903523,[국도38호선]안성월정교차로,국가교통정보센터(국도),127.46325,37.08752
8410,E900371,[국도38호선]안성일죽IC삼거리,국가교통정보센터(국도),127.4515732,37.08669496
8411,E903524,[국도38호선]안성일죽면당촌리,국가교통정보센터(국도),127.5008972,37.10317691
8412,E900372,[국도38호선]안성일죽종합고앞,국가교통정보센터(국도),127.470555349,37.0918418403
8413,E903525,[국도38호선]안성종합운동장삼거리,국가교통정보센터(국도),127.3269985,37.02125525
8414,E903526,[국도38호선]안성죽산만남의광장,국가교통정보센터(국도),127.3858444,37.07031111
8415,E900373,[국도38호선]안성터미널교차로,국가교통정보센터(국도),127.2952528,37.01206593
8416,E903527,[국도38호선]연당교차로,국가교통정보센터(국도),128.400396,37.185054
8417,E903528,[국도38호선]연하교차로,국가교통정보센터(국도),128.5597,37.19295
8418,E903530,[국도38호선]영월덕포리,국가교통정보센터(국도),128.500745,37.180958
8419,E903529,[국도38호선]영월연정교차로,국가교통정보센터(국도),128.36967,37.1868
8420,E903531,[국도38호선]예미2교,국가교통정보센터(국도),128.655707,37.230503
8421,E900374,[국도38호선]이천송산리,국가교통정보센터(국도),127.5819069,37.11474192
8422,E900375,[국도38호선]이천제요2리,국가교통정보센터(국도),127.5489469,37.11075752
8423,E903532,[국도38호선]이천제요교차로,국가교통정보센터(국도),127.574215,37.109573
8424,E900376,[국도38호선]이천진암IC,국가교통정보센터(국도),127.6054938,37.11518351
8425,E903533,[국도38호선]이천진암사거리,국가교통정보센터(국도),127.6226121,37.1146975
8426,E903534,[국도38호선]정선고한리1,국가교통정보센터(국도),128.888059,37.201152
8427,E903535,[국도38호선]정선고한리2,국가교통정보센터(국도),128.874824,37.200685
8428,E903536,[국도38호선]정선곰골,국가교통정보센터(국도),128.699777,37.266073
8429,E903537,[국도38호선]정선메이힐스,국가교통정보센터(국도),128.834235,37.212935
8430,E903538,[국도38호선]정선문곡리,국가교통정보센터(국도),128.684509,37.270856
8431,E903539,[국도38호선]정선예미교차로,국가교통정보센터(국도),128.64256,37.21614
8432,E903540,[국도38호선]정선원가사리,국가교통정보센터(국도),128.664893,37.255338
8433,E900377,[국도38호선]정선증산교차로,국가교통정보센터(국도),128.777006,37.242501
8434,E903541,[국도38호선]창원교차로,국가교통정보센터(국도),128.34436,37.1687
8435,E903543,[국도38호선]태백검사소,국가교통정보센터(국도),128.961854,37.187975
8436,E900378,[국도38호선]태백통동,국가교통정보센터(국도),129.029157,37.165294
8437,E903542,[국도38호선]태백화전동,국가교통정보센터(국도),128.947434,37.204383
8438,E900379,[국도38호선]통리재(도계),국가교통정보센터(국도),129.0405688,37.17510931
8439,E903544,[국도38호선]평택경기도종자관리소,국가교통정보센터(국도),126.9753056,37.00736944
8440,E903552,[국도38호선]평택고덕교차로,국가교통정보센터(국도),127.04438,37.008884
8441,E900380,[국도38호선]평택궁안교,국가교통정보센터(국도),127.018558333333,37.0174722222222
8442,E903545,[국도38호선]평택금곡1리,국가교통정보센터(국도),126.9550306,36.99778333
8443,E900381,[국도38호선]평택내기삼거리,국가교통정보센터(국도),126.8807961,36.98232068
8444,E903546,[국도38호선]평택만호사거리,국가교통정보센터(국도),126.85475,36.96164
8445,E903547,[국도38호선]평택매상교후,국가교통정보센터(국도),126.904045,36.928701
8446,E900382,[국도38호선]평택서부두입구삼거리,국가교통정보센터(국도),126.8843861,36.94049722
8447,E903548,[국도38호선]평택안성천1교,국가교통정보센터(국도),127.0597556,36.99645833
8448,E900383,[국도38호선]평택안중사거리,국가교통정보센터(국도),126.938666,36.990555
8449,E900384,[국도38호선]평택안중오거리,국가교통정보센터(국도),126.9328519,36.9894698
8450,E900385,[국도38호선]평택오성IC입구,국가교통정보센터(국도),126.994644444444,37.0116527777778
8451,E903549,[국도38호선]평택용이1교차로,국가교통정보센터(국도),127.1348852,36.9929088
8452,E903550,[국도38호선]평택용이2교차로,국가교통정보센터(국도),127.1447173,36.99724678
8453,E903551,[국도38호선]평택우경삼거리,국가교통정보센터(국도),126.9064139,36.91959722
8454,E900386,[국도38호선]평택현화교차로,국가교통정보센터(국도),126.9124283,36.99097298
8455,E903553,[국도38호선]하정교차로,국가교통정보센터(국도),129.102538,37.385737
8456,E903554,[국도38호선]화전동,국가교통정보센터(국도),128.978807,37.180668
8457,E903555,[국도38호선]황지교차로,국가교통정보센터(국도),128.99419,37.174137
8458,E903557,[국도39]공주대룡리,국가교통정보센터(국도),126.9395569,36.4931449
8459,E903558,[국도39]공주만천교차로(2/2),국가교통정보센터(국도),126.9474,36.5414
8460,E903559,[국도39]공주백룡리,국가교통정보센터(국도),126.9537877,36.5075501
8461,E903560,[국도39]공주산정교차로,국가교통정보센터(국도),126.9633897,36.5133258
8462,E903561,[국도39]공주석남삼거리,국가교통정보센터(국도),126.95088,36.54781
8463,E903562,[국도39]공주솔티터널북측,국가교통정보센터(국도),126.9463154,36.468038
8464,E903563,[국도39]공주신달교,국가교통정보센터(국도),126.9716,36.5948
8465,E903564,[국도39]공주신달리,국가교통정보센터(국도),126.9697,36.6034
8466,E903565,[국도39]공주신영리(1/2),국가교통정보센터(국도),126.9716,36.5804
8467,E903566,[국도39]공주신영리(2/2),국가교통정보센터(국도),126.95979,36.55862
8468,E903567,[국도39]공주유구IC교차로(1/2),국가교통정보센터(국도),126.9646379,36.5622854
8469,E903556,[국도39]공주유구IC교차로(2/2),국가교통정보센터(국도),126.9699,36.5718
8470,E903568,[국도39]공주유구교,국가교통정보센터(국도),126.95566,36.55847
8471,E903569,[국도39]공주유구교삼거리,국가교통정보센터(국도),126.9545,36.5558
8472,E903570,[국도39]공주제2추계교,국가교통정보센터(국도),126.9704502,36.6279087
8473,E903571,[국도39]공주청흥3교차로,국가교통정보센터(국도),126.938027,36.486222
8474,E903572,[국도39]공주청흥리,국가교통정보센터(국도),126.9432322,36.4743701
8475,E903573,[국도39]공주추계1구마을회관,국가교통정보센터(국도),126.9724,36.6165
8476,E903574,[국도39]공주탑곡교,국가교통정보센터(국도),126.9718,36.6342
8477,E903575,[국도39]공주탑곡삼거리,국가교통정보센터(국도),126.9769,36.6418
8478,E903576,[국도39]남동지하차도남동1,국가교통정보센터(국도),127.0385837,36.7717012
8479,E903577,[국도39]남동지하차도남동2,국가교통정보센터(국도),127.0384215,36.7750867
8480,E903578,[국도39]부여구룡삼거리,국가교통정보센터(국도),126.8599117,36.3230171
8481,E903579,[국도39]부여은산중학교삼거리,국가교통정보센터(국도),126.8549077,36.3123544
8482,E903580,[국도39]아산각흘고개,국가교통정보센터(국도),126.9827,36.6523
8483,E903581,[국도39]아산거산1리,국가교통정보센터(국도),126.9892,36.6708
8484,E903582,[국도39]아산거산리,국가교통정보센터(국도),126.987,36.6614
8485,E903583,[국도39]아산거산초등학교,국가교통정보센터(국도),126.9886,36.6967
8486,E903584,[국도39]아산곡교IC교,국가교통정보센터(국도),126.983,36.81135
8487,E903585,[국도39]아산궁평휴게소,국가교통정보센터(국도),126.99131,36.70529
8488,E903586,[국도39]아산남동지하차도,국가교통정보센터(국도),127.0384,36.77322
8489,E903587,[국도39]아산방미교,국가교통정보센터(국도),126.9983,36.7046
8490,E903588,[국도39]아산백암교차로,국가교통정보센터(국도),127.0331,36.7953
8491,E903589,[국도39]아산서원교차로,국가교통정보센터(국도),126.9666759,36.8406296
8492,E903590,[국도39]아산석정교,국가교통정보센터(국도),127.0042,36.8053
8493,E903591,[국도39]아산석정리,국가교통정보센터(국도),126.9956,36.8108
8494,E903592,[국도39]아산송곡2리교차로,국가교통정보센터(국도),127.0207,36.8018
8495,E903593,[국도39]아산송학리,국가교통정보센터(국도),126.99099,36.68721
8496,E903595,[국도39]아산실버요양원,국가교통정보센터(국도),127.005,36.7094
8497,E903594,[국도39]아산실버요양원(취약),국가교통정보센터(국도),127.005733,36.706846
8498,E903596,[국도39]아산아산공원묘원입구,국가교통정보센터(국도),126.98595,36.65933
8499,E903597,[국도39]아산아산휴게소,국가교통정보센터(국도),126.9640825,36.84544791
8500,E903598,[국도39]아산역촌리,국가교통정보센터(국도),127.00814,36.72327
8501,E903599,[국도39]아산역촌삼거리,국가교통정보센터(국도),127.00558,36.71764
8502,E903600,[국도39]아산염치IC교차로,국가교통정보센터(국도),126.9700123,36.8221652
8503,E903601,[국도39]아산오미니고개(1/2),국가교통정보센터(국도),127.005882,36.713512
8504,E903602,[국도39]아산오미니고개(2/2),국가교통정보센터(국도),127.006096,36.711548
8505,E903603,[국도39]아산외암민속마을입구,국가교통정보센터(국도),127.01145,36.72825
8506,E903604,[국도39]아산외암사거리,국가교통정보센터(국도),127.0118,36.732486
8507,E903605,[국도39]아산외암삼거리,국가교통정보센터(국도),127.0117,36.7359
8508,E903606,[국도39]아산월선교차로,국가교통정보센터(국도),126.9307587,36.87918701
8509,E903607,[국도39]아산유곡1리입구,국가교통정보센터(국도),126.9895,36.7041
8510,E903608,[국도39]아산이순신휴게소,국가교통정보센터(국도),126.9671002,36.83143643
8511,E903609,[국도39]아산제1거산교,국가교통정보센터(국도),126.989283,36.666786
8512,E903610,[국도39]아산중곡쉼터,국가교통정보센터(국도),126.9909,36.6791
8513,E903611,[국도39]아산탕정교차로,국가교통정보센터(국도),127.0376,36.7955
8514,E903612,[국도39]청양문드레미고개,국가교통정보센터(국도),126.9243344,36.3617896
8515,E903613,[국도39]청양미당사거리,국가교통정보센터(국도),126.9323049,36.3675421
8516,E903614,[국도39]청양서정리사거리,국가교통정보센터(국도),126.949819,36.409012
8517,E903615,[국도39]청양솔티터널남측,국가교통정보센터(국도),126.9503954,36.4621621
8518,E903616,[국도39]청양송학리,국가교통정보센터(국도),126.9495216,36.4556016
8519,E903617,[국도39]청양신덕삼거리,국가교통정보센터(국도),126.9376532,36.3917971
8520,E903618,[국도39]청양신성리입구,국가교통정보센터(국도),126.8846806,36.3338002
8521,E903619,[국도39]청양애경아파트,국가교통정보센터(국도),126.9412465,36.3980613
8522,E903620,[국도39]청양은곡리고개,국가교통정보센터(국도),126.9055435,36.3500885
8523,E903621,[국도39]청양장평사거리,국가교통정보센터(국도),126.8914015,36.3400982
8524,E903622,[국도39]청양장평초등학교,국가교통정보센터(국도),126.8992071,36.3453276
8525,E903623,[국도39]청양정구재골,국가교통정보센터(국도),126.870253,36.3338787
8526,E903624,[국도39]청양정산삼거리,국가교통정보센터(국도),126.9415236,36.4030432
8527,E903625,[국도39]청양학암교,국가교통정보센터(국도),126.9353891,36.3760248
8528,E903626,[국도39]청양학암삼거리,국가교통정보센터(국도),126.9369246,36.3862739
8529,E903627,[국도39]청양해남보건진료소,국가교통정보센터(국도),126.9557742,36.4425396
8530,E903628,[국도39호선]고양고봉교,국가교통정보센터(국도),126.852585,37.69528
8531,E903629,[국도39호선]고양왕릉IC,국가교통정보센터(국도),126.841748,37.674362
8532,E903630,[국도39호선]고양원당야구장,국가교통정보센터(국도),126.83318,37.67072
8533,E903631,[국도39호선]고양주교IC,국가교통정보센터(국도),126.82652,37.648956
8534,E903632,[국도39호선]고양주교교,국가교통정보센터(국도),126.828731,37.658448
8535,E903633,[국도39호선]고양주교지하차도,국가교통정보센터(국도),126.8298646,37.66478078
8536,E903634,[국도39호선]고양토당IC,국가교통정보센터(국도),126.817123,37.628157
8537,E900387,[국도39호선]아산곡교교차로,국가교통정보센터(국도),126.976723,36.811052
8538,E900388,[국도39호선]아산신운교차로,국가교통정보센터(국도),126.9427407,36.8722546
8539,E900389,[국도39호선]아산아산1교차로,국가교통정보센터(국도),126.951557,36.863104
8540,E900390,[국도39호선]아산아산교차로,국가교통정보센터(국도),126.958751,36.854998
8541,E900391,[국도39호선]아산옥정교차로,국가교통정보센터(국도),126.989589,36.80039
8542,E900392,[국도39호선]아산인주육교,국가교통정보센터(국도),126.91566,36.8862
8543,E900393,[국도39호선]양주울대고개교차로,국가교통정보센터(국도),126.996970137,37.73089018
8544,E900394,[국도39호선]양주일영리,국가교통정보센터(국도),126.924161914,37.7183369807
8545,E903635,[국도39호선]양주장흥터널관리사무소앞,국가교통정보센터(국도),126.97631934,37.7295515092
8546,E903636,[국도39호선]평택가사초교,국가교통정보센터(국도),126.9153999,36.9337837
8547,E900395,[국도39호선]평택금곡삼거리,국가교통정보센터(국도),126.9387053,36.99656097
8548,E900396,[국도39호선]평택기산교차로,국가교통정보센터(국도),126.9124794,36.95030894
8549,E900397,[국도39호선]평택용성3리,국가교통정보센터(국도),126.9461948,37.01442294
8550,E900398,[국도39호선]평택인광육교,국가교통정보센터(국도),126.9249815,36.9606678
8551,E900399,[국도39호선]평택청북교차로,국가교통정보센터(국도),126.9310671,37.04909753
8552,E903637,[국도39호선]평택평택서부공설운동장,국가교통정보센터(국도),126.9426485,37.0277023
8553,E903638,[국도39호선]화성구포리,국가교통정보센터(국도),126.8840444,37.23819444
8554,E903639,[국도39호선]화성금탑휴게소,국가교통정보센터(국도),126.8750944,37.21145278
8555,E903640,[국도39호선]화성남비봉ICR-A1교,국가교통정보센터(국도),126.8784623,37.20384758
8556,E903641,[국도39호선]화성발안교,국가교통정보센터(국도),126.898268,37.125997
8557,E903642,[국도39호선]화성발안교차로,국가교통정보센터(국도),126.8963384,37.1326979
8558,E900400,[국도39호선]화성상신지하차도교차로,국가교통정보센터(국도),126.9019836,37.09961835
8559,E903643,[국도39호선]화성송라저수지,국가교통정보센터(국도),126.9086813,37.28304572
8560,E900401,[국도39호선]화성숙곡교차로,국가교통정보센터(국도),126.8964504,37.25223203
8561,E900402,[국도39호선]화성쌍학교차로,국가교통정보센터(국도),126.8910689,37.24504833
8562,E903644,[국도39호선]화성야목육교,국가교통정보센터(국도),126.9022361,37.25961944
8563,E900403,[국도39호선]화성양노교차로,국가교통정보센터(국도),126.8752729,37.22220092
8564,E903645,[국도39호선]화성요당2리,국가교통정보센터(국도),126.91384,37.071883
8565,E903646,[국도39호선]화성율암교차로(2),국가교통정보센터(국도),126.891531,37.1567303
8566,E900404,[국도39호선]화성자안교차로,국가교통정보센터(국도),126.8795083,37.19392277
8567,E903647,[국도39호선]화성제암육교,국가교통정보센터(국도),126.9003591,37.11802091
8568,E900405,[국도39호선]화성지월교차로,국가교통정보센터(국도),126.8927875,37.14302588
8569,E903648,[국도39호선]화성태행산훈련장앞,국가교통정보센터(국도),126.872876,37.215802
8570,E903649,[국도39호선]화성팔탄1공단,국가교통정보센터(국도),126.8838444,37.17935833
8571,E900406,[국도39호선]화성팔탄교차로,국가교통정보센터(국도),126.891681,37.1660778
8572,E903650,[국도39호선]화성함백교차로,국가교통정보센터(국도),126.9087472,37.27675833
8573,E903651,[국도39호선]화성향남제약일반산업단지,국가교통정보센터(국도),126.9106722,37.09229635
8574,E903652,[국도3]거창가지교차로,국가교통정보센터(국도),127.89389,35.70667
8575,E903653,[국도3]거창도평교차로,국가교통정보센터(국도),127.916667,35.748056
8576,E903654,[국도3]거창말흘교차로,국가교통정보센터(국도),127.861946,35.696945
8577,E903655,[국도3]거창명박골,국가교통정보센터(국도),127.93473,35.8286
8578,E903656,[국도3]거창산포교차로,국가교통정보센터(국도),127.92538,35.8158
8579,E903657,[국도3]거창삼거리교,국가교통정보센터(국도),127.836389,35.684722
8580,E903658,[국도3]거창성기교차로,국가교통정보센터(국도),127.919836,35.777364
8581,E903659,[국도3]거창성북교차로,국가교통정보센터(국도),127.91924,35.78971
8582,E903660,[국도3]거창송정교차로,국가교통정보센터(국도),128.033889,35.998333
8583,E903661,[국도3]거창송천휴게소,국가교통정보센터(국도),127.9166,35.780743
8584,E903662,[국도3]거창우두령교차로,국가교통정보센터(국도),127.93692,35.84372
8585,E903663,[국도3]거창웅양3교,국가교통정보센터(국도),127.935926,35.8385
8586,E903664,[국도3]거창웅양교차로,국가교통정보센터(국도),127.9168,35.802174
8587,E903665,[국도3]거창주상교차로,국가교통정보센터(국도),127.91805,35.75833
8588,E903666,[국도3]거창죽동교차로,국가교통정보센터(국도),127.89917,35.725
8589,E903667,[국도3]거창지동교차로,국가교통정보센터(국도),127.845276,35.696667
8590,E903668,[국도3]괴산수옥교차로,국가교통정보센터(국도),128.02315,36.79886
8591,E903669,[국도3]괴산연풍휴게소,국가교통정보센터(국도),128.009086,36.75463
8592,E903670,[국도3]괴산조령교,국가교통정보센터(국도),128.0205,36.7844
8593,E903671,[국도3]괴산행촌교차로,국가교통정보센터(국도),128.0038,36.767136
8594,E903672,[국도3]김천가좌교남측,국가교통정보센터(국도),128.01375,35.965237
8595,E903673,[국도3]김천감천교차로,국가교통정보센터(국도),128.1325,36.095556
8596,E903674,[국도3]김천감천터널북측,국가교통정보센터(국도),128.15222,36.105
8597,E903675,[국도3]김천과곡교차로,국가교통정보센터(국도),128.083611,36.062
8598,E903676,[국도3]김천관기교차로,국가교통정보센터(국도),127.96777,35.91722
8599,E903677,[국도3]김천광평교,국가교통정보센터(국도),128.065556,36.039167
8600,E903678,[국도3]김천교리교차로,국가교통정보센터(국도),128.502993,36.112753
8601,E903679,[국도3]김천구례교북측,국가교통정보센터(국도),128.099152,36.222755
8602,E903680,[국도3]김천구성교,국가교통정보센터(국도),128.048889,36.030278
8603,E903681,[국도3]김천대덕1교,국가교통정보센터(국도),127.94211,35.8845
8604,E903682,[국도3]김천대동교차로남측,국가교통정보센터(국도),127.9422206,35.8677308
8605,E903684,[국도3]김천덕촌교차로,국가교통정보센터(국도),128.153934,36.17459
8606,E903683,[국도3]김천덕촌교차로서측,국가교통정보센터(국도),128.142304,36.176784
8607,E903685,[국도3]김천동김천IC교차로,국가교통정보센터(국도),128.177804,36.146855
8608,E903686,[국도3]김천동좌교남측,국가교통정보센터(국도),128.107775,36.193821
8609,E903687,[국도3]김천미평1교차로,국가교통정보센터(국도),128.03833,36.025
8610,E903688,[국도3]김천방산교,국가교통정보센터(국도),128.03166,36.011665
8611,E903689,[국도3]김천상부교차로,국가교통정보센터(국도),128.02888,35.98111
8612,E903690,[국도3]김천서부교,국가교통정보센터(국도),128.1696,36.160072
8613,E903691,[국도3]김천송죽교차로,국가교통정보센터(국도),128.07222,36.05722
8614,E903692,[국도3]김천신평1교,국가교통정보센터(국도),128.022778,35.970278
8615,E903693,[국도3]김천양강교,국가교통정보센터(국도),128.12167,36.094166
8616,E903694,[국도3]김천양하교차로,국가교통정보센터(국도),128.099444,36.083056
8617,E903695,[국도3]김천어모교차로,국가교통정보센터(국도),128.113217,36.172599
8618,E903696,[국도3]김천여남재인근,국가교통정보센터(국도),128.09146,36.25095
8619,E903697,[국도3]김천옥율교차로,국가교통정보센터(국도),128.1117,36.181396
8620,E903698,[국도3]김천외산교차로,국가교통정보센터(국도),127.948256,35.8984785
8621,E903699,[국도3]김천우두령학습체험마을입구,국가교통정보센터(국도),127.9388286,35.8585379
8622,E903700,[국도3]김천유점교차로북측,국가교통정보센터(국도),128.093031,36.244042
8623,E903701,[국도3]김천율곡천1교,국가교통정보센터(국도),128.17918,36.11677
8624,E903702,[국도3]김천하강교차로,국가교통정보센터(국도),128.0875,36.07611
8625,E903703,[국도3]김천혁신2지하차도북측,국가교통정보센터(국도),128.18565,36.132538
8626,E903704,[국도3]김천호미교북측,국가교통정보센터(국도),127.973945,35.92991
8627,E903705,[국도3]김천화전2리마을입구,국가교통정보센터(국도),127.960655,35.909352
8628,E903706,[국도3]남해가인포보건소,국가교통정보센터(국도),128.05049,34.75238
8629,E903707,[국도3]남해곤유마을회관,국가교통정보센터(국도),128.01105,34.88208
8630,E903708,[국도3]남해냉천교회,국가교통정보센터(국도),128.02602,34.90584
8631,E903709,[국도3]남해단풍마루소공원,국가교통정보센터(국도),128.05283,34.76356
8632,E903710,[국도3]남해당저2리마을입구,국가교통정보센터(국도),128.01295,34.8423
8633,E903711,[국도3]남해당항회관남측,국가교통정보센터(국도),128.01228,34.89223
8634,E903712,[국도3]남해동천주유소,국가교통정보센터(국도),128.03926,34.80603
8635,E903713,[국도3]남해물건마을버스정류장,국가교통정보센터(국도),128.04773,34.79317
8636,E903714,[국도3]남해보물섬전망대,국가교통정보센터(국도),128.05233,34.77052
8637,E903715,[국도3]남해산마루휴게소,국가교통정보센터(국도),128.04576,34.802572
8638,E903716,[국도3]남해수산안전기술원,국가교통정보센터(국도),128.0098,34.82852
8639,E903717,[국도3]남해은점방파제,국가교통정보센터(국도),128.04868,34.781903
8640,E903718,[국도3]남해전도마을입구,국가교통정보센터(국도),128.01972,34.82983
8641,E903719,[국도3]남해지족방파제,국가교통정보센터(국도),128.00439,34.83714
8642,E903720,[국도3]남해창선천교,국가교통정보센터(국도),128.01608,34.85779
8643,E903721,[국도3]남해청소년수련원,국가교통정보센터(국도),128.03163,34.82928
8644,E903722,[국도3]남해초전몽돌해수욕장,국가교통정보센터(국도),128.03486,34.73212
8645,E903723,[국도3]남해항도항,국가교통정보센터(국도),128.04581,34.74032
8646,E903724,[국도3]문경견탄사거리,국가교통정보센터(국도),128.1496,36.645927
8647,E903725,[국도3]문경공평교차로남측,국가교통정보센터(국도),128.164092,36.597839
8648,E903726,[국도3]문경공평교차로북측,국가교통정보센터(국도),128.15974,36.61067
8649,E903727,[국도3]문경남호교차로,국가교통정보센터(국도),128.11815,36.694733
8650,E903728,[국도3]문경문경졸음쉼터인접,국가교통정보센터(국도),128.058333,36.746389
8651,E903729,[국도3]문경불정1교,국가교통정보센터(국도),128.15269,36.643428
8652,E903730,[국도3]문경불정2교,국가교통정보센터(국도),128.139325,36.657649
8653,E903731,[국도3]문경불정3교인접,국가교통정보센터(국도),128.134167,36.656111
8654,E903732,[국도3]문경불정육교,국가교통정보센터(국도),128.14502,36.63096
8655,E903733,[국도3]문경새터교,국가교통정보센터(국도),128.08925,36.736053
8656,E903734,[국도3]문경소야교,국가교통정보센터(국도),128.12369,36.67756
8657,E903735,[국도3]문경신현교,국가교통정보센터(국도),128.245894,35.683246
8658,E903736,[국도3]문경유곡교차로,국가교통정보센터(국도),128.150603,36.624931
8659,E903737,[국도3]문경진남4교,국가교통정보센터(국도),128.12566,36.666897
8660,E903738,[국도3]문경진안교차로,국가교통정보센터(국도),128.089242,36.736052
8661,E903739,[국도3]문경초곡1교,국가교통정보센터(국도),128.100374,36.726966
8662,E903740,[국도3]사천광포항,국가교통정보센터(국도),128.040965,34.960852
8663,E903741,[국도3]사천남양만남의광장,국가교통정보센터(국도),128.058151,34.98038
8664,E903742,[국도3]사천노례교차로,국가교통정보센터(국도),128.055548,34.988493
8665,E903743,[국도3]사천늑도대교남측,국가교통정보센터(국도),128.03778,34.922561
8666,E903744,[국도3]사천늑도대교북측,국가교통정보센터(국도),128.044048,34.925386
8667,E903745,[국도3]사천선진2교차로,국가교통정보센터(국도),128.06389,35.038055
8668,E903746,[국도3]사천송포교차로남측,국가교통정보센터(국도),128.05776,34.97313
8669,E903747,[국도3]사천수석사거리,국가교통정보센터(국도),128.0857,35.089638
8670,E903748,[국도3]사천실안교차로북측,국가교통정보센터(국도),128.04314,34.942279
8671,E903749,[국도3]사천월성교차로,국가교통정보센터(국도),128.07277,35.061897
8672,E903750,[국도3]사천유남교,국가교통정보센터(국도),128.05945,35.024723
8673,E903751,[국도3]사천유천육교,국가교통정보센터(국도),128.07639,35.07028
8674,E903752,[국도3]사천주문교차로,국가교통정보센터(국도),128.05278,34.996113
8675,E903753,[국도3]산청고읍교,국가교통정보센터(국도),127.831944,35.487778
8676,E903754,[국도3]산청반월교,국가교통정보센터(국도),127.941944,35.335
8677,E903755,[국도3]산청산청농공단지,국가교통정보센터(국도),127.8725,35.433889
8678,E903756,[국도3]산청산청참전기념공원,국가교통정보센터(국도),127.921667,35.356944
8679,E903757,[국도3]산청삼거교차로,국가교통정보센터(국도),127.91639,35.36889
8680,E903758,[국도3]산청생림교,국가교통정보센터(국도),127.855,35.480278
8681,E903759,[국도3]산청신기마을입구,국가교통정보센터(국도),127.911667,35.373889
8682,E903760,[국도3]산청쌀고개쉼터,국가교통정보센터(국도),127.893056,35.412778
8683,E903761,[국도3]산청양촌교차로,국가교통정보센터(국도),127.8675,35.45861
8684,E903762,[국도3]산청오부교차로,국가교통정보센터(국도),127.86,35.467777
8685,E903763,[국도3]산청외송교,국가교통정보센터(국도),127.93667,35.34667
8686,E903764,[국도3]산청외정교차로,국가교통정보센터(국도),127.900276,35.398888
8687,E903765,[국도3]산청토현교북측,국가교통정보센터(국도),127.991667,35.296389
8688,E903767,[국도3]산청하정교차로,국가교통정보센터(국도),127.98472,35.31028
8689,E903766,[국도3]산청하정교차로남측,국가교통정보센터(국도),127.988889,35.308333
8690,E903768,[국도3]상주공검교인접,국가교통정보센터(국도),128.163611,36.515833
8691,E903769,[국도3]상주공검교차로,국가교통정보센터(국도),128.16766,36.506668
8692,E903770,[국도3]상주공성IC교,국가교통정보센터(국도),128.08483,36.28092
8693,E903771,[국도3]상주백원교차로,국가교통정보센터(국도),128.175936,36.490114
8694,E903772,[국도3]상주성심원정류장인접,국가교통정보센터(국도),128.161111,36.530833
8695,E903773,[국도3]상주연봉교차로,국가교통정보센터(국도),128.175651,36.501516
8696,E903774,[국도3]상주원흥교차로,국가교통정보센터(국도),128.17123,36.479008
8697,E903775,[국도3]상주월로교,국가교통정보센터(국도),128.13602,36.346962
8698,E903776,[국도3]상주윤직IC2교,국가교통정보센터(국도),128.19363,36.57574
8699,E903777,[국도3]상주이안교,국가교통정보센터(국도),128.179623,36.548451
8700,E903778,[국도3]상주이안교차로,국가교통정보센터(국도),128.16188,36.544163
8701,E903779,[국도3]상주이화교,국가교통정보센터(국도),128.08647,36.269287
8702,E903780,[국도3]상주점촌함창IC1교,국가교통정보센터(국도),128.17041,36.589695
8703,E903781,[국도3]상주청리과선교,국가교통정보센터(국도),128.12097,36.326412
8704,E903782,[국도3]상주초오교차로,국가교통정보센터(국도),128.10223,36.303325
8705,E903783,[국도3]상주태봉교,국가교통정보센터(국도),128.191439,36.5623
8706,E903784,[국도3]상주평천교,국가교통정보센터(국도),128.09706,36.293182
8707,E903785,[국도3]음성금단1교,국가교통정보센터(국도),127.63196,37.019176
8708,E903786,[국도3]음성신양리,국가교통정보센터(국도),127.623207,37.030526
8709,E903787,[국도3]음성오생1교차로,국가교통정보센터(국도),127.657541,37.002995
8710,E903788,[국도3]음성원당교,국가교통정보센터(국도),127.605512,37.068582
8711,E903789,[국도3]진주10호광장교차로,국가교통정보센터(국도),128.05861,35.174442
8712,E903790,[국도3]진주내동교차로,국가교통정보센터(국도),128.07028,35.156666
8713,E903791,[국도3]진주내동초등학교앞교차로,국가교통정보센터(국도),128.0675,35.16139
8714,E903792,[국도3]진주대사교차로남측,국가교통정보센터(국도),128.057191,35.181545
8715,E903793,[국도3]진주명석터널남측,국가교통정보센터(국도),128.043842,35.207864
8716,E903794,[국도3]진주서진주IC육교북측,국가교통정보센터(국도),128.054722,35.190556
8717,E903795,[국도3]진주예하1육교,국가교통정보센터(국도),128.097222,35.124722
8718,E903796,[국도3]진주외율교차로,국가교통정보센터(국도),127.99,35.28417
8719,E903797,[국도3]진주외율육교,국가교통정보센터(국도),127.993889,35.2725
8720,E903798,[국도3]진주용산마을,국가교통정보센터(국도),128.01445,35.229168
8721,E903799,[국도3]진주우수교차로,국가교통정보센터(국도),128.03389,35.216667
8722,E903800,[국도3]진주우수리마을,국가교통정보센터(국도),128.022778,35.225833
8723,E903801,[국도3]진주팔미교,국가교통정보센터(국도),127.995,35.25528
8724,E903802,[국도3]철원율이리,국가교통정보센터(국도),127.160193,38.241221
8725,E903803,[국도3]충주노루목교,국가교통정보센터(국도),127.930824,36.92719
8726,E903804,[국도3]충주대소리,국가교통정보센터(국도),127.8160914,36.97392076
8727,E903805,[국도3]충주대화교차로,국가교통정보센터(국도),127.68204,37.00223
8728,E903806,[국도3]충주도포1교,국가교통정보센터(국도),127.76073,36.988853
8729,E903807,[국도3]충주만정리,국가교통정보센터(국도),127.8529038,36.96490754
8730,E903808,[국도3]충주문산삼거리,국가교통정보센터(국도),127.955814,36.905899
8731,E903809,[국도3]충주선당소류지,국가교통정보센터(국도),127.71032,36.998055
8732,E903810,[국도3]충주세경교,국가교통정보센터(국도),127.946236,36.918256
8733,E903811,[국도3]충주세성교차로,국가교통정보센터(국도),127.9662537,36.9007939
8734,E903812,[국도3]충주소조령터널,국가교통정보센터(국도),128.015152,36.819405
8735,E903813,[국도3]충주송암교차로,국가교통정보센터(국도),127.69735,36.999153
8736,E903814,[국도3]충주수안보교차로,국가교통정보센터(국도),127.985192,36.842399
8737,E903815,[국도3]충주수안보온천2터널,국가교통정보센터(국도),127.97734,36.859226
8738,E903816,[국도3]충주수회리교차로,국가교통정보센터(국도),127.973886,36.881422
8739,E903817,[국도3]충주신양교차로,국가교통정보센터(국도),127.80661,36.97487
8740,E903818,[국도3]충주신중교차로,국가교통정보센터(국도),127.779998,36.981053
8741,E903819,[국도3]충주양봉교,국가교통정보센터(국도),127.97323,36.864127
8742,E903820,[국도3]충주용원교차로,국가교통정보센터(국도),127.743289,36.993154
8743,E903821,[국도3]충주용원리,국가교통정보센터(국도),127.727585,36.997635
8744,E903822,[국도3]충주용천리,국가교통정보센터(국도),127.98434,36.890827
8745,E903823,[국도3]충주원통교,국가교통정보센터(국도),127.96814,36.87273
8746,E903824,[국도3]충주월악산교차로,국가교통정보센터(국도),127.9996,36.837635
8747,E903825,[국도3]충주은행정교차로,국가교통정보센터(국도),128.005706,36.824877
8748,E903826,[국도3]충주첨단삼거리,국가교통정보센터(국도),127.8302315,36.97138333
8749,E903827,[국도3]충주충주교차로,국가교통정보센터(국도),127.8388634,36.96616386
8750,E903828,[국도3]충주호음실삼거리,국가교통정보센터(국도),127.95162,36.90849
8751,E903829,[국도3]함양구라사거리,국가교통정보센터(국도),127.78445,35.567223
8752,E903830,[국도3]함양남효삼거리,국가교통정보센터(국도),127.7975,35.5925
8753,E903831,[국도3]함양동구삼거리,국가교통정보센터(국도),127.788889,35.5775
8754,E903832,[국도3]함양석천교,국가교통정보센터(국도),127.81167,35.614445
8755,E903833,[국도3]함양수동교,국가교통정보센터(국도),127.791389,35.525
8756,E903834,[국도3]함양안의교차로,국가교통정보센터(국도),127.81472,35.620277
8757,E903835,[국도3]함양용추교차로,국가교통정보센터(국도),127.80804,35.645416
8758,E903836,[국도3]함양원평사거리,국가교통정보센터(국도),127.78333,35.536667
8759,E903837,[국도3]함양제실교인접,국가교통정보센터(국도),127.81331,35.65441
8760,E903838,[국도3]함양화산1교,국가교통정보센터(국도),127.799164,35.518333
8761,E900407,[국도3호선][국도3호선]광주봉현IC,국가교통정보센터(국도),127.393172,37.345659
8762,E900408,[국도3호선][국도3호선]연천초성교차로,국가교통정보센터(국도),127.069774,37.986246
8763,E900409,[국도3호선][국도3호선]이천도봉1교,국가교통정보센터(국도),127.447101,37.313019
8764,E900410,[국도3호선][국도3호선]이천도암IC,국가교통정보센터(국도),127.436058,37.313171
8765,E900411,[국도3호선][국도3호선]이천백사IC,국가교통정보센터(국도),127.469463,37.309079
8766,E900412,[국도3호선][국도3호선]이천송온육교,국가교통정보센터(국도),127.525197,37.247411
8767,E900413,[국도3호선][국도3호선]이천수광삼거리,국가교통정보센터(국도),127.399132,37.312737
8768,E903839,[국도3호선]거창고학마을입구,국가교통정보센터(국도),127.83195,35.6775
8769,E903840,[국도3호선]광주쌍동IC_상행,국가교통정보센터(국도),127.2865361,37.38274167
8770,E903841,[국도3호선]광주쌍동IC_하행,국가교통정보센터(국도),127.2965222,37.37988333
8771,E900414,[국도3호선]광주열미2교,국가교통정보센터(국도),127.373016,37.357417
8772,E903842,[국도3호선]광주용수교,국가교통정보센터(국도),127.302,37.377735
8773,E903843,[국도3호선]광주용수교(2),국가교통정보센터(국도),127.3002272,37.3784373
8774,E900415,[국도3호선]광주초월IC,국가교통정보센터(국도),127.319438,37.371827
8775,E903844,[국도3호선]김천구례3리마을회관북측,국가교통정보센터(국도),128.09537,36.232677
8776,E903845,[국도3호선]김천덕곡2교,국가교통정보센터(국도),128.164444,36.106667
8777,E903846,[국도3호선]김천도암교차로,국가교통정보센터(국도),128.1051,36.206734
8778,E903847,[국도3호선]김천송죽IC교남측,국가교통정보센터(국도),128.06396,36.047108
8779,E903848,[국도3호선]남해창선대교남측,국가교통정보센터(국도),128.030708,34.918723
8780,E903849,[국도3호선]동두천동두천IC,국가교통정보센터(국도),127.0298245,37.91015935
8781,E903850,[국도3호선]동두천동안터널,국가교통정보센터(국도),127.049034,37.942802
8782,E903851,[국도3호선]동두천봉동터널,국가교통정보센터(국도),127.051292,37.948811
8783,E903852,[국도3호선]동두천봉암터널,국가교통정보센터(국도),127.0565889,37.9607422
8784,E903853,[국도3호선]동두천상패천1교,국가교통정보센터(국도),127.0275333,37.89953333
8785,E903854,[국도3호선]동두천소요산IC,국가교통정보센터(국도),127.04583,37.93222
8786,E903855,[국도3호선]문경이화령터널인접,국가교통정보센터(국도),128.04472,36.75111
8787,E903856,[국도3호선]문경진남3교,국가교통정보센터(국도),128.123211,36.663249
8788,E903857,[국도3호선]배춘삼거리,국가교통정보센터(국도),128.09138,35.095554
8789,E903858,[국도3호선]사천금문교차로,국가교통정보센터(국도),128.054626,35.004557
8790,E903859,[국도3호선]산청목화밭휴게소,국가교통정보센터(국도),127.9525,35.321945
8791,E903860,[국도3호선]산청범학마을입구,국가교통정보센터(국도),127.90833,35.386112
8792,E903861,[국도3호선]산청산청교차로,국가교통정보센터(국도),127.87624,35.42415
8793,E903862,[국도3호선]산청양촌주유소,국가교통정보센터(국도),127.87444,35.448612
8794,E903863,[국도3호선]산청하정교차로북측,국가교통정보센터(국도),127.96472,35.315834
8795,E903864,[국도3호선]산청하정마을입구,국가교통정보센터(국도),127.990555,35.305
8796,E903865,[국도3호선]상주거창교차로,국가교통정보센터(국도),128.084488,36.260188
8797,E900416,[국도3호선]성남대원IC,국가교통정보센터(국도),127.15495,37.4207916
8798,E900417,[국도3호선]양주고암IC,국가교통정보센터(국도),127.0732,37.8146167
8799,E903866,[국도3호선]양주고읍교차로,국가교통정보센터(국도),127.0748452,37.80504067
8800,E900418,[국도3호선]양주광사IC,국가교통정보센터(국도),127.0766,37.7821833
8801,E903867,[국도3호선]양주노촌말교,국가교통정보센터(국도),127.0795333,37.84765
8802,E900419,[국도3호선]양주봉양교차로,국가교통정보센터(국도),127.0583333,37.8603
8803,E900420,[국도3호선]양주은현교,국가교통정보센터(국도),127.0375667,37.8817833
8804,E903868,[국도3호선]양주회암교차로,국가교통정보센터(국도),127.0778,37.83213333
8805,E903869,[국도3호선]여주건장삼거리,국가교통정보센터(국도),127.5493505,37.19798651
8806,E900421,[국도3호선]여주방재시험연구원,국가교통정보센터(국도),127.563168,37.180727
8807,E903870,[국도3호선]여주신해2리사거리,국가교통정보센터(국도),127.531807,37.217642
8808,E903871,[국도3호선]연천경기도학생연천야영장,국가교통정보센터(국도),127.134903,38.210357
8809,E903872,[국도3호선]연천고대산입구,국가교통정보센터(국도),127.142296,38.219116
8810,E903873,[국도3호선]연천대전삼거리,국가교통정보센터(국도),127.070019,38.000155
8811,E903874,[국도3호선]연천신초성교,국가교통정보센터(국도),127.064386,37.980327
8812,E903875,[국도3호선]연천신탄2교,국가교통정보센터(국도),127.151054,38.230343
8813,E903876,[국도3호선]연천어수물입구삼거리,국가교통정보센터(국도),127.06771,38.04912
8814,E903877,[국도3호선]연천연천교차로,국가교통정보센터(국도),127.08048,38.094707
8815,E903878,[국도3호선]연천연천진입삼거리,국가교통정보센터(국도),127.079319,38.079619
8816,E903879,[국도3호선]연천옥산리,국가교통정보센터(국도),127.087852,38.108964
8817,E903880,[국도3호선]연천와초교차로,국가교통정보센터(국도),127.09617,38.13875
8818,E903881,[국도3호선]연천은대육교,국가교통정보센터(국도),127.063971,38.038773
8819,E903882,[국도3호선]연천전곡교,국가교통정보센터(국도),127.065384,38.02848
8820,E903883,[국도3호선]연천전곡농협,국가교통정보센터(국도),127.068529,38.019899
8821,E903884,[국도3호선]연천한탄대교,국가교통정보센터(국도),127.06543,38.00412
8822,E903885,[국도3호선]용현2교,국가교통정보센터(국도),128.05583,35.010555
8823,E900422,[국도3호선]의정부민락교차로,국가교통정보센터(국도),127.102981,37.742065
8824,E900423,[국도3호선]의정부자금IC,국가교통정보센터(국도),127.0907,37.75896
8825,E900424,[국도3호선]의정부장암IC,국가교통정보센터(국도),127.0750983,37.7269505
8826,E903886,[국도3호선]의정부장암고가교,국가교통정보센터(국도),127.0636679,37.72380867
8827,E900425,[국도3호선]이천가산삼거리,국가교통정보센터(국도),127.511291666667,37.2404805555556
8828,E903887,[국도3호선]이천도지IC,국가교통정보센터(국도),127.489299,37.307098
8829,E900426,[국도3호선]이천동원대학앞,국가교통정보센터(국도),127.3981361,37.32113333
8830,E900427,[국도3호선]이천부발IC,국가교통정보센터(국도),127.523337,37.28966
8831,E900428,[국도3호선]이천상승대삼거리,국가교통정보센터(국도),127.5755027,37.16065566
8832,E900429,[국도3호선]이천수정IC,국가교통정보센터(국도),127.523945,37.261594
8833,E903888,[국도3호선]이천수정리,국가교통정보센터(국도),127.524983,37.2715
8834,E903889,[국도3호선]이천수하1교,국가교통정보센터(국도),127.427707,37.317966
8835,E903890,[국도3호선]이천우곡교,국가교통정보센터(국도),127.500251,37.305987
8836,E900430,[국도3호선]이천응암IC,국가교통정보센터(국도),127.518942,37.235703
8837,E903891,[국도3호선]이천이천IC입구,국가교통정보센터(국도),127.486591,37.25612568
8838,E900431,[국도3호선]이천이황초교삼거리,국가교통정보센터(국도),127.5901782,37.14457603
8839,E903892,[국도3호선]이천진암교,국가교통정보센터(국도),127.609785,37.109149
8840,E900432,[국도3호선]이천진암삼거리,국가교통정보센터(국도),127.6077061,37.13018502
8841,E903893,[국도3호선]이천청미천교,국가교통정보센터(국도),127.617065,37.095085
8842,E903894,[국도3호선]진주오미마을남측,국가교통정보센터(국도),128.00111,35.238888
8843,E903895,[국도3호선]진주오미마을북측,국가교통정보센터(국도),127.993611,35.244722
8844,E903896,[국도3호선]진주정촌교차로남측,국가교통정보센터(국도),128.0975,35.13333
8845,E903897,[국도3호선]진주정촌교차로북측,국가교통정보센터(국도),128.09807,35.137478
8846,E903898,[국도3호선]진주창바지마을,국가교통정보센터(국도),127.99333,35.263332
8847,E903899,[국도3호선]초전교차로,국가교통정보센터(국도),128.06972,35.05417
8848,E900433,[국도3호선]충주교통대입구사거리,국가교통정보센터(국도),127.87,36.963
8849,E900434,[국도3호선]충주대소원사거리,국가교통정보센터(국도),127.821134,36.974529
8850,E900435,[국도3호선]충주주덕교차로,국가교통정보센터(국도),127.795773,36.976682
8851,E903900,[국도3호선]함양강정교차로,국가교통정보센터(국도),127.814445,35.50639
8852,E903901,[국도3호선]함양석천교차로,국가교통정보센터(국도),128.05615,35.184875
8853,E903902,[국도3호선]함양화물차휴게소,국가교통정보센터(국도),127.79056,35.585556
8854,E903903,[국도40]공주공주효센터,국가교통정보센터(국도),127.0503,36.3428
8855,E903904,[국도40]공주달산교차로,국가교통정보센터(국도),127.0559,36.3545
8856,E903905,[국도40]공주용성1교,국가교통정보센터(국도),127.0750852,36.3737865
8857,E903906,[국도40]공주주봉육교,국가교통정보센터(국도),127.0804801,36.3930625
8858,E903907,[국도40]공주태봉교,국가교통정보센터(국도),127.0931212,36.4059549
8859,E903908,[국도40]당진합덕인더스파크산업단지,국가교통정보센터(국도),126.743184,36.789977
8860,E903909,[국도40]보령개화1리,국가교통정보센터(국도),126.655937,36.315643
8861,E903910,[국도40]보령개화교차로,국가교통정보센터(국도),126.63988,36.29122
8862,E903911,[국도40]보령개화교차로,국가교통정보센터(국도),126.65127,36.29678
8863,E903912,[국도40]보령개화리,국가교통정보센터(국도),126.64571,36.292
8864,E903913,[국도40]보령교성3리,국가교통정보센터(국도),126.55467,36.441315
8865,E903914,[국도40]보령도미부인사당입구,국가교통정보센터(국도),126.546581,36.442198
8866,E903915,[국도40]보령두만소류지,국가교통정보센터(국도),126.524019,36.462873
8867,E903916,[국도40]보령마강교차로,국가교통정보센터(국도),126.566622,36.425467
8868,E903917,[국도40]보령무궁화수목원,국가교통정보센터(국도),126.641113,36.335342
8869,E903918,[국도40]보령미산교차로,국가교통정보센터(국도),126.667308,36.297554
8870,E903919,[국도40]보령보령방조제북측,국가교통정보센터(국도),126.524141,36.451174
8871,E903920,[국도40]보령성주삼거리,국가교통정보센터(국도),126.64615,36.33682
8872,E903921,[국도40]보령성주터널서측,국가교통정보센터(국도),126.6266994,36.3376799
8873,E903922,[국도40]보령소성삼거리,국가교통정보센터(국도),126.533563,36.440357
8874,E903923,[국도40]보령수리교차로,국가교통정보센터(국도),126.687644,36.292049
8875,E903924,[국도40]보령수양관교차로,국가교통정보센터(국도),126.6346668,36.2936196
8876,E903925,[국도40]보령오천과선교,국가교통정보센터(국도),126.577352,36.422975
8877,E903926,[국도40]보령우유창고,국가교통정보센터(국도),126.5267565,36.4899069
8878,E903927,[국도40]보령웅포마을,국가교통정보센터(국도),126.557801,36.435017
8879,E903928,[국도40]보령장곡리,국가교통정보센터(국도),126.563754,36.430142
8880,E903929,[국도40]보령장은1리,국가교통정보센터(국도),126.5140945,36.5061811
8881,E903930,[국도40]보령장은3리,국가교통정보센터(국도),126.4997856,36.5074841
8882,E903931,[국도40]보령장은4리,국가교통정보센터(국도),126.5233508,36.4954831
8883,E903932,[국도40]보령장은보건진료소,국가교통정보센터(국도),126.5203762,36.5016333
8884,E903933,[국도40]보령천북삼거리,국가교통정보센터(국도),126.5269671,36.4814795
8885,E903934,[국도40]보령하만3리,국가교통정보센터(국도),126.5248344,36.4677241
8886,E903935,[국도40]보령하만교차로,국가교통정보센터(국도),126.524472,36.472776
8887,E903936,[국도40]보령하만리,국가교통정보센터(국도),126.523785,36.4572503
8888,E903937,[국도40]보령홍성방조제,국가교통정보센터(국도),126.485715,36.50862
8889,E903938,[국도40]보령화산1교,국가교통정보센터(국도),126.623292,36.35662181
8890,E903939,[국도40]부여구룡IC1교,국가교통정보센터(국도),126.817136,36.251557
8891,E903940,[국도40]부여금사교차로,국가교통정보센터(국도),126.801745,36.251459
8892,E903941,[국도40]부여대향로로터리,국가교통정보센터(국도),126.9294362,36.2844985
8893,E903942,[국도40]부여동문삼거리,국가교통정보센터(국도),126.9366228,36.2767731
8894,E903943,[국도40]부여반교터널동측,국가교통정보센터(국도),126.721338,36.285458
8895,E903944,[국도40]부여신정교차로,국가교통정보센터(국도),126.96098,36.32464
8896,E903945,[국도40]부여오촌교차로,국가교통정보센터(국도),126.9888632,36.3310619
8897,E903946,[국도40]부여온해교차로,국가교통정보센터(국도),126.751945,36.29525
8898,E903947,[국도40]부여용정교차로,국가교통정보센터(국도),126.9378344,36.2913342
8899,E903948,[국도40]부여운치교차로,국가교통정보센터(국도),126.790492,36.273824
8900,E903949,[국도40]부여율암교차로,국가교통정보센터(국도),126.79379,36.262449
8901,E903950,[국도40]부여자왕IC교,국가교통정보센터(국도),126.9514254,36.3092475
8902,E903951,[국도40]부여저동교차로,국가교통정보센터(국도),126.764063,36.295607
8903,E903952,[국도40]부여저석교차로,국가교통정보센터(국도),126.9778,36.3328
8904,E903953,[국도40]부여주암교차로,국가교통정보센터(국도),126.774603,36.283882
8905,E903954,[국도40]부여지티교차로,국가교통정보센터(국도),126.73377,36.290104
8906,E903955,[국도40]부여지티리,국가교통정보센터(국도),126.728108,36.287194
8907,E903956,[국도40]예산고덕회전교차로,국가교통정보센터(국도),126.698924,36.747044
8908,E903957,[국도40]예산내라리,국가교통정보센터(국도),126.600501,36.637127
8909,E903958,[국도40]예산덕산회전교차로,국가교통정보센터(국도),126.673199,36.709578
8910,E903959,[국도40]예산덕숭산탑림공원,국가교통정보센터(국도),126.63693,36.66704
8911,E903960,[국도40]예산도랑골삼거리,국가교통정보센터(국도),126.70952,36.761319
8912,E903961,[국도40]예산둔리1리,국가교통정보센터(국도),126.642485,36.675438
8913,E903962,[국도40]예산별암미사거리,국가교통정보센터(국도),126.7044026,36.7571036
8914,E903963,[국도40]예산복당1리,국가교통정보센터(국도),126.595991,36.631138
8915,E903964,[국도40]예산복당2리,국가교통정보센터(국도),126.590652,36.62767
8916,E903965,[국도40]예산복당리(1/2),국가교통정보센터(국도),126.586669,36.621234
8917,E903966,[국도40]예산복당리(2/2),국가교통정보센터(국도),126.5881708,36.6249481
8918,E903967,[국도40]예산사리1교차로,국가교통정보센터(국도),126.6946457,36.7312067
8919,E903968,[국도40]예산사천리(1/2),국가교통정보센터(국도),126.6117517,36.6476197
8920,E903969,[국도40]예산사천리(2/2),국가교통정보센터(국도),126.6159638,36.6498185
8921,E903970,[국도40]예산수덕고개,국가교통정보센터(국도),126.63995,36.66992
8922,E903971,[국도40]예산수덕고개(1/3),국가교통정보센터(국도),126.6293782,36.6605126
8923,E903972,[국도40]예산수덕고개(2/3),국가교통정보센터(국도),126.6320406,36.6622775
8924,E903973,[국도40]예산수덕고개(3/3),국가교통정보센터(국도),126.634529,36.6645229
8925,E903974,[국도40]예산수덕사1교차로,국가교통정보센터(국도),126.6264838,36.6577084
8926,E903975,[국도40]예산수덕사2교차로,국가교통정보센터(국도),126.6201534,36.6536981
8927,E903976,[국도40]예산오추육교,국가교통정보센터(국도),126.715853,36.7705853
8928,E903977,[국도40]예산외나사거리,국가교통정보센터(국도),126.615974,36.649754
8929,E903978,[국도40]예산읍내교차로,국가교통정보센터(국도),126.6726,36.7041
8930,E903979,[국도40]예산호음2리,국가교통정보센터(국도),126.733589,36.783619
8931,E903980,[국도40]홍성갈산터널동측,국가교통정보센터(국도),126.540012,36.598767
8932,E903981,[국도40]홍성광리,국가교통정보센터(국도),126.511,36.5943
8933,E903982,[국도40]홍성광리교차로,국가교통정보센터(국도),126.50714,36.59704
8934,E903983,[국도40]홍성남당교차로,국가교통정보센터(국도),126.472334,36.541583
8935,E903984,[국도40]홍성남당리,국가교통정보센터(국도),126.470968,36.546152
8936,E903985,[국도40]홍성내동교차로,국가교통정보센터(국도),126.479497,36.537235
8937,E903986,[국도40]홍성서부초등학교,국가교통정보센터(국도),126.51167,36.577496
8938,E903987,[국도40]홍성송촌마을,국가교통정보센터(국도),126.4951269,36.5666717
8939,E903988,[국도40]홍성송촌삼거리,국가교통정보센터(국도),126.487676,36.562739
8940,E903989,[국도40]홍성신리교차로,국가교통정보센터(국도),126.488238,36.526572
8941,E903990,[국도40]홍성신안리,국가교통정보센터(국도),126.578754,36.606825
8942,E903991,[국도40]홍성안악마을,국가교통정보센터(국도),126.5830508,36.6140171
8943,E903992,[국도40]홍성어사2교차로,국가교통정보센터(국도),126.4702528,36.5548283
8944,E903993,[국도40]홍성어사교차로,국가교통정보센터(국도),126.473938,36.557909
8945,E903994,[국도40]홍성어사항,국가교통정보센터(국도),126.4674586,36.5508888
8946,E903995,[국도40]홍성오두교차로,국가교통정보센터(국도),126.5288007,36.5988996
8947,E903996,[국도40]홍성은행골,국가교통정보센터(국도),126.504104,36.5659266
8948,E903997,[국도40]홍성이호교차로,국가교통정보센터(국도),126.515006,36.582865
8949,E903998,[국도40]홍성이호저수지,국가교통정보센터(국도),126.50915,36.568531
8950,E903999,[국도40]홍성하촌들,국가교통정보센터(국도),126.515553,36.587889
8951,E904000,[국도42]동해달방저수지,국가교통정보센터(국도),129.03821,37.507801
8952,E904001,[국도42]동해동해시승화원,국가교통정보센터(국도),129.027592,37.512072
8953,E904002,[국도42]동해삼화초등학교,국가교통정보센터(국도),129.021947,37.517201
8954,E904003,[국도42]동해신흥간촌,국가교통정보센터(국도),129.012795,37.524969
8955,E904004,[국도42호선][국도42]작은너그니재2,국가교통정보센터(국도),128.84349,37.4929
8956,E900436,[국도42호선][국도42호선]이천이천종합운동장,국가교통정보센터(국도),127.496208,37.289436
8957,E900437,[국도42호선]광터교차로(하),국가교통정보센터(국도),127.880926,37.340515
8958,E904005,[국도42호선]동해동해항교차로,국가교통정보센터(국도),129.121785,37.489366
8959,E904006,[국도42호선]동해비천교남측,국가교통정보센터(국도),129.046145,37.500745
8960,E904007,[국도42호선]동해소비교,국가교통정보센터(국도),129.052737,37.4983
8961,E904008,[국도42호선]동해원평교차로,국가교통정보센터(국도),129.06873,37.491933
8962,E904009,[국도42호선]동해전천과선교,국가교통정보센터(국도),129.078884,37.482114
8963,E904010,[국도42호선]동해청운교차로,국가교통정보센터(국도),129.102736,37.48391
8964,E904011,[국도42호선]동화리(상),국가교통정보센터(국도),127.83919,37.32372
8965,E900438,[국도42호선]문재(방림),국가교통정보센터(국도),128.263341,37.426735
8966,E900439,[국도42호선]문재(안흥),국가교통정보센터(국도),128.252057,37.414159
8967,E900440,[국도42호선]백복령(시경계),국가교통정보센터(국도),128.986557,37.533024
8968,E904012,[국도42호선]북평초교삼거리,국가교통정보센터(국도),128.67569,37.4569
8969,E900441,[국도42호선]비행기재,국가교통정보센터(국도),128.560883,37.344624
8970,E904013,[국도42호선]소탄교차로,국가교통정보센터(국도),128.58025,37.354973
8971,E904014,[국도42호선]솔치재,국가교통정보센터(국도),128.630461,37.382872
8972,E904015,[국도42호선]여량우회도로,국가교통정보센터(국도),128.743372,37.469743
8973,E904016,[국도42호선]여우재대기소,국가교통정보센터(국도),128.365244,37.432574
8974,E900442,[국도42호선]여주간매교차로,국가교통정보센터(국도),127.7094141,37.27452702
8975,E904017,[국도42호선]여주강천체육공원,국가교통정보센터(국도),127.70293,37.27901
8976,E900443,[국도42호선]여주고백리삼거리,국가교통정보센터(국도),127.5426343,37.29520507
8977,E900444,[국도42호선]여주교동교차로,국가교통정보센터(국도),127.6359583,37.282535
8978,E900445,[국도42호선]여주능서육교,국가교통정보센터(국도),127.5728627,37.30126488
8979,E900446,[국도42호선]여주부평교차로,국가교통정보센터(국도),127.7411663,37.27351063
8980,E904018,[국도42호선]여주서여주IC,국가교통정보센터(국도),127.59119,37.298637
8981,E904019,[국도42호선]여주신근리삼거리,국가교통정보센터(국도),127.55027,37.29752
8982,E900447,[국도42호선]여주여주IC삼거리,국가교통정보센터(국도),127.6483082,37.25446758
8983,E904020,[국도42호선]여주여주터널입구,국가교통정보센터(국도),127.7342,37.27244
8984,E900448,[국도42호선]여주영릉교차로,국가교통정보센터(국도),127.61491,37.29802
8985,E900449,[국도42호선]여주이호대교,국가교통정보센터(국도),127.67285,37.28369
8986,E904021,[국도42호선]용인궁촌교,국가교통정보센터(국도),127.164199,37.237617
8987,E900450,[국도42호선]용인대촌교차로,국가교통정보센터(국도),127.205733,37.213817
8988,E900451,[국도42호선]용인명지교차로,국가교통정보센터(국도),127.184163,37.228827
8989,E900452,[국도42호선]용인상하교차로,국가교통정보센터(국도),127.1387,37.25325
8990,E904022,[국도42호선]용인송문리입구삼거리,국가교통정보센터(국도),127.24853,37.22612
8991,E900453,[국도42호선]용인양지1교,국가교통정보센터(국도),127.27432,37.22948
8992,E900454,[국도42호선]용인양지IC사거리,국가교통정보센터(국도),127.2972927,37.23494432
8993,E900455,[국도42호선]용인양지사거리,국가교통정보센터(국도),127.2789854,37.23215692
8994,E904023,[국도42호선]용인제일초등학교사거리,국가교통정보센터(국도),127.3171735,37.23849667
8995,E900456,[국도42호선]용인추계1교,국가교통정보센터(국도),127.3292321,37.25526152
8996,E904024,[국도42호선]용인추계2리,국가교통정보센터(국도),127.3215855,37.24538767
8997,E904025,[국도42호선]원주교항1리,국가교통정보센터(국도),128.010778,37.432384
8998,E904028,[국도42호선]원주교항리,국가교통정보센터(국도),128.03821,37.440716
8999,E900457,[국도42호선]원주대둔IC,국가교통정보센터(국도),127.778327,37.2807
9000,E900458,[국도42호선]원주문막사거리,국가교통정보센터(국도),127.8222718,37.316579
9001,E900459,[국도42호선]원주세고개삼거리,국가교통정보센터(국도),127.85447,37.333303
9002,E904029,[국도42호선]원주소초사거리,국가교통정보센터(국도),128.0015,37.41801
9003,E904026,[국도42호선]원주수암리,국가교통정보센터(국도),127.994221,37.403662
9004,E904030,[국도42호선]원주지천이고개,국가교통정보센터(국도),128.02144,37.43508
9005,E904031,[국도42호선]원주진양삼거리,국가교통정보센터(국도),127.98154,37.390488
9006,E904027,[국도42호선]원주학곡회전교차로,국가교통정보센터(국도),128.055609,37.43753
9007,E904032,[국도42호선]이천달개실사거리,국가교통정보센터(국도),127.435265,37.24428
9008,E900460,[국도42호선]이천무촌교차로,국가교통정보센터(국도),127.4811946,37.28668872
9009,E900461,[국도42호선]이천복하교차로,국가교통정보센터(국도),127.4615741,37.26503732
9010,E904033,[국도42호선]이천부발IC,국가교통정보센터(국도),127.5234744,37.2896862
9011,E900462,[국도42호선]이천설서교차로,국가교통정보센터(국도),127.4028334,37.25564307
9012,E900463,[국도42호선]이천신원교,국가교통정보센터(국도),127.5094301,37.2912712
9013,E900464,[국도42호선]이천오천교차로,국가교통정보센터(국도),127.3615657,37.25461995
9014,E904034,[국도42호선]이천오천삼거리,국가교통정보센터(국도),127.34777,37.256058
9015,E904035,[국도42호선]이천오천터널입구,국가교통정보센터(국도),127.373524,37.25451383
9016,E904036,[국도42호선]이천윗들사거리,국가교통정보센터(국도),127.420011,37.2442965
9017,E904037,[국도42호선]이천추계2교,국가교통정보센터(국도),127.34411,37.25686
9018,E904054,[국도42호선]정선광석교차로,국가교통정보센터(국도),128.61906,37.363922
9019,E904038,[국도42호선]정선덕송교차로,국가교통정보센터(국도),128.6673582,37.3939623
9020,E904039,[국도42호선]정선덕송삼거리,국가교통정보센터(국도),128.663392,37.419499
9021,E900465,[국도42호선]정선반점재,국가교통정보센터(국도),128.672222,37.408838
9022,E900467,[국도42호선]정선백복령대기소,국가교통정보센터(국도),128.929711,37.531284
9023,E900466,[국도42호선]정선백복령정상,국가교통정보센터(국도),128.964583,37.541916
9024,E904040,[국도42호선]정선북평삼거리,국가교통정보센터(국도),128.66547,37.451015
9025,E904041,[국도42호선]정선송계리1,국가교통정보센터(국도),128.807223,37.499625
9026,E904042,[국도42호선]정선송계리2,국가교통정보센터(국도),128.829905,37.497986
9027,E904043,[국도42호선]정선아우라지교차로,국가교통정보센터(국도),128.718185,37.469326
9028,E904044,[국도42호선]정선여량교차로,국가교통정보센터(국도),128.72727,37.467766
9029,E904045,[국도42호선]정선여량터널,국가교통정보센터(국도),128.707061,37.467123
9030,E904046,[국도42호선]정선왕치산,국가교통정보센터(국도),128.781079,37.48732
9031,E904047,[국도42호선]정선임계대교,국가교통정보센터(국도),128.86378,37.497485
9032,E904048,[국도42호선]정선임계리,국가교통정보센터(국도),128.878776,37.507411
9033,E900468,[국도42호선]정선작은너그니재,국가교통정보센터(국도),128.842827,37.493105
9034,E904049,[국도42호선]정선장열리,국가교통정보센터(국도),128.682844,37.466301
9035,E904050,[국도42호선]정선장열리2,국가교통정보센터(국도),128.695268,37.460993
9036,E904051,[국도42호선]정선지경교,국가교통정보센터(국도),128.760047,37.47373
9037,E904052,[국도42호선]정선직원리,국가교통정보센터(국도),128.952735,37.535973
9038,E904053,[국도42호선]정선화천동삼거리,국가교통정보센터(국도),128.88744,37.519703
9039,E900469,[국도42호선]창리교차로(구멧둔재),국가교통정보센터(국도),128.473889,37.341282
9040,E900470,[국도42호선]큰너그니재(임계),국가교통정보센터(국도),128.7916571,37.49805258
9041,E904061,[국도42호선]평창노론삼거리,국가교통정보센터(국도),128.43292,37.3619
9042,E904055,[국도42호선]평창맷대교차로,국가교통정보센터(국도),128.545616,37.335452
9043,E904062,[국도42호선]평창멧둔재교차로,국가교통정보센터(국도),128.44801,37.346817
9044,E904063,[국도42호선]평창백운교차로,국가교통정보센터(국도),128.5436,37.332756
9045,E904056,[국도42호선]평창상리,국가교통정보센터(국도),128.4128743,37.36469019
9046,E904057,[국도42호선]평창샘내1교,국가교통정보센터(국도),128.48916,37.339123
9047,E900471,[국도42호선]평창서천교차로,국가교통정보센터(국도),128.524479,37.32559
9048,E900472,[국도42호선]평창여우재,국가교통정보센터(국도),128.314339,37.431804
9049,E904058,[국도42호선]평창창리1교,국가교통정보센터(국도),128.5056192,37.3370151
9050,E904059,[국도42호선]평창창리2교,국가교통정보센터(국도),128.512047,37.330256
9051,E904060,[국도42호선]평창평창교,국가교통정보센터(국도),128.406498,37.367002
9052,E904064,[국도42호선]횡성모란교차로동측,국가교통정보센터(국도),128.0912,37.445134
9053,E900473,[국도42호선]횡성새말교차로,국가교통정보센터(국도),128.076757,37.448048
9054,E904065,[국도42호선]횡성신지교차로,국가교통정보센터(국도),128.13377,37.411437
9055,E904066,[국도42호선]횡성신흥교차로,국가교통정보센터(국도),128.146475,37.407633
9056,E904067,[국도42호선]횡성안흥삼거리,국가교통정보센터(국도),128.155939,37.412939
9057,E904070,[국도42호선]횡성역골교차로,국가교통정보센터(국도),128.06966,37.444035
9058,E904068,[국도42호선]횡성오원교차로,국가교통정보센터(국도),128.09799,37.43801
9059,E904069,[국도42호선]횡성전재교차로,국가교통정보센터(국도),128.10901,37.426339
9060,E904071,[국도43]공주덕학교차로,국가교통정보센터(국도),127.17081,36.58814
9061,E904072,[국도43]공주도신2교,국가교통정보센터(국도),127.175334,36.58394785
9062,E904073,[국도43]공주어물터널,국가교통정보센터(국도),127.1636985,36.59285688
9063,E904074,[국도43]공주월계교,국가교통정보센터(국도),127.17735,36.56761
9064,E904075,[국도43]공주중흥쉼터,국가교통정보센터(국도),127.17553,36.57461
9065,E904076,[국도43]공주창말교차로,국가교통정보센터(국도),127.122409,36.61582428
9066,E904077,[국도43]세종수산교차로,국가교통정보센터(국도),127.22546,36.54058
9067,E904078,[국도43]세종수산터널(공주)내부,국가교통정보센터(국도),127.210542,36.54422
9068,E904079,[국도43]세종수산터널(공주)입구,국가교통정보센터(국도),127.21415,36.54404
9069,E904080,[국도43]세종수산터널(공주)출구,국가교통정보센터(국도),127.20698,36.54448
9070,E904081,[국도43]세종수산터널(세종)내부,국가교통정보센터(국도),127.21137,36.54369
9071,E904082,[국도43]세종수산터널(세종)입구,국가교통정보센터(국도),127.20878,36.54403
9072,E904083,[국도43]세종수산터널(세종)출구,국가교통정보센터(국도),127.21485,36.5439
9073,E904084,[국도43]세종용암교차로,국가교통정보센터(국도),127.20292,36.54552
9074,E904085,[국도43]송용지하차도송용1,국가교통정보센터(국도),127.0197368,36.9093095
9075,E904086,[국도43]송용지하차도송용2,국가교통정보센터(국도),127.0212446,36.9088047
9076,E904087,[국도43]아산산전리,국가교통정보센터(국도),127.043093,36.886981
9077,E904088,[국도43]아산용두교차로,국가교통정보센터(국도),127.0428,36.80556
9078,E904089,[국도43]천안남풍세IC교차로,국가교통정보센터(국도),127.1393,36.71696
9079,E904090,[국도43]천안용정리,국가교통정보센터(국도),127.10297,36.74948
9080,E904091,[국도43]천안풍세교차로,국가교통정보센터(국도),127.13686,36.72445
9081,E900474,[국도43호선][국도43호선]포천신북IC,국가교통정보센터(국도),127.216134,37.912469
9082,E900475,[국도43호선]갈현고개,국가교통정보센터(국도),127.31006,38.15759
9083,E900476,[국도43호선]공주중흥교차로,국가교통정보센터(국도),127.18649,36.56013
9084,E900477,[국도43호선]광주고산IC,국가교통정보센터(국도),127.2421181,37.37747019
9085,E904092,[국도43호선]광주광지원초교,국가교통정보센터(국도),127.25388,37.459488
9086,E904093,[국도43호선]광주문형2교,국가교통정보센터(국도),127.207803,37.346316
9087,E900478,[국도43호선]광주상번천리,국가교통정보센터(국도),127.2592528,37.44893499
9088,E904094,[국도43호선]광주엄미1리정류장근처,국가교통정보센터(국도),127.24987,37.47089
9089,E904095,[국도43호선]광주엄미리계곡삼거리,국가교통정보센터(국도),127.24138,37.475582
9090,E904096,[국도43호선]광주오포읍사무소,국가교통정보센터(국도),127.23193,37.366351
9091,E900479,[국도43호선]광주은고개,국가교통정보센터(국도),127.240330555556,37.4794138888889
9092,E900480,[국도43호선]남양주광전IC,국가교통정보센터(국도),127.129632,37.693875
9093,E904097,[국도43호선]남양주청학터널남측,국가교통정보센터(국도),127.119704,37.703712
9094,E904098,[국도43호선]남양주청학터널북측,국가교통정보센터(국도),127.113703,37.70673
9095,E900481,[국도43호선]세종수산터널,국가교통정보센터(국도),127.21665,36.54397
9096,E900482,[국도43호선]세종운당교차로,국가교통정보센터(국도),127.1488,36.70799
9097,E900483,[국도43호선]아산갈매리,국가교통정보센터(국도),127.0879352,36.7660833
9098,E900484,[국도43호선]아산봉재교차로,국가교통정보센터(국도),127.0428,36.87848
9099,E900485,[국도43호선]아산북수교차로,국가교통정보센터(국도),127.0773386,36.7811802
9100,E900486,[국도43호선]아산송용2교,국가교통정보센터(국도),127.02611,36.90604
9101,E900487,[국도43호선]아산송촌교차로,국가교통정보센터(국도),127.04035,36.8451
9102,E900488,[국도43호선]아산신남교차로,국가교통정보센터(국도),127.01308,36.91298
9103,E900489,[국도43호선]아산신법2교,국가교통정보센터(국도),126.9986,36.92797
9104,E900490,[국도43호선]아산신항교차로,국가교통정보센터(국도),127.0345,36.894
9105,E900491,[국도43호선]아산용두터널,국가교통정보센터(국도),127.0526,36.82736
9106,E900492,[국도43호선]아산음봉산단교차로,국가교통정보센터(국도),127.0374,36.8624
9107,E900493,[국도43호선]아산현충교차로,국가교통정보센터(국도),127.0472893,36.79411
9108,E904099,[국도43호선]용인능원1교,국가교통정보센터(국도),127.1678067,37.33755492
9109,E900494,[국도43호선]용인동림리,국가교통정보센터(국도),127.18523,37.3398225
9110,E900495,[국도43호선]용인매산리,국가교통정보센터(국도),127.218763,37.351993
9111,E904100,[국도43호선]용인양촌교,국가교통정보센터(국도),127.1592361,37.33138333
9112,E904101,[국도43호선]용인오산육교,국가교통정보센터(국도),127.147606,37.330918
9113,E900496,[국도43호선]용인죽전동,국가교통정보센터(국도),127.1401616,37.32866611
9114,E900497,[국도43호선]천안삼태교차로,국가교통정보센터(국도),127.097524,36.755452
9115,E900498,[국도43호선]천안용정교차로,국가교통정보센터(국도),127.1174,36.73778
9116,E904102,[국도43호선]철원강포리,국가교통정보센터(국도),127.294135,38.119837
9117,E904109,[국도43호선]철원김화교차로,국가교통정보센터(국도),127.42456,38.253498
9118,E904110,[국도43호선]철원드르니교차로,국가교통정보센터(국도),127.30071,38.14977
9119,E904103,[국도43호선]철원문혜1교,국가교통정보센터(국도),127.33935,38.19595
9120,E904111,[국도43호선]철원문혜교차로,국가교통정보센터(국도),127.33332,38.186947
9121,E904112,[국도43호선]철원문혜리,국가교통정보센터(국도),127.33585,38.188484
9122,E904104,[국도43호선]철원문혜지하차도,국가교통정보센터(국도),127.339398,38.202459
9123,E904105,[국도43호선]철원생창리,국가교통정보센터(국도),127.451482,38.274653
9124,E904113,[국도43호선]철원생태평화공원북측,국가교통정보센터(국도),127.453186,38.2844
9125,E904106,[국도43호선]철원연봉제삼거리,국가교통정보센터(국도),127.301196,38.133915
9126,E904114,[국도43호선]철원운장리,국가교통정보센터(국도),127.444916,38.26823
9127,E904107,[국도43호선]철원읍내리,국가교통정보센터(국도),127.428454,38.260921
9128,E904115,[국도43호선]철원지경교차로,국가교통정보센터(국도),127.35214,38.232273
9129,E904116,[국도43호선]철원지경리,국가교통정보센터(국도),127.34308,38.22085
9130,E904108,[국도43호선]철원청양교차로,국가교통정보센터(국도),127.374467,38.242849
9131,E904117,[국도43호선]철원청하육교,국가교통정보센터(국도),127.39415,38.241356
9132,E900499,[국도43호선]평택길음IC,국가교통정보센터(국도),126.9647,36.9845333
9133,E900500,[국도43호선]평택신대IC,국가교통정보센터(국도),126.9918,36.9446833
9134,E900501,[국도43호선]평택오성IC,국가교통정보센터(국도),126.9889,37.0089333
9135,E900502,[국도43호선]평택팽성IC,국가교통정보센터(국도),126.9864833,36.9572
9136,E900503,[국도43호선]평택평택대교,국가교통정보센터(국도),126.9737833,36.9629
9137,E904118,[국도43호선]포천둑곡마을입구삼거리,국가교통정보센터(국도),127.22514,37.930836
9138,E904119,[국도43호선]포천만세교리교차로,국가교통정보센터(국도),127.245591,37.96234
9139,E904120,[국도43호선]포천부인터사거리,국가교통정보센터(국도),127.1313617,37.8040205
9140,E904121,[국도43호선]포천성동2리사거리,국가교통정보센터(국도),127.2613,38.03354
9141,E904122,[국도43호선]포천성동삼거리,국가교통정보센터(국도),127.259135,38.024837
9142,E904123,[국도43호선]포천수내동입구교차로,국가교통정보센터(국도),127.1263241,37.7899231
9143,E904124,[국도43호선]포천신장삼거리,국가교통정보센터(국도),127.2472501,38.0144908
9144,E904125,[국도43호선]포천신포천아파트앞삼거리,국가교통정보센터(국도),127.2292,37.93848
9145,E904126,[국도43호선]포천야미사거리,국가교통정보센터(국도),127.270555,38.053888
9146,E904127,[국도43호선]포천양문교,국가교통정보센터(국도),127.2464598,37.9977352
9147,E904128,[국도43호선]포천요꼴사거리,국가교통정보센터(국도),127.23863,37.95059
9148,E904129,[국도43호선]포천용상골입구사거리,국가교통정보센터(국도),127.13578,37.81634
9149,E904130,[국도43호선]포천운천1교차로,국가교통정보센터(국도),127.27429,38.074883
9150,E904131,[국도43호선]포천운천2교차로,국가교통정보센터(국도),127.265759,38.080949
9151,E904132,[국도43호선]포천운천3교차로,국가교통정보센터(국도),127.268394,38.094418
9152,E904133,[국도43호선]포천자일1리삼거리,국가교통정보센터(국도),127.290276,38.111668
9153,E904134,[국도43호선]포천초가팔리입구사거리,국가교통정보센터(국도),127.1476489,37.8258997
9154,E904135,[국도43호선]포천틀못이마을입구교차로,국가교통정보센터(국도),127.222501,37.923415
9155,E904136,[국도43호선]포천포천방어벙커,국가교통정보센터(국도),127.234018,37.944993
9156,E904137,[국도43호선]포천하송우사거리,국가교통정보센터(국도),127.1545765,37.8371011
9157,E904138,[국도43호선]포천한내사거리,국가교통정보센터(국도),127.20599,37.8975
9158,E900504,[국도43호선]화성덕리사거리,국가교통정보센터(국도),126.9359732,37.17685286
9159,E900505,[국도43호선]화성만년제교차로,국가교통정보센터(국도),126.998516666667,37.2003833333333
9160,E900506,[국도43호선]화성반정1육교,국가교통정보센터(국도),127.05075,37.2300833
9161,E900507,[국도43호선]화성보통교차로,국가교통정보센터(국도),126.968316666667,37.1976666666667
9162,E904139,[국도43호선]화성보통리,국가교통정보센터(국도),126.9550833,37.19628333
9163,E904140,[국도43호선]화성상두리입구삼거리,국가교통정보센터(국도),126.93326,37.10805
9164,E904141,[국도43호선]화성상두리입구정류장,국가교통정보센터(국도),126.939514,37.097496
9165,E904142,[국도43호선]화성상산리입구삼거리,국가교통정보센터(국도),126.942414,37.088283
9166,E904143,[국도43호선]화성세곡리,국가교통정보센터(국도),126.9384194,37.18691667
9167,E900508,[국도43호선]화성수기지하차도,국가교통정보센터(국도),126.9842333,37.1993833
9168,E904144,[국도43호선]화성신왕삼거리,국가교통정보센터(국도),126.945274,37.081387
9169,E900509,[국도43호선]화성안녕IC,국가교통정보센터(국도),127.01375,37.19555
9170,E900510,[국도43호선]화성왕림교차로,국가교통정보센터(국도),126.9468833,37.1920667
9171,E900511,[국도43호선]화성장짐교차로,국가교통정보센터(국도),126.91163,37.135653
9172,E900512,[국도43호선]화성진안교차로,국가교통정보센터(국도),127.026766666667,37.2058
9173,E904145,[국도43호선]화성진안지하차도,국가교통정보센터(국도),127.03285,37.21768333
9174,E904146,[국도43호선]화성태안지하차도,국가교통정보센터(국도),127.0452333,37.21921667
9175,E900513,[국도43호선]화성팔탄입구3,국가교통정보센터(국도),126.9318288,37.1636191
9176,E900514,[국도43호선]화성향남교차로,국가교통정보센터(국도),126.925385,37.111568
9177,E900515,[국도43호선]화성향남주공2단지앞,국가교통정보센터(국도),126.918084,37.118459
9178,E904147,[국도44]인제관벌교차로,국가교통정보센터(국도),128.241315,38.139469
9179,E904148,[국도44]인제남전1교,국가교통정보센터(국도),128.120441,38.005617
9180,E904149,[국도44]인제다물교차로,국가교통정보센터(국도),128.064498,37.94369
9181,E904150,[국도44]인제덕산교차로,국가교통정보센터(국도),128.181295,38.08762
9182,E904151,[국도44]인제새마을교차로,국가교통정보센터(국도),128.096885,37.98324
9183,E904152,[국도44]인제신남교차로,국가교통정보센터(국도),128.075748,37.965246
9184,E904153,[국도44]인제인제교차로,국가교통정보센터(국도),128.175172,38.064697
9185,E904154,[국도44]홍천갈마곡교차로,국가교통정보센터(국도),127.895174,37.689553
9186,E904155,[국도44]홍천검율교북측,국가교통정보센터(국도),127.917263,37.704194
9187,E904156,[국도44]홍천검율교차로,국가교통정보센터(국도),127.910629,37.696447
9188,E904157,[국도44]홍천말고개교차로,국가교통정보센터(국도),127.981545,37.786342
9189,E904158,[국도44]홍천상오안농공단지,국가교통정보센터(국도),127.819455,37.653085
9190,E904159,[국도44]홍천성산2교,국가교통정보센터(국도),127.962418,37.771308
9191,E904160,[국도44]홍천연봉리,국가교통정보센터(국도),127.884249,37.682658
9192,E904161,[국도44]홍천원거교차로,국가교통정보센터(국도),128.045002,37.908921
9193,E904162,[국도44]홍천원평교차로,국가교통정보센터(국도),127.972321,37.778403
9194,E904163,[국도44]홍천월천리삼거리,국가교통정보센터(국도),127.776294,37.620468
9195,E904164,[국도44]홍천자은교차로,국가교통정보센터(국도),128.023115,37.8716
9196,E904165,[국도44]홍천하오안교,국가교통정보센터(국도),127.839464,37.665443
9197,E904166,[국도44]홍천향교골교차로,국가교통정보센터(국도),128.001145,37.81978
9198,E904167,[국도44]홍천홍천IC,국가교통정보센터(국도),127.853108,37.671467
9199,E904168,[국도44호선]덕산작업대기소,국가교통정보센터(국도),128.183666,38.098763
9200,E904169,[국도44호선]두촌면역내리,국가교통정보센터(국도),128.019146,37.847989
9201,E904170,[국도44호선]북면교차로,국가교통정보센터(국도),128.200192,38.112697
9202,E904171,[국도44호선]상오안교(하),국가교통정보센터(국도),127.813954,37.648722
9203,E904172,[국도44호선]성산교차로,국가교통정보센터(국도),127.95484,37.763123
9204,E904173,[국도44호선]신풍교차로,국가교통정보센터(국도),128.073404,37.960098
9205,E904174,[국도44호선]약수휴게소,국가교통정보센터(국도),128.12976,38.025335
9206,E900516,[국도44호선]양양한계령오색,국가교통정보센터(국도),128.449358,38.084809
9207,E900517,[국도44호선]양양한계령정상,국가교통정보센터(국도),128.406541,38.097529
9208,E900518,[국도44호선]양평다대교,국가교통정보센터(국도),127.727313888889,37.5669111111111
9209,E904175,[국도44호선]오안초등학교(하),국가교통정보센터(국도),127.830519,37.660138
9210,E904176,[국도44호선]와동교차로(상),국가교통정보센터(국도),127.92407,37.71563
9211,E904177,[국도44호선]용소교차로,국가교통정보센터(국도),128.02008,37.863888
9212,E904178,[국도44호선]원동교차로,국가교통정보센터(국도),128.023226,37.884921
9213,E904179,[국도44호선]원통교차로,국가교통정보센터(국도),128.22217,38.129368
9214,E900519,[국도44호선]인제과훈단교차로,국가교통정보센터(국도),128.06016,37.926398
9215,E904180,[국도44호선]인제남전리,국가교통정보센터(국도),128.135508,38.034425
9216,E904183,[국도44호선]인제대교,국가교통정보센터(국도),128.15715,38.0426
9217,E904181,[국도44호선]인제부평교차로,국가교통정보센터(국도),128.105046,37.990492
9218,E900520,[국도44호선]인제신남대교,국가교통정보센터(국도),128.08087,37.973665
9219,E900521,[국도44호선]인제한계교차로,국가교통정보센터(국도),128.253663,38.139175
9220,E904182,[국도44호선]인제한계리,국가교통정보센터(국도),128.32901,38.120041
9221,E904184,[국도44호선]장남교차로,국가교통정보센터(국도),128.037178,37.897534
9222,E904185,[국도44호선]철정교차로,국가교통정보센터(국도),127.99256,37.80617
9223,E904186,[국도44호선]청구교차로,국가교통정보센터(국도),128.11575,38.00046
9224,E904187,[국도44호선]추평교차로,국가교통정보센터(국도),128.009055,37.82815
9225,E900522,[국도44호선]춘천양덕원교차로,국가교통정보센터(국도),127.768844,37.61035
9226,E904188,[국도44호선]합강정,국가교통정보센터(국도),128.18602,38.0764
9227,E900523,[국도44호선]홍천구성포교차로,국가교통정보센터(국도),127.949988,37.747941
9228,E900524,[국도44호선]홍천둔지교삼거리,국가교통정보센터(국도),127.858728,37.678838
9229,E904189,[국도44호선]홍천며느리재휴게소,국가교통정보센터(국도),127.777468,37.627919
9230,E900525,[국도44호선]홍천연봉교,국가교통정보센터(국도),127.872707,37.679708
9231,E904190,[국도45]남양주금신마을,국가교통정보센터(국도),127.3545214,37.63556706
9232,E900526,[국도45]서산대곡2교,국가교통정보센터(국도),126.586346,36.668258
9233,E900527,[국도45]서산대곡교차로,국가교통정보센터(국도),126.578949,36.672474
9234,E900528,[국도45]서산산수1교,국가교통정보센터(국도),126.570263,36.699981
9235,E900529,[국도45]서산잠양교차로,국가교통정보센터(국도),126.551161,36.708385
9236,E900530,[국도45]서산한서대입구,국가교통정보센터(국도),126.57935,36.685934
9237,E900531,[국도45]서산해미천교,국가교통정보센터(국도),126.560794,36.702772
9238,E904191,[국도45]아산방현리,국가교통정보센터(국도),127.00935,36.82125
9239,E904192,[국도45]아산방현사거리,국가교통정보센터(국도),127.0063943,36.81547959
9240,E904193,[국도45]아산석정교차로,국가교통정보센터(국도),127.005689,36.807489
9241,E904194,[국도45]아산어르목터널(01/02)(평택),국가교통정보센터(국도),127.026643,36.856768
9242,E904195,[국도45]아산어르목터널(02/02)(아산),국가교통정보센터(국도),127.01961,36.85085
9243,E904196,[국도45]아산음봉교차로,국가교통정보센터(국도),127.012195,36.846755
9244,E904197,[국도45]아산중암휴게소,국가교통정보센터(국도),127.0311765,36.88344202
9245,E900532,[국도45]예산광천1교,국가교통정보센터(국도),126.596558,36.664279
9246,E900533,[국도45]예산광천2교,국가교통정보센터(국도),126.605328,36.665387
9247,E900534,[국도45]예산광천교차로,국가교통정보센터(국도),126.610454,36.678954
9248,E900535,[국도45]예산대치교차로,국가교통정보센터(국도),126.620714,36.684302
9249,E900536,[국도45]예산덕산온천교차로,국가교통정보센터(국도),126.662787,36.686668
9250,E900537,[국도45]예산방아교차로,국가교통정보센터(국도),126.758869,36.6874194
9251,E900538,[국도45]예산삽교교차로,국가교통정보센터(국도),126.717075,36.688354
9252,E900539,[국도45]예산송산교차로,국가교통정보센터(국도),126.68068,36.688745
9253,E904198,[국도45]예산신원2교,국가교통정보센터(국도),126.816679,36.696822
9254,E900540,[국도45]예산안치교차로,국가교통정보센터(국도),126.69724,36.691139
9255,E900541,[국도45]예산임성교차로,국가교통정보센터(국도),126.783625,36.686869
9256,E900542,[국도45호선]광주도마삼거리,국가교통정보센터(국도),127.2728528,37.46811389
9257,E904199,[국도45호선]남양주금남교차로,국가교통정보센터(국도),127.3658972,37.64824444
9258,E904200,[국도45호선]남양주부엉배마을입구,국가교통정보센터(국도),127.329674,37.582267
9259,E900543,[국도45호선]남양주삼봉리연수원앞,국가교통정보센터(국도),127.341427777778,37.6055055555556
9260,E904201,[국도45호선]남양주송촌교,국가교통정보센터(국도),127.3244333,37.57231944
9261,E900544,[국도45호선]남양주영화촬영소입구교차로,국가교통정보센터(국도),127.338791666667,37.5948611111111
9262,E904202,[국도45호선]남양주운길산역,국가교통정보센터(국도),127.3114167,37.5552
9263,E904203,[국도45호선]남양주조안1리마을회관,국가교통정보센터(국도),127.3015941,37.53884344
9264,E900545,[국도45호선]남양주진중삼거리,국가교통정보센터(국도),127.307452,37.54934919
9265,E904204,[국도45호선]남양주화도읍금남리,국가교통정보센터(국도),127.3449583,37.61910556
9266,E900546,[국도45호선]서안성교차로,국가교통정보센터(국도),127.150373,37.037362
9267,E900547,[국도45호선]아산관대삼거리,국가교통정보센터(국도),127.034087,36.899664
9268,E900548,[국도45호선]아산관터사거리,국가교통정보센터(국도),127.031949,36.906411
9269,E904205,[국도45호선]아산남성과선교,국가교통정보센터(국도),126.94694,36.801671
9270,E900549,[국도45호선]아산동정삼거리,국가교통정보센터(국도),127.009595,36.831031
9271,E900550,[국도45호선]아산둔포교차로,국가교통정보센터(국도),127.034892,36.918445
9272,E900551,[국도45호선]아산송곡사거리,국가교통정보센터(국도),127.008172,36.798385
9273,E904206,[국도45호선]아산수장교차로,국가교통정보센터(국도),126.96133,36.80765
9274,E904207,[국도45호선]아산신달교차로,국가교통정보센터(국도),126.938854,36.792049
9275,E900554,[국도45호선]아산어르목터널(01/04)(아산),국가교통정보센터(국도),127.0248667,36.85565434
9276,E900555,[국도45호선]아산어르목터널(01/04)(평택),국가교통정보센터(국도),127.02147,36.85196
9277,E900556,[국도45호선]아산어르목터널(02/04)(아산),국가교통정보센터(국도),127.024119863,36.8549440827
9278,E900557,[국도45호선]아산어르목터널(02/04)(평택),국가교통정보센터(국도),127.021800556,36.8522702803999
9279,E900558,[국도45호선]아산어르목터널(03/04)(아산),국가교통정보센터(국도),127.0230317,36.8539372
9280,E900559,[국도45호선]아산어르목터널(03/04)(평택),국가교통정보센터(국도),127.0232782,36.85344154
9281,E900560,[국도45호선]아산어르목터널(04/04)(아산),국가교통정보센터(국도),127.021746177,36.8528840528
9282,E900561,[국도45호선]아산어르목터널(04/04)(평택),국가교통정보센터(국도),127.024692630999,36.8547905244999
9283,E900552,[국도45호선]아산어르목터널남단,국가교통정보센터(국도),127.0181783,36.8497251
9284,E900553,[국도45호선]아산어르목터널북단,국가교통정보센터(국도),127.027755,36.858916
9285,E900562,[국도45호선]아산운용교차로,국가교통정보센터(국도),127.045809,36.933112
9286,E900563,[국도45호선]아산원남교차로,국가교통정보센터(국도),127.027135,36.869708
9287,E904208,[국도45호선]안성도곡1교,국가교통정보센터(국도),127.210818,37.0770955
9288,E904209,[국도45호선]안성서안성교차로(2),국가교통정보센터(국도),127.1532173,37.0403289
9289,E904210,[국도45호선]안성서안성휴게소,국가교통정보센터(국도),127.2099481,37.0850646
9290,E904211,[국도45호선]안성안성JC,국가교통정보센터(국도),127.1426153,37.0344765
9291,E900564,[국도45호선]안성양성교,국가교통정보센터(국도),127.200525,37.071325
9292,E900565,[국도45호선]안성양성교차로,국가교통정보센터(국도),127.2078,37.0718944444444
9293,E904212,[국도45호선]안성이현교차로앞,국가교통정보센터(국도),127.213538888889,37.0941527777778
9294,E904213,[국도45호선]안성칠곡교차로(2),국가교통정보센터(국도),127.1610119,37.0491071
9295,E900566,[국도45호선]용인남리교차로,국가교통정보센터(국도),127.2093792,37.21859153
9296,E900567,[국도45호선]용인덕성교차로,국가교통정보센터(국도),127.2029,37.1791916666667
9297,E904214,[국도45호선]용인둔전제일초교입구,국가교통정보센터(국도),127.2186861,37.27644167
9298,E900568,[국도45호선]용인묘봉교차로,국가교통정보센터(국도),127.212666666667,37.1326138888889
9299,E900569,[국도45호선]용인송전1교,국가교통정보센터(국도),127.202713333333,37.1416800444444
9300,E900570,[국도45호선]용인시미교차로,국가교통정보센터(국도),127.204172222222,37.1512777777778
9301,E900571,[국도45호선]용인외국어대사거리,국가교통정보센터(국도),127.2495861,37.33776944
9302,E904215,[국도45호선]용인용천중학교앞,국가교통정보센터(국도),127.199528,37.191688
9303,E904216,[국도45호선]용인원덕성교,국가교통정보센터(국도),127.2057306,37.16470833
9304,E900572,[국도45호선]용인원천교차로,국가교통정보센터(국도),127.201794444444,37.2013083333333
9305,E904217,[국도45호선]용인유운리입구삼거리,국가교통정보센터(국도),127.234741,37.301411
9306,E900573,[국도45호선]용인장서교차로,국가교통정보센터(국도),127.214672222222,37.1124
9307,E904218,[국도45호선]용인청광레미콘삼거리,국가교통정보센터(국도),127.2434944,37.32116389
9308,E904219,[국도45호선]용인포곡삼거리,국가교통정보센터(국도),127.23138,37.28241
9309,E904220,[국도45호선]평택CPX오거리,국가교통정보센터(국도),127.0503852,36.94237873
9310,E900574,[국도45호선]평택남산삼거리,국가교통정보센터(국도),127.0556,36.950783
9311,E900575,[국도45호선]평택신궁교차로,국가교통정보센터(국도),127.077479,36.97842
9312,E900576,[국도45호선]평택지제교차로,국가교통정보센터(국도),127.050762777778,37.017524
9313,E900577,[국도45호선]평택추팔공업단지사거리,국가교통정보센터(국도),127.06865,36.963583
9314,E904221,[국도46호선]가평가평군자원순환센터,국가교통정보센터(국도),127.464031,37.791391
9315,E900578,[국도46호선]가평가평역입구교차로,국가교통정보센터(국도),127.5102777,37.8169444
9316,E900579,[국도46호선]가평가평오거리,국가교통정보센터(국도),127.5138,37.8207055
9317,E904222,[국도46호선]가평대성1교남단,국가교통정보센터(국도),127.3944444,37.7094444
9318,E900580,[국도46호선]가평대성리역,국가교통정보센터(국도),127.378801,37.684163
9319,E904223,[국도46호선]가평빗고개,국가교통정보센터(국도),127.4696056,37.79288889
9320,E900581,[국도46호선]가평삼봉터,국가교통정보센터(국도),127.4580555,37.7741666
9321,E904224,[국도46호선]가평상천리,국가교통정보센터(국도),127.4448417,37.76495833
9322,E904225,[국도46호선]가평상천리~상색리,국가교통정보센터(국도),127.4652772,37.78221349
9323,E904226,[국도46호선]가평수리재마을입구교차로,국가교통정보센터(국도),127.4489722,37.77083333
9324,E904227,[국도46호선]가평신청평대교앞,국가교통정보센터(국도),127.4052777,37.7216666
9325,E900582,[국도46호선]가평운전학원앞교차로,국가교통정보센터(국도),127.482794444444,37.7990583333333
9326,E904228,[국도46호선]가평진동부락입구,국가교통정보센터(국도),127.4980676,37.81123726
9327,E904229,[국도46호선]가평청평검문소앞교차로,국가교통정보센터(국도),127.4285055,37.7469472
9328,E904230,[국도46호선]가평청평아랫삼거리,국가교통정보센터(국도),127.4119444,37.7341666
9329,E904231,[국도46호선]가평청평윗삼거리,국가교통정보센터(국도),127.4219444,37.7402777
9330,E904232,[국도46호선]가평팔각정삼거리,국가교통정보센터(국도),127.4078052,37.72739143
9331,E900583,[국도46호선]가평하색교,국가교통정보센터(국도),127.4931,37.8043333333333
9332,E904233,[국도46호선]강촌힐스휴게소(상),국가교통정보센터(국도),127.566161,37.84249
9333,E904234,[국도46호선]고성광산초등학교,국가교통정보센터(국도),128.4084514,38.3720856
9334,E904238,[국도46호선]고성교동리,국가교통정보센터(국도),128.4306,38.377163
9335,E904235,[국도46호선]고성대대삼거리,국가교통정보센터(국도),128.4555926,38.38522098
9336,E904239,[국도46호선]고성장신1리회관,국가교통정보센터(국도),128.38228,38.35488
9337,E904236,[국도46호선]고성장신2리입구,국가교통정보센터(국도),128.3777649,38.3338161
9338,E904240,[국도46호선]고성장신리1,국가교통정보센터(국도),128.36389,38.317608
9339,E904241,[국도46호선]고성장신리2,국가교통정보센터(국도),128.36563,38.324123
9340,E904237,[국도46호선]고성제추교,국가교통정보센터(국도),128.3606183,38.3079412
9341,E904242,[국도46호선]고성진부교,국가교통정보센터(국도),128.3629,38.29444
9342,E900584,[국도46호선]고성진부령정상,국가교통정보센터(국도),128.358419,38.266085
9343,E900585,[국도46호선]고성진부령진부2교,국가교통정보센터(국도),128.356553,38.277677
9344,E904243,[국도46호선]고성진부령흘리,국가교통정보센터(국도),128.36398,38.2537
9345,E904244,[국도46호선]남양주구운교,국가교통정보센터(국도),127.3744444,37.6761111
9346,E900586,[국도46호선]남양주금남IC,국가교통정보센터(국도),127.3660367,37.65745275
9347,E904245,[국도46호선]남양주녹촌1~2교,국가교통정보센터(국도),127.2866158,37.6463954
9348,E900587,[국도46호선]남양주마석터널관리소앞,국가교통정보센터(국도),127.279066666667,37.6484083333333
9349,E904246,[국도46호선]남양주마치~호평교,국가교통정보센터(국도),127.2575137,37.6596023
9350,E904247,[국도46호선]남양주먹골IC사거리,국가교통정보센터(국도),127.1720774,37.6486033
9351,E904248,[국도46호선]남양주모란터널입구,국가교통정보센터(국도),127.3331278,37.64823056
9352,E904249,[국도46호선]남양주사능1교,국가교통정보센터(국도),127.1866073,37.64610669
9353,E904250,[국도46호선]남양주사릉IC,국가교통정보센터(국도),127.1925,37.6484444
9354,E904251,[국도46호선]남양주야미기고개,국가교통정보센터(국도),127.371056,37.664216
9355,E904252,[국도46호선]남양주월산간이IC,국가교통정보센터(국도),127.3442071,37.65418135
9356,E904253,[국도46호선]남양주적성교,국가교통정보센터(국도),127.1984583,37.65061667
9357,E900588,[국도46호선]남양주진관IC,국가교통정보센터(국도),127.160797111111,37.6467285
9358,E900589,[국도46호선]남양주창현교,국가교통정보센터(국도),127.302175,37.640647
9359,E900590,[국도46호선]남양주호평IC,국가교통정보센터(국도),127.2380861,37.6625917
9360,E904254,[국도46호선]남양주호평IC서쪽,국가교통정보센터(국도),127.2220222,37.6497889
9361,E904255,[국도46호선]신평교,국가교통정보센터(국도),128.377432,38.328421
9362,E904266,[국도46호선]양구공리교차로,국가교통정보센터(국도),127.98122,38.059467
9363,E904256,[국도46호선]양구국토정중앙면사무소,국가교통정보센터(국도),128.035483,38.106858
9364,E904257,[국도46호선]양구도촌교,국가교통정보센터(국도),128.019166,38.078888
9365,E904258,[국도46호선]양구신월리입구,국가교통정보센터(국도),128.055824,38.021768
9366,E904259,[국도46호선]양구양구터널남측,국가교통정보센터(국도),128.047469,38.062048
9367,E904267,[국도46호선]양구웅진1교,국가교통정보센터(국도),127.945,38.047752
9368,E904268,[국도46호선]양구웅진2터널남측,국가교통정보센터(국도),127.94742,38.051327
9369,E904260,[국도46호선]양구원리1,국가교통정보센터(국도),128.046779,38.052886
9370,E904261,[국도46호선]양구원리2,국가교통정보센터(국도),128.050243,38.028752
9371,E904262,[국도46호선]양구원리마을회관,국가교통정보센터(국도),128.048674,38.041128
9372,E904263,[국도46호선]양구청리,국가교통정보센터(국도),128.049497,38.077798
9373,E904264,[국도46호선]양구청리교,국가교통정보센터(국도),128.047017,38.086386
9374,E900591,[국도46호선]양구학조리,국가교통정보센터(국도),127.988885,38.065605
9375,E904265,[국도46호선]양구황강교,국가교통정보센터(국도),128.023333,38.0925
9376,E904278,[국도46호선]인제고원통교차로,국가교통정보센터(국도),128.25839,38.146755
9377,E904269,[국도46호선]인제다리골삼거리,국가교통정보센터(국도),128.3544562,38.20821418
9378,E900592,[국도46호선]인제백담교차로,국가교통정보센터(국도),128.344777,38.198452
9379,E904270,[국도46호선]인제상수내리,국가교통정보센터(국도),128.056107,37.981632
9380,E904271,[국도46호선]인제상수내리2반,국가교통정보센터(국도),128.066539,37.969338
9381,E904272,[국도46호선]인제소양호,국가교통정보센터(국도),128.052041,38.008869
9382,E904273,[국도46호선]인제신남고등학교,국가교통정보센터(국도),128.077626,37.971766
9383,E904274,[국도46호선]인제신남리,국가교통정보센터(국도),128.074544,37.970332
9384,E904275,[국도46호선]인제양구교남측,국가교통정보센터(국도),128.058347,37.993218
9385,E900593,[국도46호선]인제용대교차로,국가교통정보센터(국도),128.363925,38.217267
9386,E904279,[국도46호선]인제용대리,국가교통정보센터(국도),128.36871,38.223213
9387,E900594,[국도46호선]인제용대주유소,국가교통정보센터(국도),128.321124,38.194038
9388,E904280,[국도46호선]인제윗남교차로,국가교통정보센터(국도),128.30048,38.185345
9389,E904276,[국도46호선]인제정자문교,국가교통정보센터(국도),128.275639,38.174725
9390,E904277,[국도46호선]인제화수교,국가교통정보센터(국도),128.3610841,38.2368657
9391,E900595,[국도46호선]춘천강촌삼거리,국가교통정보센터(국도),127.635497,37.818359
9392,E900596,[국도46호선]춘천거두리,국가교통정보센터(국도),127.776796,37.869149
9393,E900597,[국도46호선]춘천경강교,국가교통정보센터(국도),127.529708,37.830968
9394,E900598,[국도46호선]춘천동면IC,국가교통정보센터(국도),127.774462,37.898372
9395,E904281,[국도46호선]춘천배후령터널남측,국가교통정보센터(국도),127.780229,37.967692
9396,E900599,[국도46호선]춘천보남교교차로,국가교통정보센터(국도),127.718216,37.820829
9397,E900600,[국도46호선]춘천소양휴게소,국가교통정보센터(국도),127.598169,37.8334489
9398,E900601,[국도46호선]춘천신북교차로,국가교통정보센터(국도),127.778263,37.956787
9399,E900602,[국도46호선]춘천신촌리,국가교통정보센터(국도),127.776176,37.85639
9400,E904282,[국도46호선]춘천의암교,국가교통정보센터(국도),127.68016,37.82848
9401,E900603,[국도46호선]춘천의암교차로,국가교통정보센터(국도),127.669308,37.826916
9402,E900604,[국도46호선]춘천천전IC,국가교통정보센터(국도),127.778888,37.931739
9403,E900605,[국도46호선]춘천추곡리,국가교통정보센터(국도),127.874724,38.034741
9404,E904284,[국도46호선]춘천추곡약수삼거리,국가교통정보센터(국도),127.885956,38.02566
9405,E904283,[국도46호선]춘천추곡터널북측,국가교통정보센터(국도),127.861722,38.035073
9406,E900606,[국도46호선]춘천춘성대교,국가교통정보센터(국도),127.556009,37.847012
9407,E900607,[국도46호선]춘천팔미사거리,국가교통정보센터(국도),127.7011111,37.82055556
9408,E900608,[국도46호선]학곡사거리(하),국가교통정보센터(국도),127.758959,37.838603
9409,E904285,[국도46호선]화천간동2교,국가교통정보센터(국도),127.809873,38.025299
9410,E904286,[국도46호선]화천간척대교,국가교통정보센터(국도),127.838097,38.028914
9411,E900609,[국도46호선]화천간척사거리,국가교통정보센터(국도),127.816635,38.028861
9412,E904287,[국도46호선]화천서옥교차로북측,국가교통정보센터(국도),127.80573,38.021065
9413,E904288,[국도47]철원각흘산입구,국가교통정보센터(국도),127.399488,38.116567
9414,E904289,[국도47]철원장명교차로,국가교통정보센터(국도),127.401959,38.125182
9415,E900610,[국도47호선][국도47호선]남양주신월IC,국가교통정보센터(국도),127.153638,37.663868
9416,E900611,[국도47호선][국도47호선]남양주연평IC,국가교통정보센터(국도),127.1657562,37.69160842
9417,E900612,[국도47호선][국도47호선]남양주임송IC,국가교통정보센터(국도),127.154294,37.670137
9418,E900613,[국도47호선][국도47호선]남양주장현IC,국가교통정보센터(국도),127.180529,37.71186
9419,E904290,[국도47호선]금곡리교차로,국가교통정보센터(국도),127.193308,37.72202
9420,E904291,[국도47호선]남양주부평교차로,국가교통정보센터(국도),127.201059,37.734269
9421,E904292,[국도47호선]남양주신팔야교,국가교통정보센터(국도),127.2168822,37.7539923
9422,E900614,[국도47호선]남양주연평교,국가교통정보센터(국도),127.171481,37.704393
9423,E904293,[국도47호선]남양주용정교,국가교통정보센터(국도),127.1686325,37.68046569
9424,E904294,[국도47호선]남양주진벌교차로,국가교통정보센터(국도),127.20514,37.74151
9425,E900615,[국도47호선]철원구변교,국가교통정보센터(국도),127.431666,38.230277
9426,E900616,[국도47호선]철원김화고등학교,국가교통정보센터(국도),127.433333,38.2425
9427,E900617,[국도47호선]철원상해교,국가교통정보센터(국도),127.405555,38.136111
9428,E900618,[국도47호선]철원송동2교,국가교통정보센터(국도),127.419722,38.204722
9429,E900619,[국도47호선]철원신술교차로,국가교통정보센터(국도),127.414444,38.162222
9430,E900620,[국도47호선]철원음지교차로,국가교통정보센터(국도),127.410833,38.149722
9431,E900621,[국도47호선]철원자등교차로,국가교통정보센터(국도),127.417777,38.177222
9432,E904295,[국도47호선]포천기산1교,국가교통정보센터(국도),127.3014,37.94883
9433,E904296,[국도47호선]포천기장대삼거리,국가교통정보센터(국도),127.2327805,37.7950076
9434,E904297,[국도47호선]포천내촌육교,국가교통정보센터(국도),127.22419,37.78598
9435,E904298,[국도47호선]포천도평1교,국가교통정보센터(국도),127.374825,38.053463
9436,E900622,[국도47호선]포천도평교차로,국가교통정보센터(국도),127.3875,38.06991667
9437,E904299,[국도47호선]포천베어스타운앞,국가교통정보센터(국도),127.241772,37.797542
9438,E904300,[국도47호선]포천사직4교,국가교통정보센터(국도),127.34281,38.003006
9439,E904301,[국도47호선]포천사직리,국가교통정보센터(국도),127.339936,37.988636
9440,E904302,[국도47호선]포천산마루캠핑장,국가교통정보센터(국도),127.39741,38.110878
9441,E904303,[국도47호선]포천소학1리삼거리,국가교통정보센터(국도),127.25234,37.80635
9442,E904304,[국도47호선]포천소학3리삼거리,국가교통정보센터(국도),127.2640144,37.823115
9443,E904305,[국도47호선]포천수입교,국가교통정보센터(국도),127.32868,37.978477
9444,E904306,[국도47호선]포천수입리,국가교통정보센터(국도),127.31178,37.96311
9445,E904307,[국도47호선]포천약사계곡유원지,국가교통정보센터(국도),127.389449,38.074985
9446,E904308,[국도47호선]포천연곡1~2교,국가교통정보센터(국도),127.360435,38.01196
9447,E904309,[국도47호선]포천음현2리~4리,국가교통정보센터(국도),127.2285344,37.7720564
9448,E904310,[국도47호선]포천일동교차로,국가교통정보센터(국도),127.300735,37.941765
9449,E904311,[국도47호선]포천장암2교,국가교통정보센터(국도),127.360184,38.029275
9450,E904312,[국도48호선]강화강화대교,국가교통정보센터(국도),126.520464,37.73535
9451,E900623,[국도48호선]강화대산교차로,국가교통정보센터(국도),126.494766,37.7610649
9452,E904313,[국도48호선]강화부근교차로,국가교통정보센터(국도),126.4421481,37.7711012
9453,E904314,[국도48호선]강화소방심신휴센터,국가교통정보센터(국도),126.385791666667,37.7844027777778
9454,E904315,[국도48호선]강화송산삼거리,국가교통정보센터(국도),126.372501,37.789411
9455,E900624,[국도48호선]강화신당교차로,국가교통정보센터(국도),126.469333,37.763317
9456,E904316,[국도48호선]강화옥림교차로,국가교통정보센터(국도),126.5069303,37.7501972
9457,E900625,[국도48호선]강화용정리,국가교통정보센터(국도),126.510067,37.73985
9458,E900626,[국도48호선]강화이강교차로,국가교통정보센터(국도),126.400083,37.781617
9459,E904317,[국도48호선]강화인화삼거리,국가교통정보센터(국도),126.35553,37.786705
9460,E900627,[국도48호선]강화하점교차로,국가교통정보센터(국도),126.424291,37.77137
9461,E900628,[국도48호선]김포갈산사거리,국가교통정보센터(국도),126.559143,37.707319
9462,E900629,[국도48호선]김포고촌IC,국가교통정보센터(국도),126.791632,37.587885
9463,E900630,[국도48호선]김포김포CC삼거리,국가교통정보센터(국도),126.543548,37.714968
9464,E900631,[국도48호선]김포김포IC입구,국가교통정보센터(국도),126.773664,37.598294
9465,E904318,[국도48호선]김포김포대학입구,국가교통정보센터(국도),126.53728,37.723815
9466,E904319,[국도48호선]김포누산교차로,국가교통정보센터(국도),126.64816,37.667832
9467,E900632,[국도48호선]김포마송우회도로사거리,국가교통정보센터(국도),126.597665,37.689835
9468,E904320,[국도48호선]김포마송지하차도,국가교통정보센터(국도),126.6044881,37.6864824
9469,E900633,[국도48호선]김포마송초교앞,국가교통정보센터(국도),126.607155,37.684498
9470,E904321,[국도48호선]김포옹정교차로,국가교통정보센터(국도),126.578515,37.696911
9471,E900634,[국도48호선]김포천등교차로,국가교통정보센터(국도),126.752447,37.605207
9472,E900635,[국도48호선]김포태리교차로,국가교통정보센터(국도),126.7407871,37.6093916
9473,E904322,[국도48호선]김포통진두레문화센터,국가교통정보센터(국도),126.587796,37.695801
9474,E904323,[국도48호선]김포하성삼거리,국가교통정보센터(국도),126.631797,37.676174
9475,E900636,[국도48호선]김포향산교차로,국가교통정보센터(국도),126.738228,37.621793
9476,E904325,[국도4]경산계당초등학교,국가교통정보센터(국도),128.855706,35.929439
9477,E904326,[국도4]경산금락네거리,국가교통정보센터(국도),128.825722,35.91438
9478,E904327,[국도4]경산남하2교,국가교통정보센터(국도),128.78015,35.890686
9479,E904328,[국도4]경산남하교,국가교통정보센터(국도),128.775497,35.884698
9480,E904329,[국도4]경산동서교차로,국가교통정보센터(국도),128.8361022,35.9204548
9481,E904330,[국도4]경산청천역(폐역),국가교통정보센터(국도),128.7642028,35.87937222
9482,E904331,[국도4]경산판나풋살파크,국가교통정보센터(국도),128.790519,35.897266
9483,E904332,[국도4]경산하교,국가교통정보센터(국도),128.844012,35.924899
9484,E904334,[국도4]경주건천3교,국가교통정보센터(국도),129.11605,35.84409722
9485,E904333,[국도4]경주건천3교서측,국가교통정보센터(국도),129.107243,35.85221
9486,E904335,[국도4]경주나정교차로,국가교통정보센터(국도),129.489921,35.783734
9487,E904336,[국도4]경주노동교차로,국가교통정보센터(국도),129.444812,35.793344
9488,E904337,[국도4]경주뚝들지근처,국가교통정보센터(국도),129.02718,35.905857
9489,E904338,[국도4]경주모량교차로,국가교통정보센터(국도),129.1361129,35.823913
9490,E904339,[국도4]경주모량육교,국가교통정보센터(국도),129.1366333,35.82261111
9491,E904340,[국도4]경주북건천IC,국가교통정보센터(국도),129.098534,35.861888
9492,E904341,[국도4]경주사라교,국가교통정보센터(국도),129.0717583,35.88610833
9493,E904342,[국도4]경주새들교,국가교통정보센터(국도),129.121605,35.838797
9494,E904343,[국도4]경주신계교차로,국가교통정보센터(국도),129.332417,35.772802
9495,E904344,[국도4]경주심곡교,국가교통정보센터(국도),129.056352,35.900409
9496,E904345,[국도4]경주아화만남휴게소,국가교통정보센터(국도),129.043675,35.90197
9497,E904346,[국도4]경주안동교차로,국가교통정보센터(국도),129.421017,35.797441
9498,E904347,[국도4]경주와읍교차로,국가교통정보센터(국도),129.439685,35.794532
9499,E904348,[국도4]경주용명교,국가교통정보센터(국도),129.090799,35.869701
9500,E904349,[국도4]경주진골교,국가교통정보센터(국도),129.0625,35.89324444
9501,E904350,[국도4]경주축암교,국가교통정보센터(국도),129.404602,35.793302
9502,E904351,[국도4]경주팔조교차로,국가교통정보센터(국도),129.469669,35.783188
9503,E904352,[국도4]경주하추교차로,국가교통정보센터(국도),129.032,35.903375
9504,E904354,[국도4]김천광천교,국가교통정보센터(국도),128.00848,36.191708
9505,E904353,[국도4]김천광천교남측1300m지점,국가교통정보센터(국도),128.0131749,36.18325374
9506,E904355,[국도4]김천광천주유소,국가교통정보센터(국도),128.00711,36.201422
9507,E904356,[국도4]김천근현대사박물관,국가교통정보센터(국도),128.26028,36.07611
9508,E904357,[국도4]김천남김천휴게소,국가교통정보센터(국도),128.2913148,36.06169383
9509,E904358,[국도4]김천남면우체국,국가교통정보센터(국도),128.22905,36.09437
9510,E904359,[국도4]김천대신교,국가교통정보센터(국도),128.084037,36.157807
9511,E904360,[국도4]김천덕천사거리,국가교통정보센터(국도),128.035812113,36.1345332703
9512,E904361,[국도4]김천부상교차로,국가교통정보센터(국도),128.272881,36.06591
9513,E904362,[국도4]김천삼락교차로,국가교통정보센터(국도),128.076529,36.145073
9514,E904363,[국도4]김천송곡교,국가교통정보센터(국도),128.246,36.087234
9515,E904370,[국도4]김천시립추모공원부근,국가교통정보센터(국도),128.01575,36.17308
9516,E904364,[국도4]김천운곡교,국가교통정보센터(국도),128.218611,36.0975
9517,E904365,[국도4]김천운암교,국가교통정보센터(국도),128.20444,36.09667
9518,E904366,[국도4]김천월곡교차로,국가교통정보센터(국도),128.171641,36.10915
9519,E904367,[국도4]김천직지주유소,국가교통정보센터(국도),128.0298,36.13752
9520,E904368,[국도4]김천포도홍보관,국가교통정보센터(국도),128.0621226,36.12930591
9521,E904369,[국도4]김천황악예술체험촌부근,국가교통정보센터(국도),128.01975,36.16359
9522,E904371,[국도4]논산대미교,국가교통정보센터(국도),127.069992,36.217005
9523,E904372,[국도4]논산득윤리,국가교통정보센터(국도),127.049347,36.230217
9524,E904373,[국도4]논산서논산IC1교,국가교통정보센터(국도),127.056984,36.22391
9525,E904374,[국도4]논산원북교차로,국가교통정보센터(국도),127.04054,36.232513
9526,E904375,[국도4]대전두계삼거리,국가교통정보센터(국도),127.279272,36.267131
9527,E904376,[국도4]부여가탑교차로,국가교통정보센터(국도),126.935974,36.274067
9528,E904377,[국도4]부여교원교차로,국가교통정보센터(국도),126.77266,36.22039
9529,E904378,[국도4]부여구룡교차로,국가교통정보센터(국도),126.81608,36.249992
9530,E904379,[국도4]부여구봉교차로,국가교통정보센터(국도),126.837681,36.254787
9531,E904380,[국도4]부여규암교차로,국가교통정보센터(국도),126.885506,36.265327
9532,E904381,[국도4]부여남촌사거리,국가교통정보센터(국도),126.76006,36.2098
9533,E904382,[국도4]부여내리교차로,국가교통정보센터(국도),126.86745,36.261475
9534,E904383,[국도4]부여논티교차로,국가교통정보센터(국도),126.81217,36.241915
9535,E904384,[국도4]부여능산교차로,국가교통정보센터(국도),126.951471,36.276616
9536,E904385,[국도4]부여대덕육교,국가교통정보센터(국도),126.70018,36.186476
9537,E904386,[국도4]부여대왕교차로,국가교통정보센터(국도),126.929349,36.267943
9538,E904387,[국도4]부여동부여석성휴게소,국가교통정보센터(국도),126.982564,36.251908
9539,E904388,[국도4]부여부여교차로,국가교통정보센터(국도),126.906012,36.266755
9540,E904389,[국도4]부여사비터널(논산),국가교통정보센터(국도),126.9725,36.25772
9541,E904390,[국도4]부여서부여IC교차로,국가교통정보센터(국도),126.802376,36.23608
9542,E904391,[국도4]부여석성교차로,국가교통정보센터(국도),126.99563,36.247395
9543,E904392,[국도4]부여송정교차로,국가교통정보센터(국도),126.79198,36.22741
9544,E904393,[국도4]부여수암1교차로,국가교통정보센터(국도),126.737825,36.194272
9545,E904394,[국도4]부여수암2교차로,국가교통정보센터(국도),126.749405,36.199455
9546,E904395,[국도4]부여신안교차로,국가교통정보센터(국도),126.71266,36.188828
9547,E904396,[국도4]부여연화교차로,국가교통정보센터(국도),127.01782,36.24083
9548,E904397,[국도4]부여염창교차로,국가교통정보센터(국도),126.9655,36.270447
9549,E904398,[국도4]부여옥산1교차로,국가교통정보센터(국도),126.724434,36.191933
9550,E904399,[국도4]부여왕포천교,국가교통정보센터(국도),126.91735,36.267876
9551,E904400,[국도4]부여정각천교,국가교통정보센터(국도),127.003822,36.243753
9552,E904401,[국도4]부여정동교차로,국가교통정보센터(국도),126.783046,36.222775
9553,E904402,[국도4]부여좌홍교차로,국가교통정보센터(국도),126.76712,36.21915
9554,E904403,[국도4]부여합송교차로,국가교통정보센터(국도),126.853094,36.256961
9555,E904404,[국도4]부여홍산2교차로,국가교통정보센터(국도),126.755943,36.20715
9556,E904405,[국도4]부여홍산교차로(홍산면),국가교통정보센터(국도),126.76314,36.214195
9557,E904406,[국도4]서천군사2교차로,국가교통정보센터(국도),126.70515,36.07003
9558,E904407,[국도4]서천군사교차로,국가교통정보센터(국도),126.6831845,36.0769286
9559,E904408,[국도4]서천덕암교차로,국가교통정보센터(국도),126.7086321,36.0453255
9560,E904409,[국도4]서천문곡교차로,국가교통정보센터(국도),126.680643,36.136951
9561,E904410,[국도4]서천복대1교차로,국가교통정보센터(국도),126.694606,36.181344
9562,E904411,[국도4]서천삼산교차로,국가교통정보센터(국도),126.70945,36.06104
9563,E904412,[국도4]서천서부저수지,국가교통정보센터(국도),126.686066,36.128475
9564,E904413,[국도4]서천서천IC삼거리,국가교통정보센터(국도),126.68548,36.09737
9565,E904414,[국도4]서천서천교차로,국가교통정보센터(국도),126.68279,36.089726
9566,E904415,[국도4]서천서천제설창고,국가교통정보센터(국도),126.69686,36.18475
9567,E904416,[국도4]서천성주리,국가교통정보센터(국도),126.71076,36.02068
9568,E904417,[국도4]서천수성교차로,국가교통정보센터(국도),126.67795,36.15405
9569,E904418,[국도4]서천원수교차로,국가교통정보센터(국도),126.7083059,36.0097575
9570,E904419,[국도4]서천장항역사거리,국가교통정보센터(국도),126.7089725,36.0381289
9571,E904420,[국도4]서천저산과선교,국가교통정보센터(국도),126.678358,36.160654
9572,E904421,[국도4]서천저산생태터널,국가교통정보센터(국도),126.682205,36.164074
9573,E904422,[국도4]서천지석교차로,국가교통정보센터(국도),126.686745,36.11233
9574,E904423,[국도4]서천판교교차로,국가교통정보센터(국도),126.686325,36.16699
9575,E904424,[국도4]서천홍림육교,국가교통정보센터(국도),126.685363,36.122458
9576,E904425,[국도4]서천화성교차로,국가교통정보센터(국도),126.687871,36.10347
9577,E904426,[국도4]영동가리,국가교통정보센터(국도),127.844553,36.180248
9578,E904427,[국도4]영동가리교차로,국가교통정보센터(국도),127.854393,36.188527
9579,E904428,[국도4]영동계룡교차로,국가교통정보센터(국도),127.9571077,36.21242642
9580,E904429,[국도4]영동고당리,국가교통정보센터(국도),127.6961218,36.21175997
9581,E904430,[국도4]영동노근리,국가교통정보센터(국도),127.883748,36.210008
9582,E904431,[국도4]영동마산교차로,국가교통정보센터(국도),127.896737,36.214527
9583,E904432,[국도4]영동마산터널,국가교통정보센터(국도),127.908007,36.220451
9584,E904433,[국도4]영동부용리,국가교통정보센터(국도),127.7665,36.18084
9585,E904434,[국도4]영동삼봉천교,국가교통정보센터(국도),127.80968,36.16637
9586,E904435,[국도4]영동새동네교차로,국가교통정보센터(국도),127.932697,36.222577
9587,E904436,[국도4]영동서송원교차로,국가교통정보센터(국도),127.878388,36.204194
9588,E904437,[국도4]영동서송원리,국가교통정보센터(국도),127.86381,36.19506
9589,E904438,[국도4]영동소계교차로,국가교통정보센터(국도),127.920616,36.219955
9590,E904439,[국도4]영동영동교차로,국가교통정보센터(국도),127.770856,36.166155
9591,E904440,[국도4]영동영동장례식장,국가교통정보센터(국도),127.750002,36.19711603
9592,E904441,[국도4]영동옥천군경계(사각),국가교통정보센터(국도),127.67338,36.22154
9593,E904442,[국도4]영동이동검문소,국가교통정보센터(국도),127.71186,36.20874
9594,E904443,[국도4]영동주곡교차로,국가교통정보센터(국도),127.816185,36.167206
9595,E904444,[국도4]영동주곡리,국가교통정보센터(국도),127.82161,36.171487
9596,E904445,[국도4]영동회동리,국가교통정보센터(국도),127.800519,36.164275
9597,E904446,[국도4]영동힐링교차로,국가교통정보센터(국도),127.788217,36.163688
9598,E904447,[국도4]영천교대사거리,국가교통정보센터(국도),128.869909,35.934813
9599,E904448,[국도4]영천금호교차로,국가교통정보센터(국도),128.881902,35.937594
9600,E904449,[국도4]영천냉천교차로,국가교통정보센터(국도),128.89056,35.936943
9601,E904450,[국도4]영천만불교차로(북안터널동측),국가교통정보센터(국도),129.023483,35.910092
9602,E904451,[국도4]영천유천대교,국가교통정보센터(국도),128.979581,35.937601
9603,E904452,[국도4]영천임포육교(북안터널),국가교통정보센터(국도),129.0129861,35.92448333
9604,E904453,[국도4]영천작산교,국가교통정보센터(국도),128.9642806,35.94004444
9605,E904454,[국도4]옥천금호저온창고,국가교통정보센터(국도),127.65352,36.24953
9606,E904455,[국도4]옥천대천리,국가교통정보센터(국도),127.5722,36.28625616
9607,E904456,[국도4]옥천동이농공단지입구,국가교통정보센터(국도),127.623607,36.268407
9608,E904457,[국도4]옥천삼양삼거리,국가교통정보센터(국도),127.563574,36.30525764
9609,E904458,[국도4]옥천서정리,국가교통정보센터(국도),127.5564537,36.3133472
9610,E904459,[국도4]옥천세산리,국가교통정보센터(국도),127.6095675,36.27279876
9611,E904460,[국도4]옥천옥각교,국가교통정보센터(국도),127.55418,36.31751
9612,E904461,[국도4]옥천용방리,국가교통정보센터(국도),127.6477657,36.25049773
9613,E904324,[국도4]옥천원동리(1/2)(사각),국가교통정보센터(국도),127.6677103,36.23773192
9614,E904462,[국도4]옥천원동리(2/2),국가교통정보센터(국도),127.66868,36.23094
9615,E904463,[국도4]옥천원동삼거리,국가교통정보센터(국도),127.66267,36.24072
9616,E904464,[국도4]옥천이백삼거리,국가교통정보센터(국도),127.539314,36.327595
9617,E904465,[국도4]옥천이원삼거리,국가교통정보센터(국도),127.633747,36.249778
9618,E904466,[국도4]옥천적하삼거리,국가교통정보센터(국도),127.62016,36.27065
9619,E904467,[국도4]옥천증약리,국가교통정보센터(국도),127.5148,36.33689
9620,E904468,[국도4]옥천증약초등학교,국가교통정보센터(국도),127.52962,36.33369
9621,E904469,[국도4]옥천회남삼거리,국가교통정보센터(국도),127.50134,36.343924
9622,E904470,[국도4]칠곡관호오거리,국가교통정보센터(국도),128.390879,36.002649
9623,E904471,[국도4]칠곡관호초등학교,국가교통정보센터(국도),128.3829973,36.02216501
9624,E904472,[국도4]칠곡낙산교,국가교통정보센터(국도),128.5274075,35.93139806
9625,E904473,[국도4]칠곡낙산삼거리,국가교통정보센터(국도),128.521712,35.927995
9626,E904474,[국도4]칠곡덕산교,국가교통정보센터(국도),128.4899772,35.94370963
9627,E904475,[국도4]칠곡매원사거리,국가교통정보센터(국도),128.419812,35.985824
9628,E904476,[국도4]칠곡복성네거리,국가교통정보센터(국도),128.34537,36.045814
9629,E904477,[국도4]칠곡삼청교,국가교통정보센터(국도),128.43037,35.975143
9630,E904478,[국도4]칠곡상재원교부근,국가교통정보센터(국도),128.3314931,36.04989973
9631,E904479,[국도4]칠곡솔치재제설자재보관창고,국가교통정보센터(국도),128.4681714,35.96545274
9632,E904480,[국도4]칠곡숭오교차로,국가교통정보센터(국도),128.307929,36.055567
9633,E904481,[국도4]칠곡신동교차로,국가교통정보센터(국도),128.47635,35.9557
9634,E904482,[국도4]칠곡약목교,국가교통정보센터(국도),128.36949,36.033035
9635,E904483,[국도4]칠곡약목역,국가교통정보센터(국도),128.361682,36.03860263
9636,E904484,[국도4]칠곡연호교차로,국가교통정보센터(국도),128.4981481,35.91072051
9637,E904485,[국도4]칠곡연화리피정의집입구,국가교통정보센터(국도),128.4579222,35.96508659
9638,E904486,[국도4]칠곡영청마을입구,국가교통정보센터(국도),128.4906106,35.91724405
9639,E904487,[국도4]칠곡옥포마을회관입구,국가교통정보센터(국도),128.50937,35.917126
9640,E904488,[국도4]칠곡왜관교,국가교통정보센터(국도),128.38559,35.98151
9641,E904489,[국도4]칠곡장평교,국가교통정보센터(국도),128.38892,36.01261
9642,E904490,[국도4]칠곡제1연화교,국가교통정보센터(국도),128.445075,35.96814372
9643,E904491,[국도4]칠곡죽전교차로,국가교통정보센터(국도),128.38701,35.986176
9644,E904492,[국도4]칠곡칠곡군법원앞,국가교통정보센터(국도),128.4014,35.98125
9645,E904493,[국도4]칠곡칠곡승마장,국가교통정보센터(국도),128.49243,35.93538
9646,E904494,[국도4호선]경주건천용명일반산업단지북측,국가교통정보센터(국도),129.08115,35.87715
9647,E904495,[국도4호선]경주토함산터널동측,국가교통정보센터(국도),129.386671,35.786514
9648,E904496,[국도4호선]군산동백대교2(군산),국가교통정보센터(국도),126.707384,36.000099
9649,E900637,[국도4호선]대전비룡삼거리,국가교통정보센터(국도),127.47449,36.33013
9650,E900638,[국도4호선]대전세천동,국가교통정보센터(국도),127.48492,36.33563
9651,E900639,[국도4호선]영동고당교,국가교통정보센터(국도),127.70952,36.21031
9652,E900640,[국도4호선]영동과적검문소,국가교통정보센터(국도),127.72999,36.20371
9653,E900641,[국도4호선]영동광평교차로,국가교통정보센터(국도),127.94211,36.21587
9654,E900642,[국도4호선]영동부용사거리,국가교통정보센터(국도),127.77429,36.17327
9655,E900643,[국도4호선]영동사부리교차로,국가교통정보센터(국도),127.97894,36.21436
9656,E900644,[국도4호선]영동심천면,국가교통정보센터(국도),127.68145,36.21822
9657,E900645,[국도4호선]영동오정삼거리,국가교통정보센터(국도),127.75842,36.19457
9658,E900646,[국도4호선]영동오탄리,국가교통정보센터(국도),127.7622,36.19061
9659,E900647,[국도4호선]영동은편교차로,국가교통정보센터(국도),127.99505,36.21122
9660,E904497,[국도4호선]영천거여초등학교,국가교통정보센터(국도),128.91077,35.933426
9661,E904498,[국도4호선]영천신월리삼층석탑부근,국가교통정보센터(국도),128.89735,35.934244
9662,E900648,[국도4호선]옥천구짐티삼거리,국가교통정보센터(국도),127.62493,36.25986
9663,E900649,[국도4호선]옥천마달령,국가교통정보센터(국도),127.508445,36.338245
9664,E900650,[국도4호선]옥천서정2교차로,국가교통정보센터(국도),127.54542,36.31888
9665,E900651,[국도4호선]옥천옥천역사거리,국가교통정보센터(국도),127.56594,36.29819
9666,E900652,[국도4호선]옥천원각사거리,국가교통정보센터(국도),127.5892,36.26977
9667,E900653,[국도4호선]옥천자모마을입구삼거리,국가교통정보센터(국도),127.52029,36.33625
9668,E904499,[국도4호선]칠곡공단삼거리,국가교통정보센터(국도),128.427484,35.979028
9669,E904500,[국도4호선]칠곡왜관동부초등학교,국가교통정보센터(국도),128.41109,35.98382
9670,E904501,[국도4호선]칠곡칠곡소방서,국가교통정보센터(국도),128.387222,35.993889
9671,E904502,[국도56호선]철원수피1교,국가교통정보센터(국도),127.493333,38.225833
9672,E904503,[국도56호선]철원수현공원,국가교통정보센터(국도),127.511666,38.216666
9673,E904504,[국도56호선]철원신벌교차로,국가교통정보센터(국도),127.443888,38.256111
9674,E904505,[국도56호선]철원신사곡교차로,국가교통정보센터(국도),127.469722,38.254444
9675,E904506,[국도56호선]춘천가락재터널,국가교통정보센터(국도),127.86949,37.84644
9676,E904507,[국도56호선]춘천감정리,국가교통정보센터(국도),127.813002,37.90591
9677,E904508,[국도56호선]춘천느랏재고개,국가교통정보센터(국도),127.82123,37.903072
9678,E904509,[국도56호선]춘천동면치안센터,국가교통정보센터(국도),127.780833,37.904444
9679,E904510,[국도56호선]춘천상걸보건진료소,국가교통정보센터(국도),127.848333,37.863888
9680,E904511,[국도56호선]춘천상규교,국가교통정보센터(국도),127.609981,38.050776
9681,E904512,[국도56호선]춘천오탄1리마을회관,국가교통정보센터(국도),127.618346,38.044261
9682,E904513,[국도56호선]춘천오탄2리,국가교통정보센터(국도),127.582937,38.055859
9683,E904514,[국도56호선]춘천오탄자연학교,국가교통정보센터(국도),127.595955,38.054191
9684,E904515,[국도56호선]춘천우무리골,국가교통정보센터(국도),127.833333,37.873888
9685,E904516,[국도56호선]홍천가락재터널동측,국가교통정보센터(국도),127.879349,37.841311
9686,E904517,[국도56호선]홍천감투봉골입구,국가교통정보센터(국도),127.9119,37.786579
9687,E904518,[국도56호선]홍천거무평교,국가교통정보센터(국도),128.3984,37.7898
9688,E904519,[국도56호선]홍천검산2교,국가교통정보센터(국도),128.2202,37.7048
9689,E904520,[국도56호선]홍천광수2교,국가교통정보센터(국도),128.2382,37.6961
9690,E904521,[국도56호선]홍천광원보건진료소,국가교통정보센터(국도),128.443321,37.828748
9691,E904522,[국도56호선]홍천구성포보건소,국가교통정보센터(국도),127.920142,37.76924
9692,E904523,[국도56호선]홍천구성포피암터널북측,국가교통정보센터(국도),127.912958,37.802532
9693,E904524,[국도56호선]홍천구성포휴게소,국가교통정보센터(국도),127.91334,37.773971
9694,E904525,[국도56호선]홍천국립종자원,국가교통정보센터(국도),128.1506,37.7244
9695,E904526,[국도56호선]홍천군업1교,국가교통정보센터(국도),128.0015,37.7533
9696,E904527,[국도56호선]홍천군업1리삼거리,국가교통정보센터(국도),128.0361,37.7526
9697,E904528,[국도56호선]홍천남향원,국가교통정보센터(국도),128.1093,37.7338
9698,E904529,[국도56호선]홍천내면농협,국가교통정보센터(국도),128.3904,37.7699
9699,E904530,[국도56호선]홍천논틀말길,국가교통정보센터(국도),127.927153,37.765253
9700,E904531,[국도56호선]홍천달둔교,국가교통정보센터(국도),128.4663,37.8275
9701,E904532,[국도56호선]홍천대지골,국가교통정보센터(국도),128.2911,37.7276
9702,E904533,[국도56호선]홍천덕망골,국가교통정보센터(국도),127.906728,37.79105
9703,E904534,[국도56호선]홍천동홍천휴게소,국가교통정보센터(국도),128.274,37.7108
9704,E904535,[국도56호선]홍천명개리1,국가교통정보센터(국도),128.5113,37.8517
9705,E904536,[국도56호선]홍천명개리2,국가교통정보센터(국도),128.5132,37.8596
9706,E904537,[국도56호선]홍천명개삼거리,국가교통정보센터(국도),128.4964,37.8481
9707,E904538,[국도56호선]홍천사월평교,국가교통정보센터(국도),128.417,37.8171
9708,E904539,[국도56호선]홍천새터골입구,국가교통정보센터(국도),127.905494,37.80984
9709,E904540,[국도56호선]홍천새터교,국가교통정보센터(국도),128.4277,37.8279
9710,E904541,[국도56호선]홍천샘골휴게소,국가교통정보센터(국도),128.4754,37.8347
9711,E904542,[국도56호선]홍천생곡1교,국가교통정보센터(국도),128.2567,37.7036
9712,E904543,[국도56호선]홍천생곡리,국가교통정보센터(국도),128.30595,37.74644
9713,E904544,[국도56호선]홍천서석체육공원,국가교통정보센터(국도),128.172871,37.720931
9714,E904545,[국도56호선]홍천송전교,국가교통정보센터(국도),128.4587,37.8289
9715,E904546,[국도56호선]홍천안말교남측,국가교통정보센터(국도),127.93954,37.755213
9716,E904547,[국도56호선]홍천어론삼거리,국가교통정보센터(국도),128.1422,37.7181
9717,E904548,[국도56호선]홍천외삼포삼거리,국가교통정보센터(국도),127.977755,37.755686
9718,E904549,[국도56호선]홍천원당삼거리,국가교통정보센터(국도),128.41683,37.827082
9719,E904550,[국도56호선]홍천응달골,국가교통정보센터(국도),128.0232,37.7565
9720,E904551,[국도56호선]홍천장재울길,국가교통정보센터(국도),127.893125,37.824941
9721,E904552,[국도56호선]홍천장평교,국가교통정보센터(국도),128.0896,37.7416
9722,E904553,[국도56호선]홍천장평보건진료소,국가교통정보센터(국도),128.052814,37.751689
9723,E904554,[국도56호선]홍천지어석교,국가교통정보센터(국도),128.406,37.8031
9724,E904555,[국도56호선]홍천풍암리입구교차로,국가교통정보센터(국도),128.1923,37.708
9725,E904556,[국도56호선]홍천풍천리,국가교통정보센터(국도),127.88877,37.83262
9726,E904557,[국도56호선]홍천풍천리마을회관,국가교통정보센터(국도),127.901006,37.816769
9727,E904558,[국도56호선]홍천하송교,국가교통정보센터(국도),128.0737,37.7449
9728,E904559,[국도56호선]홍천화촌중학교,국가교통정보센터(국도),127.9596,37.7538
9729,E904560,[국도56호선]화천다목1교,국가교통정보센터(국도),127.525202,38.192265
9730,E904561,[국도56호선]화천다목리버스터미널,국가교통정보센터(국도),127.530277,38.172777
9731,E904562,[국도56호선]화천명월성당,국가교통정보센터(국도),127.531111,38.138333
9732,E904563,[국도56호선]화천사내도서관,국가교통정보센터(국도),127.521388,38.074444
9733,E904564,[국도56호선]화천솔대교,국가교통정보센터(국도),127.521666,38.0875
9734,E904565,[국도56호선]화천실내고개,국가교통정보센터(국도),127.5275,38.160555
9735,E904566,[국도56호선]화천실내초등학교,국가교통정보센터(국도),127.530833,38.119722
9736,E904567,[국도56호선]화천용담1리경로당,국가교통정보센터(국도),127.544215,38.059249
9737,E904568,[국도56호선]화천용담교,국가교통정보센터(국도),127.540824,38.064213
9738,E904569,[국도56호선]화천용담리1,국가교통정보센터(국도),127.555401,38.057375
9739,E904570,[국도56호선]화천용담리2,국가교통정보센터(국도),127.559055,38.054589
9740,E904571,[국도56호선]화천용담리3,국가교통정보센터(국도),127.578588,38.054078
9741,E904572,[국도56호선]화천창암교,국가교통정보센터(국도),127.523333,38.070555
9742,E904573,[국도56호선]화천하실내교,국가교통정보센터(국도),127.529166,38.106111
9743,E904574,[국도58]김해마산2교,국가교통정보센터(국도),128.830359,35.378097
9744,E904575,[국도58]김해무척산주유소,국가교통정보센터(국도),128.851282,35.348935
9745,E904576,[국도58]김해상나전교차로(광재IC),국가교통정보센터(국도),128.873668,35.299146
9746,E904577,[국도58]김해응달교,국가교통정보센터(국도),128.830437,35.17716
9747,E904578,[국도58]김해장유교차로,국가교통정보센터(국도),128.832959,35.168488
9748,E904579,[국도58]김해지사터널동측,국가교통정보센터(국도),128.832081,35.162105
9749,E904580,[국도58]밀양미전농공단지입구,국가교통정보센터(국도),128.81108,35.406751
9750,E904581,[국도58]밀양새나루고개남측,국가교통정보센터(국도),128.814033,35.419696
9751,E904582,[국도58]밀양신천동회관앞(삼랑진IC),국가교통정보센터(국도),128.832513,35.396497
9752,E904583,[국도58]밀양옥산교차로동측,국가교통정보센터(국도),128.767787,35.56841
9753,E904584,[국도58]밀양종합관광안내소,국가교통정보센터(국도),128.77117,35.473487
9754,E904585,[국도58]밀양청룡소류지,국가교통정보센터(국도),128.808574,35.441758
9755,E904586,[국도58]부산웅동터널동측,국가교통정보센터(국도),128.812287,35.153628
9756,E904587,[국도58]창원웅동터널서측,국가교통정보센터(국도),128.782784,35.13416
9757,E904588,[국도58]청도가례교,국가교통정보센터(국도),128.819561,35.622736
9758,E904589,[국도58]청도구촌리마을입구,국가교통정보센터(국도),128.808599,35.591847
9759,E904590,[국도58]청도동화교남측,국가교통정보센터(국도),128.845409,35.6508
9760,E904591,[국도58]청도매화교인근,국가교통정보센터(국도),128.799824,35.58759
9761,E904592,[국도58]청도명대지북측,국가교통정보센터(국도),128.838877,35.646865
9762,E904593,[국도58]청도무심교북측,국가교통정보센터(국도),128.851041,35.658378
9763,E904594,[국도58]청도사촌리마을,국가교통정보센터(국도),128.793614,35.575147
9764,E904595,[국도58]청도중남교,국가교통정보센터(국도),128.824356,35.613206
9765,E904596,[국도58]청도지전2리마을입구,국가교통정보센터(국도),128.810702,35.603756
9766,E904597,[국도58호선]김해봉림교차로,국가교통정보센터(국도),128.853118,35.323629
9767,E904598,[국도58호선]밀양예림사거리,국가교통정보센터(국도),128.762762,35.469499
9768,E904599,[국도59]단양가곡교차로,국가교통정보센터(국도),128.384267,37.014241
9769,E904600,[국도59]단양가곡보건지소입구,국가교통정보센터(국도),128.3838465,37.025167
9770,E904601,[국도59]단양가대교삼거리,국가교통정보센터(국도),128.4106165,37.03986862
9771,E904602,[국도59]단양가대리,국가교통정보센터(국도),128.4160891,37.0469424
9772,E904603,[국도59]단양가산리(1/2),국가교통정보센터(국도),128.29564,36.881946
9773,E904604,[국도59]단양가산리(2/2),국가교통정보센터(국도),128.296338,36.884563
9774,E904605,[국도59]단양가산삼거리,국가교통정보센터(국도),128.300882,36.887861
9775,E904606,[국도59]단양군간교,국가교통정보센터(국도),128.4396042,37.0666285
9776,E904607,[국도59]단양농기계임대사업소,국가교통정보센터(국도),128.4205076,37.060389
9777,E904608,[국도59]단양단양군보건소,국가교통정보센터(국도),128.3504,36.9811
9778,E904609,[국도59]단양단양소백산중학교,국가교통정보센터(국도),128.4261133,37.08812891
9779,E904610,[국도59]단양단양중학교,국가교통정보센터(국도),128.366,36.9762
9780,E904611,[국도59]단양단천초등학교가산분교장,국가교통정보센터(국도),128.304922,36.89391
9781,E904612,[국도59]단양대잠리,국가교통정보센터(국도),128.306874,36.915101
9782,E904613,[국도59]단양덕천터널남측,국가교통정보센터(국도),128.368941,37.010441
9783,E904614,[국도59]단양도담터널북측,국가교통정보센터(국도),128.358237,36.999948
9784,E904615,[국도59]단양명전,국가교통정보센터(국도),128.3839809,37.15784965
9785,E904616,[국도59]단양방곡도자공예교육원,국가교통정보센터(국도),128.310806,36.828687
9786,E904617,[국도59]단양방곡마을,국가교통정보센터(국도),128.316165,36.819673
9787,E904618,[국도59]단양방곡사입구,국가교통정보센터(국도),128.314349,36.823743
9788,E904619,[국도59]단양방곡삼거리,국가교통정보센터(국도),128.305328,36.829525
9789,E904620,[국도59]단양배쟁이골(1/2),국가교통정보센터(국도),128.305847,36.896757
9790,E904621,[국도59]단양배쟁이골(2/2),국가교통정보센터(국도),128.305048,36.90051
9791,E904622,[국도59]단양백두대간목재문화체험관,국가교통정보센터(국도),128.307195,36.92335
9792,E904623,[국도59]단양벌천교,국가교통정보센터(국도),128.283272,36.855391
9793,E904624,[국도59]단양벌천리(1/6),국가교통정보센터(국도),128.300976,36.833509
9794,E904625,[국도59]단양벌천리(2/6),국가교통정보센터(국도),128.297348,36.834956
9795,E904626,[국도59]단양벌천리(3/6),국가교통정보센터(국도),128.294801,36.836693
9796,E904627,[국도59]단양벌천리(4/6),국가교통정보센터(국도),128.291061,36.841304
9797,E904628,[국도59]단양벌천리(5/6),국가교통정보센터(국도),128.288195,36.844804
9798,E904629,[국도59]단양벌천리(6/6),국가교통정보센터(국도),128.286088,36.849698
9799,E904630,[국도59]단양벌천리산안,국가교통정보센터(국도),128.288968,36.869905
9800,E904631,[국도59]단양벌천삼거리,국가교통정보센터(국도),128.284269,36.859058
9801,E904632,[국도59]단양별곡사거리,국가교통정보센터(국도),128.3697,36.987
9802,E904633,[국도59]단양별방리(1/3),국가교통정보센터(국도),128.4126798,37.10159993
9803,E904634,[국도59]단양별방리(2/3),국가교통정보센터(국도),128.413963,37.10665417
9804,E904635,[국도59]단양별방리(3/3),국가교통정보센터(국도),128.4104805,37.11122548
9805,E904636,[국도59]단양별방민원센터,국가교통정보센터(국도),128.4157186,37.09426436
9806,E904637,[국도59]단양사이곡리(1/3),국가교통정보센터(국도),128.403917,37.11627566
9807,E904638,[국도59]단양사이곡리(2/3),국가교통정보센터(국도),128.3928155,37.12296405
9808,E904639,[국도59]단양사이곡리(3/3),국가교통정보센터(국도),128.3899007,37.12913363
9809,E904640,[국도59]단양사지원리(1/2),국가교통정보센터(국도),128.436074,37.07212811
9810,E904641,[국도59]단양사지원리(2/2),국가교통정보센터(국도),128.4329031,37.0708135
9811,E904642,[국도59]단양사지원리교차로,국가교통정보센터(국도),128.4272684,37.07922488
9812,E904643,[국도59]단양상선암(1/2),국가교통정보센터(국도),128.289087,36.870219
9813,E904644,[국도59]단양상선암(2/2),국가교통정보센터(국도),128.292541,36.874389
9814,E904645,[국도59]단양상유암,국가교통정보센터(국도),128.3929976,37.13667896
9815,E904646,[국도59]단양상진리,국가교통정보센터(국도),128.3568,36.9774
9816,E904647,[국도59]단양선암계곡,국가교통정보센터(국도),128.286733,36.865087
9817,E904648,[국도59]단양소선암오토캠핑장,국가교통정보센터(국도),128.312228,36.927545
9818,E904649,[국도59]단양소선암자연휴양림,국가교통정보센터(국도),128.308132,36.918156
9819,E904650,[국도59]단양여울목전망대,국가교통정보센터(국도),128.3890925,37.0327135
9820,E904651,[국도59]단양유암리,국가교통정보센터(국도),128.390979,37.14436351
9821,E904652,[국도59]단양중방리,국가교통정보센터(국도),128.319656,36.928475
9822,E904653,[국도59]단양중선암입구,국가교통정보센터(국도),128.297188,36.878958
9823,E904654,[국도59]단양특선암교,국가교통정보센터(국도),128.285238,36.865118
9824,E904655,[국도59]단양하선암,국가교통정보센터(국도),128.309695,36.907765
9825,E904656,[국도59]단양하선암주차장,국가교통정보센터(국도),128.30886,36.911448
9826,E904657,[국도59]단양하유암,국가교통정보센터(국도),128.3908902,37.152556
9827,E904658,[국도59]단양향산리,국가교통정보센터(국도),128.4156471,37.05711247
9828,E904659,[국도59]단양향산삼거리,국가교통정보센터(국도),128.4167429,37.05038599
9829,E904660,[국도59]양양어성전삼거리북측,국가교통정보센터(국도),128.657505,37.960791
9830,E904661,[국도59]양양원일전교차로,국가교통정보센터(국도),128.654351,37.975989
9831,E904662,[국도59]양양현성삼거리,국가교통정보센터(국도),128.663981,37.951216
9832,E904663,[국도59]양양화랑교,국가교통정보센터(국도),128.652876,37.994471
9833,E904664,[국도59호선]성주백운교인접,국가교통정보센터(국도),128.15862,35.808887
9834,E904665,[국도59호선]양양남단교차로,국가교통정보센터(국도),128.625803,38.069476
9835,E904666,[국도59호선]양양남천초등학교,국가교통정보센터(국도),128.630135,38.003296
9836,E904667,[국도59호선]양양내현교서측,국가교통정보센터(국도),128.606233,38.027016
9837,E904668,[국도59호선]양양내현리복지회관,국가교통정보센터(국도),128.612046,38.021024
9838,E904669,[국도59호선]양양수리입구,국가교통정보센터(국도),128.595481,38.039613
9839,E904670,[국도59호선]양양용천1교남측,국가교통정보센터(국도),128.609162,38.059042
9840,E904671,[국도59호선]정선나전1교차로,국가교통정보센터(국도),128.6524,37.4398
9841,E904672,[국도59호선]정선덕우터널남측,국가교통정보센터(국도),128.71711,37.352729
9842,E904673,[국도59호선]정선덕우터널북측,국가교통정보센터(국도),128.710732,37.36081
9843,E904674,[국도59호선]정선백석폭포,국가교통정보센터(국도),128.6294,37.4635
9844,E904684,[국도59호선]정선범바위교,국가교통정보센터(국도),128.6809,37.370167
9845,E904675,[국도59호선]정선쇄재터널(남),국가교통정보센터(국도),128.714354,37.332318
9846,E904676,[국도59호선]정선쇄재터널북측,국가교통정보센터(국도),128.71334,37.341594
9847,E904677,[국도59호선]정선숙암3교차로,국가교통정보센터(국도),128.580079,37.489542
9848,E904678,[국도59호선]정선숙암휴게소,국가교통정보센터(국도),128.6207,37.4658
9849,E904685,[국도59호선]정선애산교차로,국가교통정보센터(국도),128.66948,37.372032
9850,E904679,[국도59호선]정선월통교삼거리,국가교통정보센터(국도),128.70188,37.369674
9851,E904680,[국도59호선]정선월통교차로,국가교통정보센터(국도),128.695011,37.370366
9852,E904681,[국도59호선]정선정선제2교,국가교통정보센터(국도),128.6710186,37.3820399
9853,E904682,[국도59호선]정선졸드루야영장,국가교통정보센터(국도),128.63684,37.44976
9854,E904683,[국도59호선]정선중봉2교차로,국가교통정보센터(국도),128.6092,37.4801
9855,E904686,[국도59호선]평창마평교,국가교통정보센터(국도),128.56008,37.5755
9856,E904687,[국도59호선]평창마평리,국가교통정보센터(국도),128.55703,37.5649
9857,E904688,[국도59호선]평창막동터널북측,국가교통정보센터(국도),128.5642,37.5294
9858,E904689,[국도59호선]평창송정1교,국가교통정보센터(국도),128.5575,37.6021
9859,E904690,[국도59호선]평창오대교사거리,국가교통정보센터(국도),128.5675,37.6443
9860,E904691,[국도59호선]평창장전교차로,국가교통정보센터(국도),128.5646,37.5009
9861,E904692,[국도59호선]평창중평교차로,국가교통정보센터(국도),128.5674,37.5498
9862,E904693,[국도59호선]평창하진부3리,국가교통정보센터(국도),128.5465,37.6158
9863,E904694,[국도59호선]평창하진부교차로,국가교통정보센터(국도),128.554,37.6318
9864,E904695,[국도59호선]하동섬진대교북측,국가교통정보센터(국도),127.774743,34.957321
9865,E904696,[국도5]거제군항포버스정류장,국가교통정보센터(국도),128.669685,34.984645
9866,E904697,[국도5]거제다공교회,국가교통정보센터(국도),128.655484,34.931747
9867,E904698,[국도5]거제다공중리마을회관,국가교통정보센터(국도),128.656719,34.938533
9868,E904699,[국도5]거제덕치리회관,국가교통정보센터(국도),128.655879,34.941512
9869,E904700,[국도5]거제동부중학교,국가교통정보센터(국도),128.60745,34.82293
9870,E904701,[국도5]거제동호마을회관,국가교통정보센터(국도),128.58676,34.8093
9871,E904702,[국도5]거제드비치골프클럽,국가교통정보센터(국도),128.680201,35.016523
9872,E904703,[국도5]거제매동회관,국가교통정보센터(국도),128.66574,34.982608
9873,E904704,[국도5]거제맹종죽테마파크,국가교통정보센터(국도),128.65034,34.966602
9874,E904705,[국도5]거제명진삼거리(명진터널남측),국가교통정보센터(국도),128.61352,34.84212
9875,E904706,[국도5]거제산양마을입구,국가교통정보센터(국도),128.60551,34.82787
9876,E904707,[국도5]거제성동버스정류장,국가교통정보센터(국도),128.655644,34.961723
9877,E904708,[국도5]거제송진교회,국가교통정보센터(국도),128.679665,35.010913
9878,E904709,[국도5]거제송진마을회관,국가교통정보센터(국도),128.681446,35.004952
9879,E904710,[국도5]거제송진포왜성입구,국가교통정보센터(국도),128.680616,34.998535
9880,E904711,[국도5]거제신우훼가로아파트,국가교통정보센터(국도),128.654781,34.913771
9881,E904712,[국도5]거제실전마을회관,국가교통정보센터(국도),128.656721,34.974342
9882,E904713,[국도5]거제실전삼거리,국가교통정보센터(국도),128.649735,34.973687
9883,E904714,[국도5]거제실전카훼리부두,국가교통정보센터(국도),128.658427,34.978213
9884,E904715,[국도5]거제양지마을회관,국가교통정보센터(국도),128.58602,34.8035
9885,E904716,[국도5]거제양지버스정류장,국가교통정보센터(국도),128.680618,35.030745
9886,E904717,[국도5]거제연사삼거리,국가교통정보센터(국도),128.64786,34.910491
9887,E904718,[국도5]거제영월경로당,국가교통정보센터(국도),128.5825,34.79625
9888,E904719,[국도5]거제오망천삼거리,국가교통정보센터(국도),128.60425,34.82154
9889,E904721,[국도5]거제오송마을회관,국가교통정보센터(국도),128.59603,34.82323
9890,E904720,[국도5]거제오송마을회관남측,국가교통정보센터(국도),128.58952,34.82093
9891,E904723,[국도5]거제오송소류지,국가교통정보센터(국도),128.600769,34.823874
9892,E904722,[국도5]거제오송소류지북측,국가교통정보센터(국도),128.60373,34.82332
9893,E904724,[국도5]거제오송웨이브,국가교통정보센터(국도),128.58693,34.81646
9894,E904725,[국도5]거제오수삼거리,국가교통정보센터(국도),128.60207,34.83314
9895,E904726,[국도5]거제임전마을회관,국가교통정보센터(국도),128.644934,34.900678
9896,E904727,[국도5]거제장목초등학교,국가교통정보센터(국도),128.683309,34.991783
9897,E904728,[국도5]거제죽전1교,국가교통정보센터(국도),128.656153,34.922201
9898,E904729,[국도5]거제죽전교,국가교통정보센터(국도),128.654722,34.915763
9899,E904730,[국도5]거제하청LH아파트,국가교통정보센터(국도),128.656725,34.956878
9900,E904731,[국도5]거제황포방파제,국가교통정보센터(국도),128.677089,35.022809
9901,E904732,[국도5]군위간동삼거리,국가교통정보센터(국도),128.581542,36.180705
9902,E904733,[국도5]군위고곡삼거리1,국가교통정보센터(국도),128.574938,36.112514
9903,E904734,[국도5]군위군위IC,국가교통정보센터(국도),128.564143,36.203203
9904,E904735,[국도5]군위군위읍입구,국가교통정보센터(국도),128.56761,36.224125
9905,E904736,[국도5]군위군위체육공원입구,국가교통정보센터(국도),128.5625628,36.24033065
9906,E904737,[국도5]군위민속엘피시,국가교통정보센터(국도),128.572241,36.266255
9907,E904738,[국도5]군위서군교인근,국가교통정보센터(국도),128.565162,36.214788
9908,E904739,[국도5]군위장기2리입구,국가교통정보센터(국도),128.5778201,36.13041676
9909,E904740,[국도5]군위장기삼거리,국가교통정보센터(국도),128.584427,36.139796
9910,E904741,[국도5]군위정3리삼거리,국가교통정보센터(국도),128.567936,36.252143
9911,E904742,[국도5]군위효령삼거리,국가교통정보센터(국도),128.5824,36.157454
9912,E904743,[국도5]단양가평보건진료소,국가교통정보센터(국도),128.277307,37.074611
9913,E904744,[국도5]단양기동교,국가교통정보센터(국도),128.388336,36.916985
9914,E904745,[국도5]단양단성역삼거리,국가교통정보센터(국도),128.3329,36.9357
9915,E904746,[국도5]단양단양삼거리,국가교통정보센터(국도),128.34454,36.98302
9916,E904747,[국도5]단양단양역삼거리,국가교통정보센터(국도),128.3435,36.970504
9917,E904748,[국도5]단양대강교차로,국가교통정보센터(국도),128.3717,36.9187
9918,E904749,[국도5]단양북상삼거리,국가교통정보센터(국도),128.3426,36.9252
9919,E904750,[국도5]단양상시리,국가교통정보센터(국도),128.300444,37.056002
9920,E904751,[국도5]단양소백산국립공원(1/7),국가교통정보센터(국도),128.433394,36.900726
9921,E904752,[국도5]단양소백산국립공원(2/7),국가교통정보센터(국도),128.43162,36.907218
9922,E904753,[국도5]단양소백산국립공원(3/7),국가교통정보센터(국도),128.423917,36.907376
9923,E904754,[국도5]단양소백산국립공원(4/7),국가교통정보센터(국도),128.4232,36.9099
9924,E904755,[국도5]단양소백산국립공원(5/7),국가교통정보센터(국도),128.4179,36.9075
9925,E904756,[국도5]단양소백산국립공원(6/7),국가교통정보센터(국도),128.415522,36.908501
9926,E904757,[국도5]단양소백산국립공원(7/7),국가교통정보센터(국도),128.4085,36.9117
9927,E904758,[국도5]단양신평사거리,국가교통정보센터(국도),128.309821,37.028964
9928,E904759,[국도5]단양심곡삼거리,국가교통정보센터(국도),128.3341,36.9561
9929,E904760,[국도5]단양어의곡교차로,국가교통정보센터(국도),128.323143,37.005552
9930,E904761,[국도5]단양영천리(상시3교),국가교통정보센터(국도),128.2932,37.066
9931,E904762,[국도5]단양영통사입구,국가교통정보센터(국도),128.3918,36.917389
9932,E904763,[국도5]단양용부원1리,국가교통정보센터(국도),128.37833,36.91666
9933,E904764,[국도5]단양용부원3리,국가교통정보센터(국도),128.396912,36.914433
9934,E904765,[국도5]단양용부원4리,국가교통정보센터(국도),128.38171,36.917625
9935,E904767,[국도5]단양용부원리,국가교통정보센터(국도),128.4019,36.913
9936,E904766,[국도5]단양용부원리,국가교통정보센터(국도),128.394397,36.915812
9937,E904768,[국도5]단양우덕리,국가교통정보센터(국도),128.331298,37.017548
9938,E904769,[국도5]단양우덕삼거리,국가교통정보센터(국도),128.311831,37.019294
9939,E904770,[국도5]단양장림사거리,국가교통정보센터(국도),128.3553,36.921
9940,E904771,[국도5]단양죽령역,국가교통정보센터(국도),128.386363,36.915265
9941,E904775,[국도5]단양지하차도-단양방향#1,국가교통정보센터(국도),128.269945,37.084394
9942,E904776,[국도5]단양지하차도-단양방향#2,국가교통정보센터(국도),128.2699111,37.0847524
9943,E904774,[국도5]단양지하차도-단양방향외곽,국가교통정보센터(국도),128.2701844,37.0840391
9944,E904778,[국도5]단양지하차도-제천방향#1,국가교통정보센터(국도),128.2694437,37.0857958
9945,E904779,[국도5]단양지하차도-제천방향#2,국가교통정보센터(국도),128.2695861,37.0855755
9946,E904777,[국도5]단양지하차도-제천방향외곽,국가교통정보센터(국도),128.2693673,37.086033
9947,E904772,[국도5]단양평동리,국가교통정보센터(국도),128.301913,37.03863
9948,E904773,[국도5]단양하시삼거리,국가교통정보센터(국도),128.311156,37.046724
9949,E904780,[국도5]명진터널[하]_거제방향[입구2],국가교통정보센터(국도),128.62805,34.86075
9950,E904781,[국도5]안동광음3교,국가교통정보센터(국도),128.68065,36.510117
9951,E904782,[국도5]안동광음교차로,국가교통정보센터(국도),128.67204,36.506435
9952,E904783,[국도5]안동도촌교차로,국가교통정보센터(국도),128.70111,36.6580566
9953,E904784,[국도5]안동무릉교차로,국가교통정보센터(국도),128.6825,36.521111
9954,E904785,[국도5]안동운산교차로,국가교통정보센터(국도),128.660278,36.476944
9955,E904786,[국도5]안동이송천교,국가교통정보센터(국도),128.705303,36.616932
9956,E904787,[국도5]안동저전교,국가교통정보센터(국도),128.69762,36.62855
9957,E904788,[국도5]안동지곡교,국가교통정보센터(국도),128.7082,36.691372
9958,E904789,[국도5]영주가흥교차로,국가교통정보센터(국도),128.6003,36.822456
9959,E904790,[국도5]영주가흥육교,국가교통정보센터(국도),128.584644,36.821565
9960,E904791,[국도5]영주고사동교차로,국가교통정보센터(국도),128.7144,36.71046
9961,E904792,[국도5]영주내성천교,국가교통정보센터(국도),128.680764,36.765448
9962,E904793,[국도5]영주내줄교,국가교통정보센터(국도),128.56245,36.834293
9963,E904794,[국도5]영주만방육교,국가교통정보센터(국도),128.65717,36.77506
9964,E904795,[국도5]영주백동교차로,국가교통정보센터(국도),128.504266,36.878019
9965,E904796,[국도5]영주백수교차로,국가교통정보센터(국도),128.48846,36.883587
9966,E904797,[국도5]영주봉현1육교,국가교통정보센터(국도),128.52643,36.85792
9967,E904798,[국도5]영주새터육교,국가교통정보센터(국도),128.711558798524,36.740952927177
9968,E904799,[국도5]영주수철리정류장인접,국가교통정보센터(국도),128.464167,36.9025
9969,E904800,[국도5]영주시주원골인접,국가교통정보센터(국도),128.451389,36.9
9970,E904801,[국도5]영주신전IC육교,국가교통정보센터(국도),128.557266,36.842339
9971,E904802,[국도5]영주적동과선교,국가교통정보센터(국도),128.640002,36.783434
9972,E904803,[국도5]영주적서육교,국가교통정보센터(국도),128.63284,36.793453
9973,E904804,[국도5]영주지곡교차로,국가교통정보센터(국도),128.71346,36.70258
9974,E904805,[국도5]영주창락교차로,국가교통정보센터(국도),128.476071452371,36.8902718337834
9975,E904806,[국도5]영주평은육교,국가교통정보센터(국도),128.68951,36.76074
9976,E904807,[국도5]원주내남송2교,국가교통정보센터(국도),127.953274,37.306913
9977,E904808,[국도5]원주반곡교차로,국가교통정보센터(국도),127.988272,37.319528
9978,E904809,[국도5]원주사제육교,국가교통정보센터(국도),127.883817,37.335118
9979,E904810,[국도5]원주삼성교차로,국가교통정보센터(국도),127.890581,37.310545
9980,E904811,[국도5]원주섬배고개,국가교통정보센터(국도),127.973521,37.430983
9981,E904812,[국도5]원주신양대교북측,국가교통정보센터(국도),127.980551,37.411731
9982,E904813,[국도5]원주행구1교,국가교통정보센터(국도),128.000117,37.334725
9983,E904814,[국도5]원주흥업쉼터동측,국가교통정보센터(국도),127.928972,37.297881
9984,E904815,[국도5]의성길천교,국가교통정보센터(국도),128.63977,36.322296
9985,E904816,[국도5]의성도리원2교,국가교통정보센터(국도),128.5734076,36.2946459
9986,E904817,[국도5]의성봉양교차로,국가교통정보센터(국도),128.5765,36.302763
9987,E904818,[국도5]의성북의성IC교차로,국가교통정보센터(국도),128.67444,36.410833
9988,E904819,[국도5]의성분토교,국가교통정보센터(국도),128.65744,36.32719
9989,E904820,[국도5]의성세촌교차로,국가교통정보센터(국도),128.666389,36.431389
9990,E904821,[국도5]의성쌍용주유소,국가교통정보센터(국도),128.612,36.309811
9991,E904822,[국도5]의성우두교,국가교통정보센터(국도),128.680394,36.381721
9992,E904823,[국도5]의성의성IC,국가교통정보센터(국도),128.578789,36.285462
9993,E904824,[국도5]의성의성소방서,국가교통정보센터(국도),128.595451,36.309345
9994,E904825,[국도5]의성재랫재,국가교통정보센터(국도),128.6746,36.388294
9995,E904826,[국도5]의성철파사거리,국가교통정보센터(국도),128.685833,36.360278
9996,E904827,[국도5]제천강제동,국가교통정보센터(국도),128.217733,37.109326
9997,E904828,[국도5]제천고명교차로,국가교통정보센터(국도),128.229229,37.117801
9998,E904829,[국도5]제천고명동,국가교통정보센터(국도),128.233922,37.114304
9999,E904830,[국도5]제천고모교차로,국가교통정보센터(국도),128.152942,37.131838
10000,E904831,[국도5]제천대랑동(1/2),국가교통정보센터(국도),128.256565,37.092945
10001,E904832,[국도5]제천대랑동(2/2),국가교통정보센터(국도),128.241592,37.105426
10002,E904833,[국도5]제천명지교차로,국가교통정보센터(국도),128.201,37.1136
10003,E904834,[국도5]제천신동교차로,국가교통정보센터(국도),128.161333,37.12836
10004,E904835,[국도5]제천안동2교(대랑동),국가교통정보센터(국도),128.268526,37.087565
10005,E904836,[국도5]제천장평육교,국가교통정보센터(국도),128.170876,37.125464
10006,E904837,[국도5]제천제천축구센터,국가교통정보센터(국도),128.179571,37.117427
10007,E904838,[국도5]창녕계성교차로,국가교통정보센터(국도),128.51302,35.48414
10008,E904839,[국도5]창녕공설운동장삼거리,국가교통정보센터(국도),128.50462,35.51764
10009,E904840,[국도5]창녕낙동대교,국가교통정보센터(국도),128.521756,35.397864
10010,E904841,[국도5]창녕논공단지삼거리,국가교통정보센터(국도),128.46996,35.59738
10011,E904842,[국도5]창녕대지교차로,국가교통정보센터(국도),128.48234,35.55289
10012,E904843,[국도5]창녕대합교차로,국가교통정보센터(국도),128.46825,35.60537
10013,E904844,[국도5]창녕도천교,국가교통정보센터(국도),128.52225,35.43525
10014,E904845,[국도5]창녕명리교차로,국가교통정보센터(국도),128.51053,35.47534
10015,E904846,[국도5]창녕모전사거리,국가교통정보센터(국도),128.47124,35.57483
10016,E904847,[국도5]창녕봉산교차로,국가교통정보센터(국도),128.5137,35.45991
10017,E904848,[국도5]창녕송곳교,국가교통정보센터(국도),128.48009,35.543053
10018,E904849,[국도5]창녕여초교차로,국가교통정보센터(국도),128.50845,35.50534
10019,E904850,[국도5]창녕옷들교,국가교통정보센터(국도),128.4949,35.52947
10020,E904851,[국도5]창녕우강교,국가교통정보센터(국도),128.52469,35.41147
10021,E904852,[국도5]창녕우강교차로,국가교통정보센터(국도),128.52276,35.39964
10022,E904853,[국도5]창녕장기사거리,국가교통정보센터(국도),128.46956,35.58718
10023,E904854,[국도5]창녕죽사교차로,국가교통정보센터(국도),128.51891,35.44291
10024,E904855,[국도5]창녕창곡교,국가교통정보센터(국도),128.46593,35.62072
10025,E904856,[국도5]창녕초막골교차로(상행),국가교통정보센터(국도),128.507518,35.51369
10026,E904857,[국도5]창원감천교차로,국가교통정보센터(국도),128.51223,35.20831
10027,E904858,[국도5]창원내포교차로,국가교통정보센터(국도),128.585647,35.089986
10028,E904859,[국도5]창원삼계교,국가교통정보센터(국도),128.50406,35.21936
10029,E904860,[국도5]창원상곡사거리,국가교통정보센터(국도),128.50468,35.24079
10030,E904861,[국도5]창원석곡교차로,국가교통정보센터(국도),128.551932,35.115549
10031,E904862,[국도5]창원쌀재터널남측,국가교통정보센터(국도),128.536111,35.176944
10032,E904863,[국도5]창원쌀재터널북측,국가교통정보센터(국도),128.526389,35.196389
10033,E904864,[국도5]창원유산터널북측,국가교통정보센터(국도),128.551071,35.127989
10034,E904865,[국도5]창원호계사거리,국가교통정보센터(국도),128.51906,35.26259
10035,E904866,[국도5]칠곡가산초등학교남측,국가교통정보센터(국도),128.53955,36.074165
10036,E904867,[국도5]칠곡금화교,국가교통정보센터(국도),128.5378452,36.06703394
10037,E904868,[국도5]칠곡다부원교차로2,국가교통정보센터(국도),128.52223,36.05016
10038,E904869,[국도5]칠곡대구공동묘지입구,국가교통정보센터(국도),128.5510054,36.01058004
10039,E904870,[국도5]칠곡대양테크,국가교통정보센터(국도),128.5462729,36.02665422
10040,E904871,[국도5]칠곡동명사거리,국가교통정보센터(국도),128.555533,35.981589
10041,E904872,[국도5]칠곡동명초교,국가교통정보센터(국도),128.553018,35.995147
10042,E904873,[국도5]칠곡동호교,국가교통정보센터(국도),128.551397,35.963894
10043,E904874,[국도5]칠곡만남의휴게소,국가교통정보센터(국도),128.55364,36.108245
10044,E904875,[국도5]칠곡학명공원묘원서측,국가교통정보센터(국도),128.542778,36.031111
10045,E904876,[국도5]칠곡한우유전자원센터,국가교통정보센터(국도),128.5359,36.097705
10046,E904877,[국도5]함안구성사거리,국가교통정보센터(국도),128.5283,35.30221
10047,E904878,[국도5]함안덕남교차로,국가교통정보센터(국도),128.51311,35.36742
10048,E904879,[국도5]함안석전사거리,국가교통정보센터(국도),128.53294,35.29235
10049,E904880,[국도5]함안석전삼거리,국가교통정보센터(국도),128.53102,35.288386
10050,E904881,[국도5]함안예곡삼거리,국가교통정보센터(국도),128.53159,35.27267
10051,E904882,[국도5]함안용정2교,국가교통정보센터(국도),128.52892,35.28255
10052,E904883,[국도5]함안운서교차로,국가교통정보센터(국도),128.52715,35.30998
10053,E904884,[국도5]함안이룡교차로,국가교통정보센터(국도),128.51321,35.38377
10054,E904885,[국도5]함안칠북공설운동장,국가교통정보센터(국도),128.51516,35.35617
10055,E904886,[국도5]함안칠북교차로,국가교통정보센터(국도),128.52074,35.3446
10056,E904887,[국도5]화천노동리,국가교통정보센터(국도),127.67,38.177356
10057,E904888,[국도5]화천노동삼거리,국가교통정보센터(국도),127.662353,38.158012
10058,E904889,[국도5]화천마현리1,국가교통정보센터(국도),127.641801,38.226664
10059,E904890,[국도5]화천마현리2,국가교통정보센터(국도),127.625749,38.24016
10060,E904891,[국도5]화천마현리마을회관,국가교통정보센터(국도),127.634974,38.233857
10061,E904892,[국도5]화천부촌리노인회관,국가교통정보센터(국도),127.665159,38.184014
10062,E904893,[국도5]화천산양리게이트볼장,국가교통정보센터(국도),127.662818,38.200893
10063,E904894,[국도5]화천산양초등학교,국가교통정보센터(국도),127.657064,38.215446
10064,E904895,[국도5]화천상리삼거리,국가교통정보센터(국도),127.687342,38.109734
10065,E904896,[국도5]화천신대리,국가교통정보센터(국도),127.673272,38.137133
10066,E904897,[국도5]화천신대사거리,국가교통정보센터(국도),127.678385,38.130271
10067,E904898,[국도5]화천신풍리,국가교통정보센터(국도),127.683182,38.120787
10068,E904899,[국도5]화천장촌삼거리,국가교통정보센터(국도),127.6577,38.139057
10069,E904900,[국도5]화천파포삼거리남측,국가교통정보센터(국도),127.65948,38.149538
10070,E904901,[국도5]횡성묵계농공단지,국가교통정보센터(국도),127.977791,37.471516
10071,E900654,[국도5호선]관설교차로,국가교통정보센터(국도),127.968212,37.31392
10072,E904902,[국도5호선]군위무성교인근,국가교통정보센터(국도),128.568611,36.190054
10073,E904903,[국도5호선]군위오곡휴게소,국가교통정보센터(국도),128.57791,36.27508
10074,E904904,[국도5호선]군위효령농공단지,국가교통정보센터(국도),128.59274,36.14759
10075,E900655,[국도5호선]대안교차로,국가교통정보센터(국도),127.89991,37.301448
10076,E900656,[국도5호선]대안천교북측,국가교통정보센터(국도),127.885113,37.324457
10077,E904905,[국도5호선]묵계로,국가교통정보센터(국도),127.973857,37.465281
10078,E904906,[국도5호선]버덩마을길,국가교통정보센터(국도),127.977976,37.446272
10079,E900657,[국도5호선]서곡교차로,국가교통정보센터(국도),127.936627,37.301932
10080,E900658,[국도5호선]신양대교남측,국가교통정보센터(국도),127.988047,37.401475
10081,E904907,[국도5호선]안동망호교차로남측,국가교통정보센터(국도),128.66338,36.46266
10082,E904908,[국도5호선]안동서후교차로,국가교통정보센터(국도),128.68805,36.639854
10083,E904909,[국도5호선]안동제비원교인접,국가교통정보센터(국도),128.7,36.6075
10084,E904910,[국도5호선]영주곰수교차로,국가교통정보센터(국도),128.4407,36.8982
10085,E904911,[국도5호선]영주백리교차로,국가교통정보센터(국도),128.51358,36.87146
10086,E904912,[국도5호선]영주수철리2,국가교통정보센터(국도),128.4658,36.9004
10087,E904913,[국도5호선]영주수철리7,국가교통정보센터(국도),128.4483,36.8996
10088,E900659,[국도5호선]원주공군비행장,국가교통정보센터(국도),127.978475,37.440011
10089,E904916,[국도5호선]원주공항,국가교통정보센터(국도),127.977555,37.4578896
10090,E904914,[국도5호선]원주금대리,국가교통정보센터(국도),128.016731,37.272015
10091,E904915,[국도5호선]원주장양리,국가교통정보센터(국도),127.96251,37.41674
10092,E900660,[국도5호선]원창고개(춘천),국가교통정보센터(국도),127.76476,37.811088
10093,E900661,[국도5호선]원창고개(홍천),국가교통정보센터(국도),127.77038,37.809108
10094,E904917,[국도5호선]의성원당교차로,국가교통정보센터(국도),128.66806,36.343887
10095,E904919,[국도5호선]창원삼계사거리,국가교통정보센터(국도),128.50493,35.2323
10096,E904918,[국도5호선]창원삼계사거리남측,국가교통정보센터(국도),128.50584,35.228477
10097,E904920,[국도5호선]창원용호터널북측,국가교통정보센터(국도),128.596409,35.083545
10098,E904921,[국도5호선]춘천갈월교,국가교통정보센터(국도),127.665371,37.978311
10099,E904922,[국도5호선]춘천만천교,국가교통정보센터(국도),127.776532,37.883079
10100,E904930,[국도5호선]춘천모형항공박물관앞,국가교통정보센터(국도),127.82092,37.755394
10101,E904931,[국도5호선]춘천상리교,국가교통정보센터(국도),127.71844,37.959927
10102,E904923,[국도5호선]춘천용산2리,국가교통정보센터(국도),127.692972,37.956823
10103,E900662,[국도5호선]춘천용산교차로,국가교통정보센터(국도),127.706225,37.9463
10104,E904932,[국도5호선]춘천원창3리,국가교통정보센터(국도),127.76862,37.794308
10105,E904924,[국도5호선]춘천원창5리입구,국가교통정보센터(국도),127.7643429,37.78129817
10106,E900663,[국도5호선]춘천원평2교,국가교통정보센터(국도),127.644057,37.993107
10107,E904925,[국도5호선]춘천장본대교북측,국가교통정보센터(국도),127.757929,37.966398
10108,E904933,[국도5호선]춘천조양IC교차로,국가교통정보센터(국도),127.785965,37.75542
10109,E904934,[국도5호선]춘천조양삼거리,국가교통정보센터(국도),127.76559,37.767918
10110,E904935,[국도5호선]춘천지내교차로,국가교통정보센터(국도),127.7351,37.96749
10111,E904926,[국도5호선]춘천지내리,국가교통정보센터(국도),127.770633,37.908412
10112,E904936,[국도5호선]춘천창업보육센터,국가교통정보센터(국도),127.783325,37.94545
10113,E904927,[국도5호선]춘천춘성교동측,국가교통정보센터(국도),127.674059,37.966283
10114,E904937,[국도5호선]춘천춘천IC북측,국가교통정보센터(국도),127.76981,37.845783
10115,E904928,[국도5호선]춘천춘천댐삼거리,국가교통정보센터(국도),127.666226,37.969058
10116,E904929,[국도5호선]춘천화물차차고지,국가교통정보센터(국도),127.75869,37.82293
10117,E900664,[국도5호선]치악재(신림),국가교통정보센터(국도),128.0485162,37.25300933
10118,E900665,[국도5호선]치악재(원주),국가교통정보센터(국도),128.0414379,37.25775306
10119,E904938,[국도5호선]칠곡고곡삼거리2,국가교통정보센터(국도),128.560448,36.107876
10120,E904939,[국도5호선]칠곡꿈나무주유소,국가교통정보센터(국도),128.53944,36.03528
10121,E904940,[국도5호선]칠곡다부원교차로1,국가교통정보센터(국도),128.522495,36.047477
10122,E904941,[국도5호선]칠곡다부원앞,국가교통정보센터(국도),128.529142,36.044586
10123,E904942,[국도5호선]칠곡천평삼거리,국가교통정보센터(국도),128.538249,36.086677
10124,E904943,[국도5호선]칠곡침류정인근,국가교통정보센터(국도),128.53822,36.10092
10125,E904944,[국도5호선]칠곡학명공원묘지입구,국가교통정보센터(국도),128.53503,36.039265
10126,E900666,[국도5호선]행구1교남측,국가교통정보센터(국도),127.997585,37.324788
10127,E900667,[국도5호선]행구교차로,국가교통정보센터(국도),127.995486,37.347478
10128,E904948,[국도5호선]홍천돌산교앞,국가교통정보센터(국도),127.83707,37.721565
10129,E904945,[국도5호선]홍천둔지교차로,국가교통정보센터(국도),127.858326,37.68650349
10130,E904946,[국도5호선]홍천부사원리,국가교통정보센터(국도),127.8314863,37.74033818
10131,E900668,[국도5호선]홍천삼마치터널,국가교통정보센터(국도),127.897724,37.607743
10132,E904949,[국도5호선]홍천신촌2교,국가교통정보센터(국도),127.89085,37.651337
10133,E904950,[국도5호선]홍천여산곡교,국가교통정보센터(국도),127.871765,37.676857
10134,E904947,[국도5호선]홍천장전터널남측,국가교통정보센터(국도),127.88118,37.66303
10135,E904951,[국도5호선]횡성도곡리,국가교통정보센터(국도),127.9590684,37.55896133
10136,E904955,[국도5호선]횡성시동입구,국가교통정보센터(국도),127.8963,37.581306
10137,E904952,[국도5호선]횡성신촌IC,국가교통정보센터(국도),127.9521389,37.518833
10138,E904953,[국도5호선]횡성입석IC,국가교통정보센터(국도),127.98553,37.48828
10139,E904954,[국도5호선]횡성창봉리,국가교통정보센터(국도),127.9350885,37.57620494
10140,E904956,[국도5호선]횡성학곡IC,국가교통정보센터(국도),127.96045,37.501034
10141,E904957,[국도5호선]횡성학담리교차로,국가교통정보센터(국도),127.9631,37.534916
10142,E900669,[국도5호선]흥양교차로,국가교통정보센터(국도),127.99229,37.381844
10143,E900670,[국도5호선]흥업교차로,국가교통정보센터(국도),127.909191,37.292392
10144,E904958,[국도6]남양주도곡근린공원,국가교통정보센터(국도),127.2190349,37.57687445
10145,E904959,[국도6]남양주봉안대교,국가교통정보센터(국도),127.2826831,37.52999556
10146,E900671,[국도6호선][국도6호선]양평도곡교,국가교통정보센터(국도),127.377379,37.517578
10147,E904960,[국도6호선]가우교1교차로주변,국가교통정보센터(국도),128.579087,37.659158
10148,E900674,[국도6호선]강릉진고개,국가교통정보센터(국도),128.614551,37.776499
10149,E900672,[국도6호선]강릉진고개갈림길,국가교통정보센터(국도),128.618158,37.786258
10150,E900673,[국도6호선]강릉진고개정상,국가교통정보센터(국도),128.610261,37.766782
10151,E904961,[국도6호선]구두미교차로,국가교통정보센터(국도),128.25313,37.577026
10152,E904962,[국도6호선]구룡교차로,국가교통정보센터(국도),128.477613,37.627933
10153,E904963,[국도6호선]금산교,국가교통정보센터(국도),128.38387,37.592772
10154,E904964,[국도6호선]긴급제동시설(상),국가교통정보센터(국도),128.626685,37.804794
10155,E904965,[국도6호선]남양주덕소IC,국가교통정보센터(국도),127.20581,37.586708
10156,E900675,[국도6호선]남양주도곡IC,국가교통정보센터(국도),127.2248291,37.5732026
10157,E904966,[국도6호선]남양주동막골입구교차로,국가교통정보센터(국도),127.2312167,37.56365833
10158,E900676,[국도6호선]남양주조안교차로,국가교통정보센터(국도),127.3028179,37.53292401
10159,E900677,[국도6호선]남양주팔당1터널,국가교통정보센터(국도),127.2570565,37.54052108
10160,E900678,[국도6호선]남양주팔당4터널앞,국가교통정보센터(국도),127.269391666667,37.5343082222222
10161,E900679,[국도6호선]남양주팔당대교IC,국가교통정보센터(국도),127.2401461,37.54821881
10162,E904967,[국도6호선]남양주하팔당삼거리,국가교통정보센터(국도),127.23854,37.552593
10163,E904968,[국도6호선]남양주한강시민공원(팔당),국가교통정보센터(국도),127.2357867,37.5594588
10164,E904969,[국도6호선]대관령원예시장,국가교통정보센터(국도),128.46394,37.608345
10165,E904970,[국도6호선]둔내IC,국가교통정보센터(국도),128.20517,37.498247
10166,E904971,[국도6호선]둔내삼거리,국가교통정보센터(국도),128.211608,37.512341
10167,E904972,[국도6호선]둔방교차로,국가교통정보센터(국도),128.208518,37.505328
10168,E904973,[국도6호선]둔전교차로,국가교통정보센터(국도),128.453003,37.604042
10169,E904974,[국도6호선]마암리,국가교통정보센터(국도),128.209462,37.540114
10170,E904975,[국도6호선]무이교차로,국가교통정보센터(국도),128.30637,37.59275
10171,E904976,[국도6호선]방덕교차로,국가교통정보센터(국도),128.431425,37.607074
10172,E904977,[국도6호선]배나무정1_2교차로,국가교통정보센터(국도),128.468373,37.616112
10173,E904978,[국도6호선]백옥포마을,국가교통정보센터(국도),128.39168,37.586039
10174,E904979,[국도6호선]버덩말교차로,국가교통정보센터(국도),128.21239,37.543755
10175,E904980,[국도6호선]병안삼거리(하),국가교통정보센터(국도),128.60153,37.702457
10176,E904981,[국도6호선]봉평삼거리(상),국가교통정보센터(국도),128.34953,37.605286
10177,E904982,[국도6호선]상하가로,국가교통정보센터(국도),128.072562,37.487827
10178,E904983,[국도6호선]샘골입구,국가교통정보센터(국도),128.329555,37.601107
10179,E904984,[국도6호선]생태이동통로(상),국가교통정보센터(국도),128.61175,37.757851
10180,E904985,[국도6호선]석문교차로,국가교통정보센터(국도),128.21596,37.52163
10181,E904986,[국도6호선]소금강입구삼거리(하),국가교통정보센터(국도),128.704619,37.84676
10182,E904987,[국도6호선]속사터널,국가교통정보센터(국도),128.504407,37.639191
10183,E904988,[국도6호선]송림교차로,국가교통정보센터(국도),128.80452,37.850437
10184,E904989,[국도6호선]신왕초교_행신교,국가교통정보센터(국도),128.791161,37.853141
10185,E904990,[국도6호선]양평고읍교차로,국가교통정보센터(국도),127.446276,37.511645
10186,E900680,[국도6호선]양평국수교,국가교통정보센터(국도),127.388202777778,37.5075
10187,E900681,[국도6호선]양평남한강휴게소,국가교통정보센터(국도),127.415311,37.515611
10188,E900682,[국도6호선]양평다대교차로,국가교통정보센터(국도),127.721230555556,37.5637277777778
10189,E900683,[국도6호선]양평단월1교,국가교통정보센터(국도),127.6823,37.5370722
10190,E904991,[국도6호선]양평대흥교,국가교통정보센터(국도),127.5444,37.48297778
10191,E900684,[국도6호선]양평대흥교차로~용문터널,국가교통정보센터(국도),127.5608306,37.48338056
10192,E900685,[국도6호선]양평마룡~봉상2리교차로,국가교통정보센터(국도),127.63263,37.5168
10193,E900686,[국도6호선]양평마룡교차로,국가교통정보센터(국도),127.605675,37.5022861
10194,E904992,[국도6호선]양평복포1리,국가교통정보센터(국도),127.40765,37.51417778
10195,E904993,[국도6호선]양평봉상삼거리,국가교통정보센터(국도),127.6396944,37.51563056
10196,E900687,[국도6호선]양평삼가교차로,국가교통정보센터(국도),127.6604916,37.5180583
10197,E900688,[국도6호선]양평상평교차로,국가교통정보센터(국도),127.4960556,37.50398889
10198,E900689,[국도6호선]양평신흥육교,국가교통정보센터(국도),127.53733,37.49052
10199,E900690,[국도6호선]양평양수교차로,국가교통정보센터(국도),127.3286057,37.53750666
10200,E904994,[국도6호선]양평양평IC,국가교통정보센터(국도),127.43876,37.51307
10201,E900691,[국도6호선]양평오빈교차로,국가교통정보센터(국도),127.4742028,37.50258611
10202,E900692,[국도6호선]양평용담대교,국가교통정보센터(국도),127.3548007,37.53677213
10203,E900693,[국도6호선]양평용담대교북단,국가교통정보센터(국도),127.3662444,37.53139167
10204,E900694,[국도6호선]양평용담대교앞,국가교통정보센터(국도),127.3388364,37.53664074
10205,E900695,[국도6호선]양평용두교차로,국가교통정보센터(국도),127.71611,37.55167
10206,E900696,[국도6호선]양평용문교차로,국가교통정보센터(국도),127.58602,37.48826
10207,E900697,[국도6호선]양평용문터널동측,국가교통정보센터(국도),127.5711833,37.48435278
10208,E904995,[국도6호선]양평전자과학고,국가교통정보센터(국도),127.3960861,37.50981389
10209,E904996,[국도6호선]양평청운교,국가교통정보센터(국도),127.7044639,37.54534444
10210,E904997,[국도6호선]연곡초교,국가교통정보센터(국도),128.829119,37.854541
10211,E904998,[국도6호선]오대4교차로,국가교통정보센터(국도),128.57208,37.655318
10212,E904999,[국도6호선]월정교,국가교통정보센터(국도),128.587349,37.663546
10213,E905000,[국도6호선]월정삼거리(하),국가교통정보센터(국도),128.59381,37.669853
10214,E905001,[국도6호선]유등교차로,국가교통정보센터(국도),128.7582,37.85022
10215,E905002,[국도6호선]유현리,국가교통정보센터(국도),127.860306,37.527046
10216,E905003,[국도6호선]장평1터널입구교차로,국가교통정보센터(국도),128.40358,37.589767
10217,E905004,[국도6호선]장평2터널종점부,국가교통정보센터(국도),128.423818,37.597929
10218,E905005,[국도6호선]주막교차로,국가교통정보센터(국도),128.214125,37.533404
10219,E905006,[국도6호선]죽림2,국가교통정보센터(국도),128.140454,37.503762
10220,E905007,[국도6호선]진고개1(상),국가교통정보센터(국도),128.613295,37.763144
10221,E905008,[국도6호선]진고개2(상),국가교통정보센터(국도),128.612609,37.763822
10222,E905009,[국도6호선]진고개3(하),국가교통정보센터(국도),128.611064,37.770064
10223,E905010,[국도6호선]진고개4(상),국가교통정보센터(국도),128.612265,37.772778
10224,E905011,[국도6호선]진고개5(하),국가교통정보센터(국도),128.616728,37.780105
10225,E900698,[국도6호선]진부IC,국가교통정보센터(국도),128.563142,37.650273
10226,E905012,[국도6호선]추용로,국가교통정보센터(국도),128.055396,37.49382
10227,E905013,[국도6호선]태기교차로,국가교통정보센터(국도),128.320071,37.594544
10228,E905014,[국도6호선]태기산등산로1,국가교통정보센터(국도),128.306536,37.597464
10229,E905015,[국도6호선]태기산등산로2,국가교통정보센터(국도),128.307652,37.598416
10230,E905016,[국도6호선]태기산터널,국가교통정보센터(국도),128.268231,37.582223
10231,E905017,[국도6호선]퇴곡2리앞,국가교통정보센터(국도),128.736013,37.849019
10232,E900701,[국도6호선]평창IC,국가교통정보센터(국도),128.414022,37.583402
10233,E905018,[국도6호선]평창병내리,국가교통정보센터(국도),128.6125862,37.74986174
10234,E900699,[국도6호선]평창속사삼거리,국가교통정보센터(국도),128.494586,37.636879
10235,E900700,[국도6호선]평창팔석정입구,국가교통정보센터(국도),128.3775,37.60333333
10236,E905019,[국도6호선]하진부1교차로,국가교통정보센터(국도),128.5462,37.64508
10237,E905020,[국도6호선]하훼마을(상),국가교통정보센터(국도),128.616213,37.742921
10238,E905021,[국도6호선]현천교차로,국가교통정보센터(국도),128.20189,37.49306
10239,E905022,[국도6호선]화동1리,국가교통정보센터(국도),128.23328,37.569959
10240,E905023,[국도6호선]황재정상,국가교통정보센터(국도),128.155174,37.490313
10241,E905024,[국도6호선]횡성공근농공단지,국가교통정보센터(국도),127.9134,37.5273
10242,E905025,[국도6호선]횡성새장골입구,국가교통정보센터(국도),127.931136,37.524598
10243,E905026,[국도6호선]횡성왕래교,국가교통정보센터(국도),127.8932,37.5279
10244,E905027,[국도6호선]횡성유현5길입구,국가교통정보센터(국도),127.836,37.5283
10245,E905028,[국도6호선]횡성유현초등학교,국가교통정보센터(국도),127.8771,37.5259
10246,E900702,[국도6호선]횡성추동1교,국가교통정보센터(국도),128.038614,37.489697
10247,E905029,[국도6호선]횡성풍수원교차로,국가교통정보센터(국도),127.8071,37.5237
10248,E905030,[국도6호선]횡성하궁리1,국가교통정보센터(국도),128.136256,37.50511
10249,E905031,[국도6호선]횡성하궁리2,국가교통정보센터(국도),128.143391,37.49949
10250,E900703,[국도6호선]횡성현천리,국가교통정보센터(국도),128.1971,37.491549
10251,E905032,[국도75호선]가평가평대교,국가교통정보센터(국도),127.49658,37.708557
10252,E905033,[국도75호선]가평가평역사거리,국가교통정보센터(국도),127.5149211,37.8149475
10253,E905034,[국도75호선]가평갈치고개,국가교통정보센터(국도),127.50896,37.77302
10254,E905035,[국도75호선]가평들꽃핀자리펜션입구,국가교통정보센터(국도),127.44302,38.02605
10255,E905036,[국도75호선]가평선촌1교차로,국가교통정보센터(국도),127.489494,37.687125
10256,E905037,[국도75호선]화천광덕3리마을회관,국가교통정보센터(국도),127.492171,38.063355
10257,E905038,[국도75호선]화천광덕리1,국가교통정보센터(국도),127.4541112,38.041527
10258,E905039,[국도75호선]화천광덕리2,국가교통정보센터(국도),127.458743,38.041847
10259,E905040,[국도75호선]화천광덕리3,국가교통정보센터(국도),127.463374,38.043773
10260,E905041,[국도75호선]화천광덕리4,국가교통정보센터(국도),127.484639,38.055189
10261,E905042,[국도75호선]화천광덕리농산물판매장,국가교통정보센터(국도),127.47461,38.048155
10262,E905043,[국도75호선]화천사내고등학교,국가교통정보센터(국도),127.520476,38.063541
10263,E905044,[국도77]보령선촌교차로,국가교통정보센터(국도),126.42736,36.379
10264,E905045,[국도77]보령원산교차로,국가교통정보센터(국도),126.43175,36.3651
10265,E905046,[국도77]보령원산안면대교남측,국가교통정보센터(국도),126.42447,36.3846
10266,E905047,[국도77]보령원의교차로,국가교통정보센터(국도),126.42686,36.36977
10267,E905048,[국도77]사천대방사거리북측,국가교통정보센터(국도),128.060266,34.931134
10268,E905049,[국도77]사천동서동행복복지센터,국가교통정보센터(국도),128.068949,34.929579
10269,E905050,[국도77]사천사천경찰서,국가교통정보센터(국도),128.081967,34.93252
10270,E905051,[국도77]사천삼천포교,국가교통정보센터(국도),128.075625,34.931469
10271,E905052,[국도77]사천삼천포대교,국가교통정보센터(국도),128.054536,34.932282
10272,E905053,[국도77]사천향촌사거리,국가교통정보센터(국도),128.092795,34.931284
10273,E905056,[국도77]사천향촌삽재농공단지,국가교통정보센터(국도),128.105094,34.931139
10274,E905054,[국도77]사천향촌삽재농공단지남측,국가교통정보센터(국도),128.100159,34.930521
10275,E905055,[국도77]사천향촌삽재농공단지북측,국가교통정보센터(국도),128.107561,34.929665
10276,E905057,[국도77]태안곰섬삼거리,국가교통정보센터(국도),126.3145,36.6125
10277,E905058,[국도77]태안남면초등학교,국가교통정보센터(국도),126.3029,36.6723
10278,E905059,[국도77]태안남문교차로,국가교통정보센터(국도),126.2927,36.7471
10279,E905060,[국도77]태안남산1교차로,국가교통정보센터(국도),126.2931,36.739
10280,E905061,[국도77]태안남산교차로,국가교통정보센터(국도),126.2865,36.7238
10281,E905062,[국도77]태안달산3리,국가교통정보센터(국도),126.3075,36.6652
10282,E905063,[국도77]태안달산포교차로,국가교통정보센터(국도),126.3072,36.647
10283,E905064,[국도77]태안몽산교차로,국가교통정보센터(국도),126.287152,36.694786
10284,E905065,[국도77]태안몽산포교차로,국가교통정보센터(국도),126.2951,36.6773
10285,E905066,[국도77]태안삼성초등학교,국가교통정보센터(국도),126.3128,36.6244
10286,E905067,[국도77]태안신온1리,국가교통정보센터(국도),126.3123,36.6163
10287,E905068,[국도77]태안신장교차로,국가교통정보센터(국도),126.28949,36.68748
10288,E905069,[국도77]태안안면대교북단,국가교통정보센터(국도),126.32267,36.60144
10289,E905070,[국도77]태안양잠교차로,국가교통정보센터(국도),126.3116,36.6545
10290,E905071,[국도77]태안영목교차로,국가교통정보센터(국도),126.42239,36.40278
10291,E905072,[국도77]태안진산2교차로,국가교통정보센터(국도),126.283,36.7125
10292,E905073,[국도77]태안진산교차로,국가교통정보센터(국도),126.2861,36.7042
10293,E905074,[국도77]태안창기리,국가교통정보센터(국도),126.3256,36.5929
10294,E905075,[국도77]태안청포대교차로,국가교통정보센터(국도),126.3085,36.638
10295,E900704,[국도77호선]15MPOLE(보령방향)외부회전카메라#01,국가교통정보센터(국도),126.452598918331,36.3586519093547
10296,E900705,[국도77호선]15MPOLE(보령방향)외부회전카메라#02,국가교통정보센터(국도),126.50858,36.322745
10297,E900706,[국도77호선]15MPOLE(태안방향)외부회전카메라#03,국가교통정보센터(국도),126.509514713704,36.322003478509
10298,E900707,[국도77호선]15MPOLE(태안방향)외부회전카메라#04,국가교통정보센터(국도),126.4533124,36.35834125
10299,E900708,[국도77호선]목동교차로,국가교통정보센터(국도),126.399931,35.024205
10300,E905076,[국도77호선]무고리마을인근,국가교통정보센터(국도),126.311866,34.629459
10301,E905077,[국도77호선]이목교차로,국가교통정보센터(국도),126.318443,34.650386
10302,E905078,[국도77호선]파주낙하I.C,국가교통정보센터(국도),126.732,37.84
10303,E905079,[국도77호선]파주당동I.C,국가교통정보센터(국도),126.7608333,37.865
10304,E905080,[국도77호선]파주문발I.C,국가교통정보센터(국도),126.6888888,37.7252777
10305,E900709,[국도77호선]파주문산대교,국가교통정보센터(국도),126.767,37.857
10306,E905081,[국도77호선]파주성동I.C,국가교통정보센터(국도),126.6791666,37.7902777
10307,E900710,[국도77호선]파주송촌대교,국가교통정보센터(국도),126.6865066,37.75643159
10308,E905082,[국도77호선]파주송촌대교후,국가교통정보센터(국도),126.6848,37.7671
10309,E905083,[국도77호선]파주오금교,국가교통정보센터(국도),126.6900444,37.82278056
10310,E900711,[국도77호선]파주오두산통일전망대,국가교통정보센터(국도),126.6786111,37.7808333
10311,E900712,[국도77호선]팔학교차로,국가교통정보센터(국도),126.348759,34.961127
10312,E905084,[국도77호선]평택서평택IC사거리,국가교통정보센터(국도),126.8633157,36.98916281
10313,E905085,[국도77호선]평택서평택골프클럽,국가교통정보센터(국도),126.8577238,36.9910034
10314,E900713,[국도77호선]평택원정2리사거리,국가교통정보센터(국도),126.846180555556,36.99615
10315,E900714,[국도77호선]평택원정삼거리,국가교통정보센터(국도),126.817675,37.0094055
10316,E905086,[국도77호선]평택재설자재보관창고,국가교통정보센터(국도),126.830634,37.003493
10317,E905087,[국도77호선]화성남양기산베스트빌,국가교통정보센터(국도),126.82246,37.19577
10318,E905088,[국도77호선]화성남양대교북단,국가교통정보센터(국도),126.8108166,37.0194055
10319,E905089,[국도77호선]화성멱우1리,국가교통정보센터(국도),126.804728,37.1074804
10320,E900715,[국도77호선]화성멱우교남측,국가교통정보센터(국도),126.8048333,37.09397778
10321,E900716,[국도77호선]화성멱우교차로,국가교통정보센터(국도),126.8128277,37.103675
10322,E905090,[국도77호선]화성문호교차로,국가교통정보센터(국도),126.8118528,37.2614875
10323,E905091,[국도77호선]화성문화마을,국가교통정보센터(국도),126.7954996,37.12242105
10324,E900717,[국도77호선]화성봉화교차로,국가교통정보센터(국도),126.7994694,37.0657083
10325,E905092,[국도77호선]화성삼부실교차로,국가교통정보센터(국도),126.821186,37.235411
10326,E905093,[국도77호선]화성서호1교,국가교통정보센터(국도),126.82063,37.23964
10327,E905094,[국도77호선]화성선창포구,국가교통정보센터(국도),126.7962687,37.12935244
10328,E905095,[국도77호선]화성송림2리,국가교통정보센터(국도),126.82029,37.220028
10329,E905096,[국도77호선]화성송림교차로,국가교통정보센터(국도),126.828858,37.227888
10330,E905097,[국도77호선]화성수화교차로,국가교통정보센터(국도),126.81411,37.250088
10331,E905098,[국도77호선]화성신남1리,국가교통정보센터(국도),126.81891,37.18165
10332,E905099,[국도77호선]화성신남교차로,국가교통정보센터(국도),126.816324,37.177499
10333,E900718,[국도77호선]화성이화사거리,국가교통정보센터(국도),126.8044138,37.038
10334,E905100,[국도77호선]화성장덕1리,국가교통정보센터(국도),126.80708,37.16312
10335,E905101,[국도77호선]화성장덕2육교,국가교통정보센터(국도),126.79984,37.156467
10336,E905102,[국도77호선]화성장덕리,국가교통정보센터(국도),126.8047135,37.1593286
10337,E905103,[국도77호선]화성현대연구소삼거리,국가교통정보센터(국도),126.810651,37.169021
10338,E905104,[국도77호선]화성호곡길입구삼거리,국가교통정보센터(국도),126.7944089,37.11824274
10339,E905105,[국도77호선]화성화성서부경찰서,국가교통정보센터(국도),126.821974,37.189932
10340,E905106,[국도77호선]화성화수사거리,국가교통정보센터(국도),126.8013256,37.1098723
10341,E905107,[국도77호선]화원초등학교인근,국가교통정보센터(국도),126.334182,34.674583
10342,E905108,[국도79호선]창원베틀산터널남측,국가교통정보센터(국도),128.467888,35.128155
10343,E905109,[국도79호선]창원지개1교,국가교통정보센터(국도),128.614035,35.283706
10344,E905110,[국도7]경주강동IC,국가교통정보센터(국도),129.269177,35.983341
10345,E905111,[국도7]경주건천IC,국가교통정보센터(국도),129.147847,35.802553
10346,E905112,[국도7]경주내남IC,국가교통정보센터(국도),129.206511,35.746264
10347,E905113,[국도7]경주내남교,국가교통정보센터(국도),129.199295,35.757805
10348,E905114,[국도7]경주명계4교,국가교통정보센터(국도),129.26456,35.713776
10349,E905115,[국도7]경주명계교차로,국가교통정보센터(국도),129.235228,35.729722
10350,E905116,[국도7]경주명계터널서측,국가교통정보센터(국도),129.240666,35.715114
10351,E905117,[국도7]경주모서교,국가교통정보센터(국도),129.2468778,35.96423056
10352,E905118,[국도7]경주모서교,국가교통정보센터(국도),129.24683,35.950182
10353,E905119,[국도7]경주부지교차로,국가교통정보센터(국도),129.193728,35.762614
10354,E905120,[국도7]경주북경주IC,국가교통정보센터(국도),129.247434,35.938131
10355,E905121,[국도7]경주야척교차로,국가교통정보센터(국도),129.156413,35.86002
10356,E905122,[국도7]경주외동교차로(경주방향)(파노라마),국가교통정보센터(국도),129.331003,35.686715
10357,E905123,[국도7]경주유강터널서측,국가교통정보센터(국도),129.288817,35.996676
10358,E905124,[국도7]경주이제테크,국가교통정보센터(국도),129.253539,35.985587
10359,E905125,[국도7]경주충효2교북측,국가교통정보센터(국도),129.156022,35.852652
10360,E905126,[국도7]경주충효3교북측,국가교통정보센터(국도),129.161578,35.840823
10361,E905127,[국도7]경주충효교차로(광명터널북측),국가교통정보센터(국도),129.155241,35.831975
10362,E905128,[국도7]경주효현교차로,국가교통정보센터(국도),129.143892,35.816581
10363,E905129,[국도7]양산덕계터널북측,국가교통정보센터(국도),129.167262,35.389881
10364,E905130,[국도7]양산명동교차로,국가교통정보센터(국도),129.169983,35.396252
10365,E905131,[국도7]양산서창터널북측,국가교통정보센터(국도),129.181566,35.411989
10366,E905132,[국도7]양산용당터널남측,국가교통정보센터(국도),129.190369,35.425806
10367,E905133,[국도7]양산임기마을교차로,국가교통정보센터(국도),129.1191639,35.32583333
10368,E905134,[국도7]영덕각리리교차로남측,국가교통정보센터(국도),129.395561,36.560308
10369,E905135,[국도7]영덕강구면사무소,국가교통정보센터(국도),129.37843,36.36155
10370,E905136,[국도7]영덕거무역교차로,국가교통정보센터(국도),129.403988,36.593517
10371,E905137,[국도7]영덕남산교차로,국가교통정보센터(국도),129.373588,36.399496
10372,E905138,[국도7]영덕남호교,국가교통정보센터(국도),129.377963,36.332321
10373,E905139,[국도7]영덕농협주유소,국가교통정보센터(국도),129.4086,36.474304
10374,E905140,[국도7]영덕덕곡교차로부근,국가교통정보센터(국도),129.379252,36.411183
10375,E905141,[국도7]영덕매정교차로,국가교통정보센터(국도),129.40222,36.451815
10376,E905142,[국도7]영덕백석교,국가교통정보센터(국도),129.409691,36.621826
10377,E905143,[국도7]영덕백석교차로,국가교통정보센터(국도),129.416473,36.630679
10378,E905144,[국도7]영덕병곡교차로북측,국가교통정보센터(국도),129.410075,36.60412
10379,E905145,[국도7]영덕상원교,국가교통정보센터(국도),129.406071,36.508474
10380,E905146,[국도7]영덕서광주유소,국가교통정보센터(국도),129.420969,36.642922
10381,E905147,[국도7]영덕소월교,국가교통정보센터(국도),129.37933,36.372311
10382,E905148,[국도7]영덕솔향기펜션앞,국가교통정보센터(국도),129.37825,36.27323
10383,E905149,[국도7]영덕송천교차로,국가교통정보센터(국도),129.396783,36.541308
10384,E905150,[국도7]영덕씨레스트펜션앞,국가교통정보센터(국도),129.37796,36.29824
10385,E905151,[국도7]영덕영덕IC,국가교통정보센터(국도),129.37442,36.382122
10386,E905152,[국도7]영덕영덕구계항부근,국가교통정보센터(국도),129.37762,36.318485
10387,E905153,[국도7]영덕영덕터널지나3Km,국가교통정보센터(국도),129.382894,36.432374
10388,E905154,[국도7]영덕영동천교,국가교통정보센터(국도),129.405533,36.598414
10389,E905155,[국도7]영덕영해생활체육공원,국가교통정보센터(국도),129.404579,36.524829
10390,E905156,[국도7]영덕오션뷰C.C앞삼거리,국가교통정보센터(국도),129.381293,36.339985
10391,E905157,[국도7]영덕장사삼거리,국가교통정보센터(국도),129.374244,36.286135
10392,E905158,[국도7]울주대복교차로북측,국가교통정보센터(국도),129.227859,35.492562
10393,E905159,[국도7]울주문죽1교동측,국가교통정보센터(국도),129.259094,35.513749
10394,E905160,[국도7]울주밤티고개북측,국가교통정보센터(국도),129.233675,35.50174
10395,E905161,[국도7]울주오복교차로,국가교통정보센터(국도),129.223703,35.47698
10396,E905162,[국도7]울주용당터널북측,국가교통정보센터(국도),129.20493,35.441317
10397,E905163,[국도7]울주청량교(옥동생태터널),국가교통정보센터(국도),129.270288,35.521355
10398,E905164,[국도7]울진고목교,국가교통정보센터(국도),129.376922,37.073163
10399,E905165,[국도7]울진공세교,국가교통정보센터(국도),129.408476,36.987209
10400,E905166,[국도7]울진공항IC교,국가교통정보센터(국도),129.460696,36.761331
10401,E905167,[국도7]울진관덕마을입구,국가교통정보센터(국도),129.449545,36.725444
10402,E905168,[국도7]울진금음교,국가교통정보센터(국도),129.432548,36.664839
10403,E905169,[국도7]울진금음교차로,국가교통정보센터(국도),129.4271431,36.6487146
10404,E905170,[국도7]울진기성초등학교북측,국가교통정보센터(국도),129.4467434,36.7990392
10405,E905171,[국도7]울진기성휴게소입구,국가교통정보센터(국도),129.456296,36.777
10406,E905172,[국도7]울진노음교,국가교통정보센터(국도),129.397873,36.953727
10407,E905174,[국도7]울진대나리교,국가교통정보센터(국도),129.412287,37.000131
10408,E905173,[국도7]울진대나리교북측,국가교통정보센터(국도),129.4138106,37.0074931
10409,E905175,[국도7]울진덕신교차로,국가교통정보센터(국도),129.4156532,36.8830506
10410,E905176,[국도7]울진만세교,국가교통정보센터(국도),129.383439,36.923766
10411,E905177,[국도7]울진망양1터널남측,국가교통정보센터(국도),129.427145,36.842739
10412,E905178,[국도7]울진매정육교근처,국가교통정보센터(국도),129.402254,37.063956
10413,E905179,[국도7]울진매화재,국가교통정보센터(국도),129.391704,36.905802
10414,E905180,[국도7]울진반소골길입구,국가교통정보센터(국도),129.430238,36.659555
10415,E905181,[국도7]울진법음사,국가교통정보센터(국도),129.4560497,36.737322
10416,E905182,[국도7]울진봉평교,국가교통정보센터(국도),129.408655,37.035573
10417,E905183,[국도7]울진부구대교전,국가교통정보센터(국도),129.361084,37.098507
10418,E905184,[국도7]울진북개터널(하),국가교통정보센터(국도),129.439588,36.817056
10419,E905185,[국도7]울진삼율1교,국가교통정보센터(국도),129.436433,36.675993
10420,E905186,[국도7]울진신나곡교,국가교통정보센터(국도),129.363007,37.113987
10421,E905187,[국도7]울진신화교,국가교통정보센터(국도),129.371488,37.080081
10422,E905188,[국도7]울진실배교차로,국가교통정보센터(국도),129.443575,36.695922
10423,E905189,[국도7]울진오산1교,국가교통정보센터(국도),129.409029,36.89189
10424,E905190,[국도7]울진온양교,국가교통정보센터(국도),129.4057,37.025615
10425,E905191,[국도7]울진왕피천대교,국가교통정보센터(국도),129.399617,36.963169
10426,E905192,[국도7]울진울진남부교차로,국가교통정보센터(국도),129.401645,36.975672
10427,E905193,[국도7]울진울진마린CC,국가교통정보센터(국도),129.401525,36.899745
10428,E905194,[국도7]울진울진북부교차로,국가교통정보센터(국도),129.409066,37.016944
10429,E905195,[국도7]울진원남교,국가교통정보센터(국도),129.4199129,36.8734153
10430,E905196,[국도7]울진월송교,국가교통정보센터(국도),129.453962,36.749238
10431,E905197,[국도7]울진죽변교,국가교통정보센터(국도),129.406156,37.047551
10432,E905198,[국도7]울진척산교차로북측,국가교통정보센터(국도),129.441044,36.813852
10433,E905199,[국도7]울진태봉1교,국가교통정보센터(국도),129.356806,37.131925
10434,E905200,[국도7]울진학곡사거리,국가교통정보센터(국도),129.4439572,36.7100991
10435,E905201,[국도7]울진후정교차로,국가교통정보센터(국도),129.391305,37.068341
10436,E905202,[국도7]울진후포IC교,국가교통정보센터(국도),129.439239,36.685658
10437,E905203,[국도7]포항고현교,국가교통정보센터(국도),129.340757,36.166579
10438,E905204,[국도7]포항광천교,국가교통정보센터(국도),129.3575,36.225937
10439,E905205,[국도7]포항냉천교,국가교통정보센터(국도),129.35474,36.2168
10440,E905206,[국도7]포항성곡IC,국가교통정보센터(국도),129.34076,36.086506
10441,E905207,[국도7]포항오션아울렛,국가교통정보센터(국도),129.34642,36.148824
10442,E905208,[국도7]포항옥성교차로,국가교통정보센터(국도),129.338754,36.101977
10443,E905209,[국도7]포항용전2리마을회관,국가교통정보센터(국도),129.340119,36.129046
10444,E905210,[국도7]포항용전교차로,국가교통정보센터(국도),129.348011,36.134786
10445,E905211,[국도7]포항유강교,국가교통정보센터(국도),129.321937,36.004285
10446,E905212,[국도7]포항유강교차로,국가교통정보센터(국도),129.314616,36.001908
10447,E905213,[국도7]포항유천교,국가교통정보센터(국도),129.37446,36.26092
10448,E905214,[국도7]포항청하삼거리,국가교통정보센터(국도),129.3401549,36.17826812
10449,E905215,[국도7]포항청하휴게소,국가교통정보센터(국도),129.34657,36.1875
10450,E905216,[국도7]포항해학교앞,국가교통정보센터(국도),129.351001,36.210295
10451,E905217,[국도7]포항화진교전방,국가교통정보센터(국도),129.369959,36.249095
10452,E900719,[국도7호선]가진고개(간성),국가교통정보센터(국도),128.502334,38.372863
10453,E900720,[국도7호선]갈남리,국가교통정보센터(국도),129.329167,37.260464
10454,E905218,[국도7호선]강릉강동초등학교,국가교통정보센터(국도),128.966985,37.72356611
10455,E905219,[국도7호선]강릉강북공설운동장,국가교통정보센터(국도),128.8358214,37.86889309
10456,E905220,[국도7호선]강릉낙풍교,국가교통정보센터(국도),129.03361,37.6253365
10457,E905221,[국도7호선]강릉낙풍리,국가교통정보센터(국도),129.0218586,37.6344119
10458,E905222,[국도7호선]강릉동해1터널남측,국가교통정보센터(국도),129.0016181,37.6857165
10459,E905223,[국도7호선]강릉동해1터널북측,국가교통정보센터(국도),128.9923253,37.69993516
10460,E900721,[국도7호선]강릉미노고가차도,국가교통정보센터(국도),128.851672,37.819296
10461,E905224,[국도7호선]강릉산성우1리마을회관,국가교통정보센터(국도),129.0142529,37.6797119
10462,E905225,[국도7호선]강릉산성우2리마을회관,국가교통정보센터(국도),129.0161308,37.6764606
10463,E900722,[국도7호선]강릉산성우리1,국가교통정보센터(국도),129.016944,37.648056
10464,E900723,[국도7호선]강릉산성우리2,국가교통정보센터(국도),129.006902,37.684205
10465,E905226,[국도7호선]강릉안인교차로,국가교통정보센터(국도),128.9591732,37.7265247
10466,E905227,[국도7호선]강릉옥계역사거리,국가교통정보센터(국도),129.0501325,37.6182841
10467,E905228,[국도7호선]강릉임곡교차로,국가교통정보센터(국도),128.991018,37.7125283
10468,E905229,[국도7호선]강릉정동천교남측,국가교통정보센터(국도),129.0188908,37.6581019
10469,E905230,[국도7호선]강릉주문진읍사무소,국가교통정보센터(국도),128.82018,37.899572
10470,E905231,[국도7호선]강릉하슬라주유소,국가교통정보센터(국도),128.97846,37.71756
10471,E905232,[국도7호선]경주강동과적검문소부근,국가교통정보센터(국도),129.24908,35.97815
10472,E905233,[국도7호선]경주화곡교차로,국가교통정보센터(국도),129.173128,35.776433
10473,E900724,[국도7호선]고성공현진교차로,국가교통정보센터(국도),128.50853,38.355399
10474,E905234,[국도7호선]고성교암사거리,국가교통정보센터(국도),128.5476484,38.2860303
10475,E905242,[국도7호선]고성대진리입구,국가교통정보센터(국도),128.41966,38.50194
10476,E905235,[국도7호선]고성명파교차로,국가교통정보센터(국도),128.4035226,38.5417419
10477,E900725,[국도7호선]고성문암삼거리,국가교통정보센터(국도),128.543534,38.295791
10478,E900726,[국도7호선]고성봉평교차로,국가교통정보센터(국도),128.443788,38.441632
10479,E905236,[국도7호선]고성봉포교,국가교통정보센터(국도),128.561567,38.25219
10480,E900727,[국도7호선]고성송죽교차로,국가교통정보센터(국도),128.467962,38.406555
10481,E900728,[국도7호선]고성송지호교차로,국가교통정보센터(국도),128.523782,38.33218
10482,E905237,[국도7호선]고성송지호캠핑장,국가교통정보센터(국도),128.5116945,38.3432269
10483,E900729,[국도7호선]고성송포리,국가교통정보센터(국도),128.459461,38.426695
10484,E900730,[국도7호선]고성아야진주유소,국가교통정보센터(국도),128.548492,38.271404
10485,E905243,[국도7호선]고성안보공원교차로,국가교통정보센터(국도),128.41614,38.51126
10486,E900731,[국도7호선]고성오호초교,국가교통정보센터(국도),128.532721,38.314203
10487,E900732,[국도7호선]고성용촌삼거리,국가교통정보센터(국도),128.572065,38.237229
10488,E900733,[국도7호선]고성용촌저수지,국가교통정보센터(국도),128.56408,38.223654
10489,E900734,[국도7호선]고성죽정교차로,국가교통정보센터(국도),128.422818,38.468228
10490,E905238,[국도7호선]고성천진교차로,국가교통정보센터(국도),128.555617,38.260115
10491,E905239,[국도7호선]고성초도교차로,국가교통정보센터(국도),128.424734,38.483863
10492,E900735,[국도7호선]고성향목리정미소,국가교통정보센터(국도),128.48538,38.37765
10493,E905240,[국도7호선]고성현내터널남측,국가교통정보센터(국도),128.4138973,38.5202517
10494,E905241,[국도7호선]고성화진포,국가교통정보센터(국도),128.427946,38.452569
10495,E905244,[국도7호선]광태교,국가교통정보센터(국도),129.230001,37.363314
10496,E900736,[국도7호선]구라미육교,국가교통정보센터(국도),128.840611,37.844575
10497,E900737,[국도7호선]근덕교차로,국가교통정보센터(국도),129.2198,37.38497
10498,E905245,[국도7호선]나안동,국가교통정보센터(국도),129.112217,37.483843
10499,E900738,[국도7호선]낙산사거리,국가교통정보센터(국도),128.6231178,38.12074501
10500,E905246,[국도7호선]노봉삼거리,국가교통정보센터(국도),129.10094,37.58416
10501,E905247,[국도7호선]단봉삼거리,국가교통정보센터(국도),129.11806,37.476803
10502,E905248,[국도7호선]도립공원삼거리(웹캠),국가교통정보센터(국도),128.631062,38.113788
10503,E905249,[국도7호선]동해동해터미널,국가교통정보센터(국도),129.1105228,37.50223048
10504,E905250,[국도7호선]동해들개고개,국가교통정보센터(국도),129.1503484,37.46663847
10505,E905251,[국도7호선]동해망상나들목교차로,국가교통정보센터(국도),129.09987,37.55407
10506,E905252,[국도7호선]동해망상컨벤션센터,국가교통정보센터(국도),129.082162,37.59653183
10507,E905253,[국도7호선]동해부곡천교북측,국가교통정보센터(국도),129.0966,37.53974
10508,E905254,[국도7호선]동해북평IC,국가교통정보센터(국도),129.1358346,37.47288914
10509,E905259,[국도7호선]동해시경계(망상동),국가교통정보센터(국도),129.070469,37.606554
10510,E905255,[국도7호선]동해지리골삼거리,국가교통정보센터(국도),129.0982139,37.54876898
10511,E905256,[국도7호선]동해천곡사거리,국가교통정보센터(국도),129.1018784,37.52197039
10512,E905257,[국도7호선]동해초구교차로남측,국가교통정보센터(국도),129.0971281,37.5745222
10513,E905258,[국도7호선]동해추암삼거리,국가교통정보센터(국도),129.1436048,37.46764595
10514,E900739,[국도7호선]밀양육교,국가교통정보센터(국도),128.652743,38.049853
10515,E905260,[국도7호선]사문재삼거리,국가교통정보센터(국도),129.100615,37.562041
10516,E905261,[국도7호선]산성우리3,국가교통정보센터(국도),129.017535,37.667864
10517,E905262,[국도7호선]삼척교가리,국가교통정보센터(국도),129.222619,37.37559809
10518,E905271,[국도7호선]삼척교차로,국가교통정보센터(국도),129.17003,37.456177
10519,E905263,[국도7호선]삼척궁촌교차로,국가교통정보센터(국도),129.2772869,37.3137184
10520,E900740,[국도7호선]삼척궁촌리,국가교통정보센터(국도),129.262352,37.325617
10521,E905264,[국도7호선]삼척근덕IC북측,국가교통정보센터(국도),129.207224,37.39952275
10522,E900741,[국도7호선]삼척노곡리1,국가교통정보센터(국도),129.336415,37.214928
10523,E900742,[국도7호선]삼척노곡리2,국가교통정보센터(국도),129.335666,37.197522
10524,E905265,[국도7호선]삼척동막교차로,국가교통정보센터(국도),129.2446288,37.344476
10525,E900743,[국도7호선]삼척동막리,국가교통정보센터(국도),129.250722,37.330159
10526,E905266,[국도7호선]삼척문암교,국가교통정보센터(국도),129.2849232,37.30557792
10527,E905267,[국도7호선]삼척용화1교,국가교통정보센터(국도),129.304499,37.277304
10528,E900744,[국도7호선]삼척월천리,국가교통정보센터(국도),129.355099,37.154848
10529,E905268,[국도7호선]삼척임원나들목,국가교통정보센터(국도),129.3404482,37.22750509
10530,E900745,[국도7호선]삼척임원리,국가교통정보센터(국도),129.334805,37.250832
10531,E900746,[국도7호선]삼척초곡리1,국가교통정보센터(국도),129.293466,37.301475
10532,E900747,[국도7호선]삼척초곡리2,국가교통정보센터(국도),129.297313,37.293785
10533,E905269,[국도7호선]삼척호산교차로,국가교통정보센터(국도),129.3398972,37.16975913
10534,E905270,[국도7호선]삼척호산천교남측,국가교통정보센터(국도),129.3273318,37.18005122
10535,E905272,[국도7호선]상시교,국가교통정보센터(국도),128.95169,37.72493
10536,E900748,[국도7호선]설악동입구,국가교통정보센터(국도),128.607819,38.163568
10537,E905275,[국도7호선]속초고속터미널,국가교통정보센터(국도),128.59541,38.19
10538,E905276,[국도7호선]속초교동삼거리,국가교통정보센터(국도),128.57785,38.19693
10539,E905273,[국도7호선]속초교동지하차도,국가교통정보센터(국도),128.5641421,38.20772319
10540,E905274,[국도7호선]속초농공단지앞사거리,국가교통정보센터(국도),128.6026506,38.17781271
10541,E905277,[국도7호선]양양기사문해변입구,국가교통정보센터(국도),128.7299304,38.0055459
10542,E905278,[국도7호선]양양남애초등학교,국가교통정보센터(국도),128.7741398,37.9511094
10543,E905279,[국도7호선]양양동산항교차로,국가교통정보센터(국도),128.7570523,37.9792045
10544,E905280,[국도7호선]양양미륭삼거리,국가교통정보센터(국도),128.7836435,37.9408685
10545,E905281,[국도7호선]양양북분리,국가교통정보센터(국도),128.7512826,37.9833702
10546,E900749,[국도7호선]양양삼거리,국가교통정보센터(국도),128.628204,38.078093
10547,E905282,[국도7호선]양양손양IC남측,국가교통정보센터(국도),128.6439635,38.0561768
10548,E905283,[국도7호선]양양원포삼거리,국가교통정보센터(국도),128.7920279,37.9305304
10549,E905284,[국도7호선]양양인구초등학교,국가교통정보센터(국도),128.757033,37.9674564
10550,E905285,[국도7호선]양양잔교졸음쉼터,국가교통정보센터(국도),128.736938,38.0001732
10551,E905286,[국도7호선]양양정암졸음쉼터,국가교통정보센터(국도),128.6194891,38.1348515
10552,E905287,[국도7호선]양양중광정리,국가교통정보센터(국도),128.7035782,38.0333255
10553,E905288,[국도7호선]양양하양혈리마을회관,국가교통정보센터(국도),128.6725816,38.0385825
10554,E905289,[국도7호선]양양하조대해변입구,국가교통정보센터(국도),128.7186055,38.02240386
10555,E900750,[국도7호선]연곡교차로,국가교통정보센터(국도),128.839688,37.858371
10556,E905290,[국도7호선]영덕동해대덕연수원,국가교통정보센터(국도),129.378721,36.310334
10557,E905291,[국도7호선]영덕삼사삼거리,국가교통정보센터(국도),129.37991,36.34999
10558,E905292,[국도7호선]영덕영덕농공단지입구,국가교통정보센터(국도),129.37037,36.39169
10559,E905293,[국도7호선]영덕축산교차로,국가교통정보센터(국도),129.411518,36.503202
10560,E905295,[국도7호선]옥계IC입구,국가교통정보센터(국도),129.03883,37.615025
10561,E905294,[국도7호선]옥계주수교,국가교통정보센터(국도),129.04159,37.613783
10562,E905296,[국도7호선]운동장사거리,국가교통정보센터(국도),129.10379,37.514416
10563,E905297,[국도7호선]울주삼정저수지서측,국가교통정보센터(국도),129.243962,35.508981
10564,E900751,[국도7호선]위령탑입구,국가교통정보센터(국도),128.743237,37.990807
10565,E900752,[국도7호선]인구삼거리,국가교통정보센터(국도),128.763432,37.965185
10566,E905298,[국도7호선]임곡리입구,국가교통정보센터(국도),128.995227,37.703925
10567,E900753,[국도7호선]정암리,국가교통정보센터(국도),128.612671,38.142512
10568,E900754,[국도7호선]주문삼거리,국가교통정보센터(국도),128.815683,37.910696
10569,E900755,[국도7호선]주문진교차로,국가교통정보센터(국도),128.820532,37.881077
10570,E900756,[국도7호선]즈므고가,국가교통정보센터(국도),128.85979,37.806144
10571,E900757,[국도7호선]지경교차로,국가교통정보센터(국도),128.799531,37.921991
10572,E905299,[국도7호선]천곡교차로,국가교통정보센터(국도),129.104614,37.53168
10573,E900758,[국도7호선]청곡교차로,국가교통정보센터(국도),128.628461,38.095081
10574,E900759,[국도7호선]청솔공원,국가교통정보센터(국도),128.847802,37.832406
10575,E905300,[국도7호선]포항유강터널(동측),국가교통정보센터(국도),129.305696,35.999091
10576,E905301,[국도7호선]포항의현교차로,국가교통정보센터(국도),129.347936,36.074297
10577,E905302,[국도7호선]포항청하변전소,국가교통정보센터(국도),129.3468,36.154755
10578,E900760,[국도7호선]푸른하늘주유소앞,국가교통정보센터(국도),128.653833,38.046503
10579,E900761,[국도7호선]하조대교차로,국가교통정보센터(국도),128.724612,38.012722
10580,E900762,[국도7호선]한치터널,국가교통정보센터(국도),129.1915,37.42337
10581,E905303,[국도82호선]광주남한산계곡,국가교통정보센터(국도),127.25293,37.463023
10582,E905304,[국도82호선]광주상번천리(2),국가교통정보센터(국도),127.2620124,37.4468401
10583,E905305,[국도82호선]안성용설교차로(2),국가교통정보센터(국도),127.4386334,37.0505833
10584,E905306,[국도82호선]파주탄현면오금리,국가교통정보센터(국도),126.7154611,37.83014444
10585,E900763,[국도82호선]화성구장1교북측,국가교통정보센터(국도),126.9132278,37.15615556
10586,E900764,[국도82호선]화성덕우교차로,국가교통정보센터(국도),126.8639138,37.1442222
10587,E900765,[국도82호선]화성도이교차로,국가교통정보센터(국도),126.93104,37.1339
10588,E900766,[국도82호선]화성양감교차로,국가교통정보센터(국도),126.92042,37.07649
10589,E900767,[국도82호선]화성율암교차로,국가교통정보센터(국도),126.8916861,37.1557527
10590,E900768,[국도82호선]화성하길교차로,국가교통정보센터(국도),126.924,37.08927
10591,E905307,[국도82호선]화성행정리,국가교통정보센터(국도),126.9303017,37.1272963
10592,E900769,[국도82호선]화성향남교차로(본선),국가교통정보센터(국도),126.927868,37.116135
10593,E905308,[국도87]철원금학삼거리,국가교통정보센터(국도),127.22744,38.192778
10594,E905309,[국도87]철원노동당사삼거리,국가교통정보센터(국도),127.201307,38.255701
10595,E905310,[국도87]철원대마사거리,국가교통정보센터(국도),127.173092,38.264873
10596,E905311,[국도87]철원사요리,국가교통정보센터(국도),127.185288,38.259358
10597,E905312,[국도87]철원월하삼거리,국가교통정보센터(국도),127.212676,38.248403
10598,E905313,[국도87]철원이평2리마을회관,국가교통정보센터(국도),127.222184,38.201422
10599,E905314,[국도87]철원철원성당교차로,국가교통정보센터(국도),127.21656,38.2108
10600,E905315,[국도87]철원화지교차로,국가교통정보센터(국도),127.210693,38.225016
10601,E905316,[국도87]철원화지삼거리북측,국가교통정보센터(국도),127.21299,38.234246
10602,E905317,[국도87호선]아노니스CC앞,국가교통정보센터(국도),127.187803,37.970361
10603,E905318,[국도87호선]철원용정초등학교,국가교통정보센터(국도),127.2425,38.160277
10604,E905319,[국도87호선]포천내촌육교(2),국가교통정보센터(국도),127.224085,37.785718
10605,E905320,[국도87호선]포천삼율교차로,국가교통정보센터(국도),127.21107,38.113525
10606,E905321,[국도87호선]포천신오가교차로,국가교통정보센터(국도),127.187004,38.021757
10607,E905322,[국도87호선]포천심곡리,국가교통정보센터(국도),127.187921,37.935659
10608,E905323,[국도87호선]포천영로대교,국가교통정보센터(국도),127.205471,38.06476
10609,E905324,[국도87호선]포천오가리,국가교통정보센터(국도),127.205258,38.043815
10610,E905325,[국도87호선]포천용정교차로,국가교통정보센터(국도),127.215431,37.875269
10611,E905326,[국도87호선]포천중리교차로,국가교통정보센터(국도),127.205696,38.102291
10612,E905327,[국도87호선]포천진목사거리,국가교통정보센터(국도),127.209991,37.810577
10613,E905328,[국도87호선]포천청성교차로,국가교통정보센터(국도),127.209099,37.88957
10614,E905329,[국도87호선]포천초과리,국가교통정보센터(국도),127.226875,38.143675
10615,E905330,[국도87호선]포천초과사거리,국가교통정보센터(국도),127.239974,38.15172
10616,E905331,[국도87호선]포천추동삼거리,국가교통정보센터(국도),127.178071,37.986669
10617,E905332,[국도87호선]포천포천TG입구,국가교통정보센터(국도),127.211569,37.883873
10618,E905333,[국도87호선]포천하심곡삼거리,국가교통정보센터(국도),127.187528,37.943476
10619,E905334,[국도87호선]포천한탄강생태경관단지,국가교통정보센터(국도),127.207057,38.08436
10620,E905335,[국도88]울진NH농협백암수련원,국가교통정보센터(국도),129.34117,36.725588
10621,E905336,[국도88]울진광품2교,국가교통정보센터(국도),129.390413,36.717737
10622,E905337,[국도88]울진광품교,국가교통정보센터(국도),129.40545,36.720206
10623,E905338,[국도88]울진금천터널서측,국가교통정보센터(국도),129.373966,36.719203
10624,E905339,[국도88]울진더티재,국가교통정보센터(국도),129.336102,36.740123
10625,E905340,[국도88]울진백일홍동산부근,국가교통정보센터(국도),129.363537,36.717851
10626,E905341,[국도88]울진삼달2리,국가교통정보센터(국도),129.417225,36.729472
10627,E905342,[국도88]울진소태1리녹정경로당부근,국가교통정보센터(국도),129.333257,36.73396
10628,E905343,[국도88]울진온정종합터미널,국가교통정보센터(국도),129.343742,36.721411
10629,E905344,[국도88]울진평해노인요양원,국가교통정보센터(국도),129.436773,36.721129
10630,E905345,[위임국도14]거제고촌방파제,국가교통정보센터(국도),128.656513,34.776462
10631,E905346,[위임국도14]거제구조라수변공원,국가교통정보센터(국도),128.699882,34.810007
10632,E905347,[위임국도14]거제구조라해수욕장,국가교통정보센터(국도),128.692616,34.808225
10633,E905348,[위임국도14]거제내출버스정류장,국가교통정보센터(국도),128.636889,34.764001
10634,E905349,[위임국도14]거제누우래재교차로,국가교통정보센터(국도),128.707054,34.818936
10635,E905350,[위임국도14]거제다포삼거리,국가교통정보센터(국도),128.623601,34.733419
10636,E905351,[위임국도14]거제대대버스정류장,국가교통정보센터(국도),128.63347,34.73567
10637,E905352,[위임국도14]거제망양버스정류장,국가교통정보센터(국도),128.675907,34.815114
10638,E905353,[위임국도14]거제망치항,국가교통정보센터(국도),128.665321,34.805663
10639,E905354,[위임국도14]거제선창마을입구,국가교통정보센터(국도),128.709987,34.825883
10640,E905355,[위임국도14]거제소노캄거제,국가교통정보센터(국도),128.702104,34.844393
10641,E905356,[위임국도14]거제썬트리팜리조트,국가교통정보센터(국도),128.639977,34.737841
10642,E905357,[위임국도14]거제양지버스정류장,국가교통정보센터(국도),128.671859,34.816527
10643,E905358,[위임국도14]거제양화방파제,국가교통정보센터(국도),128.66544,34.792063
10644,E905359,[위임국도14]거제오닐레스토랑버스정류장,국가교통정보센터(국도),128.681839,34.811762
10645,E905360,[위임국도14]거제와현해수욕장서측,국가교통정보센터(국도),128.70434,34.815241
10646,E905361,[위임국도14]거제일운주공아파트,국가교통정보센터(국도),128.698284,34.837283
10647,E905362,[위임국도14]거제저구사거리,국가교통정보센터(국도),128.614811,34.729688
10648,E905363,[위임국도14]거제지세포공원,국가교통정보센터(국도),128.70097,34.830697
10649,E905364,[위임국도14]거제팔색조번식지,국가교통정보센터(국도),128.666514,34.782222
10650,E905366,[위임국도14]거제학동교회,국가교통정보센터(국도),128.638168,34.772337
10651,E905367,[위임국도14]거제학동리동백나무숲입구,국가교통정보센터(국도),128.671373,34.7861
10652,E905368,[위임국도14]거제학동리동백나무숲출구,국가교통정보센터(국도),128.658114,34.781323
10653,E905365,[위임국도14]거제학동흑진주몽돌해수욕장,국가교통정보센터(국도),128.643346,34.77719
10654,E905369,[위임국도14]거제함목삼거리,국가교통정보센터(국도),128.650635,34.743285
10655,E905370,[위임국도14]거제해금강해안도로,국가교통정보센터(국도),128.666771,34.797719
10656,E905371,[위임국도14]거제해금강해안도로,국가교통정보센터(국도),128.649861,34.736143
10657,E905372,[위임국도14]거제해금강휴게실,국가교통정보센터(국도),128.645345,34.751538
10658,E905373,[위임국도14]경주문무대왕5터널하부1,국가교통정보센터(국도),129.406079,35.844708
10659,E905374,[위임국도14]경주문무대왕5터널하부2,국가교통정보센터(국도),129.404936,35.848829
10660,E905375,[위임국도14]경주문무대왕5터널하부3,국가교통정보센터(국도),129.408029,35.848632
10661,E905376,[위임국도14]경주문무대왕5터널하부4,국가교통정보센터(국도),129.407699,35.853008
10662,E905377,[위임국도14]경주문무대왕5터널하부5,국가교통정보센터(국도),129.405615,35.85628
10663,E905378,[위임국도14]경주용동교남측,국가교통정보센터(국도),129.41098,35.8308
10664,E905379,[위임국도14]경주호암3교,국가교통정보센터(국도),129.410439,35.841332
10665,E905380,[위임국도14]포항갈평교,국가교통정보센터(국도),129.402956,35.915349
10666,E905381,[위임국도14]포항갈평리마을회관,국가교통정보센터(국도),129.400581,35.922039
10667,E905382,[위임국도14]포항갈평정수장,국가교통정보센터(국도),129.402203,35.909676
10668,E905383,[위임국도14]포항갈평피정의집남측,국가교통정보센터(국도),129.401628,35.904493
10669,E905384,[위임국도14]포항문무대왕5터널하부6,국가교통정보센터(국도),129.40768,35.859586
10670,E905385,[위임국도14]포항문무대왕5터널하부7,국가교통정보센터(국도),129.404594,35.861857
10671,E905386,[위임국도14]포항문무대왕5터널하부8,국가교통정보센터(국도),129.403078,35.865616
10672,E905387,[위임국도14]포항보광사입구,국가교통정보센터(국도),129.40069,35.89248
10673,E905388,[위임국도14]포항서문사거리,국가교통정보센터(국도),129.413666,35.976415
10674,E905389,[위임국도14]포항신덕코아루아파트입구,국가교통정보센터(국도),129.410402,35.951781
10675,E905390,[위임국도14]포항오천1터널하부,국가교통정보센터(국도),129.401269,35.871263
10676,E905391,[위임국도14]포항오천교차로,국가교통정보센터(국도),129.409149,35.946034
10677,E905393,[위임국도14]포항오천농협사거리,국가교통정보센터(국도),129.413219,35.961513
10678,E905392,[위임국도14]포항오천농협영농자재창고앞,국가교통정보센터(국도),129.4014,35.928242
10679,E905394,[위임국도14]포항오천지구대사거리,국가교통정보센터(국도),129.415928,35.966785
10680,E905395,[위임국도14]포항용산2리마을회관동측,국가교통정보센터(국도),129.403151,35.942744
10681,E905396,[위임국도14]포항용산보건진료소남측,국가교통정보센터(국도),129.403789,35.935544
10682,E905397,[위임국도14]포항진전1교,국가교통정보센터(국도),129.400561,35.874836
10683,E905398,[위임국도14]포항진전2교남측,국가교통정보센터(국도),129.398,35.8883
10684,E905399,[위임국도14]포항진전교,국가교통정보센터(국도),129.40099,35.88286
10685,E905400,[위임국도14]포항진전저수지,국가교통정보센터(국도),129.403122,35.897035
10686,E905401,[위임국도14]포항진전저수지,국가교통정보센터(국도),129.404427,35.8985023
10687,E905402,[위임국도24]밀양가산마을,국가교통정보센터(국도),128.700546,35.53259
10688,E905403,[위임국도24]밀양덕곡육교,국가교통정보센터(국도),128.724505,35.515308
10689,E905404,[위임국도24]밀양오연교,국가교통정보센터(국도),128.653144,35.540116
10690,E905405,[위임국도24]밀양전곡저수지,국가교통정보센터(국도),128.683879,35.532093
10691,E905407,[위임국도24]밀양정동지,국가교통정보센터(국도),128.689186,35.528766
10692,E905406,[위임국도24]밀양정동지서측,국가교통정보센터(국도),128.684337,35.526105
10693,E905408,[위임국도24]밀양천왕재인접,국가교통정보센터(국도),128.59742,35.57047
10694,E905409,[위임국도24]밀양천왕재인접2,국가교통정보센터(국도),128.586667,35.570833
10695,E905410,[위임국도24]밀양청도삼거리,국가교통정보센터(국도),128.633135,35.546454
10696,E905411,[위임국도24]밀양춘화삼거리,국가교통정보센터(국도),128.7188,35.52684
10697,E905412,[위임국도24]밀양팔방못,국가교통정보센터(국도),128.671566,35.540998
10698,E905413,[위임국도24]함양죽림리2,국가교통정보센터(국도),127.668497,35.477167
10699,E905414,[위임국도24]함양팔령재인접,국가교통정보센터(국도),127.64841,35.470602
10700,E905415,[위임국도24]함양팔령재인접2,국가교통정보센터(국도),127.6575,35.472778
10701,E905416,[위임국도25]상주계림,국가교통정보센터(국도),127.981816,36.445082
10702,E905417,[위임국도25]상주낙서리삼거리,국가교통정보센터(국도),128.031578,36.397382
10703,E905418,[위임국도25]상주낙서초교북측,국가교통정보센터(국도),128.021043,36.408821
10704,E905419,[위임국도25]상주내서삼거리,국가교통정보센터(국도),128.069527,36.412228
10705,E905420,[위임국도25]상주능암버스정류장,국가교통정보센터(국도),128.093165,36.40693
10706,E905421,[위임국도25]상주묵림방,국가교통정보센터(국도),128.017427,36.43607
10707,E905422,[위임국도25]상주문장대마트,국가교통정보센터(국도),127.996593,36.443442
10708,E905423,[위임국도25]상주범원고개버스정류장,국가교통정보센터(국도),128.020179,36.430767
10709,E905424,[위임국도25]상주비록골,국가교통정보센터(국도),128.053943,36.403737
10710,E905425,[위임국도25]상주상용2리버스정류장,국가교통정보센터(국도),127.92486,36.44889
10711,E905426,[위임국도25]상주상주제일병원,국가교통정보센터(국도),128.005463,36.437058
10712,E905427,[위임국도25]상주서원2리골티버스정류장,국가교통정보센터(국도),128.016983,36.41925
10713,E905428,[위임국도25]상주신봉2리버스정류장,국가교통정보센터(국도),127.966824,36.444409
10714,E905429,[위임국도25]상주신촌2리버스정류장,국가교통정보센터(국도),128.079135,36.410918
10715,E905430,[위임국도25]상주신촌버스터미널,국가교통정보센터(국도),128.059169,36.411713
10716,E905431,[위임국도25]상주올품배합사료공장,국가교통정보센터(국도),127.934824,36.445917
10717,E905432,[위임국도25]상주웃목골,국가교통정보센터(국도),128.020224,36.427273
10718,E905433,[위임국도25]상주웰마트,국가교통정보센터(국도),127.948254,36.443055
10719,E905434,[위임국도25]상주평온2리마을회관,국가교통정보센터(국도),127.884673,36.446902
10720,E905435,[위임국도25]상주평지2리버스정류장,국가교통정보센터(국도),128.047079,36.397125
10721,E905436,[위임국도25]상주한국도로공사화서영업소,국가교통정보센터(국도),127.95761,36.44566
10722,E905437,[위임국도25]상주화남면행정복지센터,국가교통정보센터(국도),127.909211,36.447768
10723,E905438,[위임국도25]상주화령정,국가교통정보센터(국도),127.972103,36.446136
10724,E905439,[위임국도25]상주화서농공단지버스정류장,국가교통정보센터(국도),127.940746,36.443633
10725,E905440,[위임국도28]군위매성1리마을,국가교통정보센터(국도),128.7504,36.148014
10726,E905441,[위임국도28]군위백양삼거리,국가교통정보센터(국도),128.6666,36.191623
10727,E905442,[위임국도28]군위보골교,국가교통정보센터(국도),128.672126,36.201592
10728,E905443,[위임국도28]군위수서2리마을,국가교통정보센터(국도),128.697221,36.173236
10729,E905444,[위임국도28]군위연계1리새마을,국가교통정보센터(국도),128.749365,36.161184
10730,E905445,[위임국도28]군위의홍향교,국가교통정보센터(국도),128.719534,36.172808
10731,E905446,[위임국도28]군위이화3리마을,국가교통정보센터(국도),128.677939,36.182738
10732,E905447,[위임국도28]군위파전교,국가교통정보센터(국도),128.738152,36.172791
10733,E905448,[위임국도28]군위학성교회,국가교통정보센터(국도),128.751609,36.130497
10734,E905449,[위임국도28]군위화수2리마을회관근처,국가교통정보센터(국도),128.751111,36.11
10735,E905450,[위임국도28]군위화수리,국가교통정보센터(국도),128.7566,36.1198
10736,E905451,[위임국도28]영천김현교차로,국가교통정보센터(국도),128.7576,36.0778
10737,E905452,[위임국도28]영천당곡교차로,국가교통정보센터(국도),128.8701,36.0218
10738,E905453,[위임국도28]영천대안1교,국가교통정보센터(국도),128.8242,36.0379
10739,E905454,[위임국도28]영천덕산교,국가교통정보센터(국도),128.8493,36.0328
10740,E905455,[위임국도28]영천삼부천교,국가교통정보센터(국도),128.8963,35.9989
10741,E905456,[위임국도28]영천쉴터휴게소,국가교통정보센터(국도),128.745,36.0945
10742,E905457,[위임국도28]영천신녕교,국가교통정보센터(국도),128.786,36.0538
10743,E905458,[위임국도28]영천신덕교(신녕IC),국가교통정보센터(국도),128.8035,36.0378
10744,E905459,[위임국도28]영천화남교,국가교통정보센터(국도),128.7752,36.063
10745,E905460,[위임국도28]영천화서교차로,국가교통정보센터(국도),128.7489,36.0872
10746,E905461,[위임국도28]의성골안못저수지,국가교통정보센터(국도),128.685232,36.338404
10747,E905462,[위임국도28]의성오로교,국가교통정보센터(국도),128.701511,36.332092
10748,E905463,[위임국도31]봉화봉화터널서측,국가교통정보센터(국도),129.082778,36.838333
10749,E905464,[위임국도31]봉화봉화터널인접2,국가교통정보센터(국도),129.073611,36.838333
10750,E905465,[위임국도31]영양영양터널인접,국가교통정보센터(국도),129.111944,36.824167
10751,E905466,[위임국도58]밀양구위량지,국가교통정보센터(국도),128.718792,35.544783
10752,E905467,[위임국도58]밀양사포공단입구,국가교통정보센터(국도),128.744457,35.471904
10753,E905468,[위임국도58]밀양신영목공소,국가교통정보센터(국도),128.720086,35.508962
10754,E905469,[위임국도59]문경벌재생태터널(하행),국가교통정보센터(국도),128.318333,36.796389
10755,E905470,[위임국도59]산청상촌교차로북측,국가교통정보센터(국도),127.84794,35.368489
10756,E905471,[위임국도59]산청지리산터널,국가교통정보센터(국도),127.84394,35.40382
10757,E905472,[위임국도59]성주기다림펜숀근처,국가교통정보센터(국도),128.171389,35.819444
10758,E905473,[위임국도59]하동화력사택앞교차로,국가교통정보센터(국도),127.797224,34.982499
10759,E905474,[위임국도79]창녕덕곡삼거리남측,국가교통정보센터(국도),128.561596,35.44313
10760,E905475,[위임국도79]창녕서리농공단지,국가교통정보센터(국도),128.518626,35.459375
10761,E905476,[위임국도79]창녕연지소류지,국가교통정보센터(국도),128.52693,35.45436
10762,E905477,[위임국도79]창녕영산IC사거리남측,국가교통정보센터(국도),128.531966,35.448221
10763,E905478,[위임국도79]창녕영산고분군인근,국가교통정보센터(국도),128.535663,35.446119
10764,E905479,[위임국도79]창녕영산배수지입구,국가교통정보센터(국도),128.546998,35.444555
10765,E905480,[위임국도79]창녕온정마을,국가교통정보센터(국도),128.609193,35.424722
10766,E905481,[위임국도79]창녕온천사거리남측,국가교통정보센터(국도),128.595366,35.435459
10767,E905482,[위임국도79]창녕온천사거리북측,국가교통정보센터(국도),128.589102,35.436769
10768,E905483,[위임국도79]창녕원앙삼거리,국가교통정보센터(국도),128.573553,35.442709
10769,E905484,[위임국도79]창녕유어삼거리,국가교통정보센터(국도),128.422934,35.506203
10770,E905485,[위임국도79]창녕임해진삼거리북측,국가교통정보센터(국도),128.60277,35.39992
10771,E905486,[위임국도79]창녕진창마을,국가교통정보센터(국도),128.428401,35.500352
10772,E905487,[위임국도79]창녕차실마을북측,국가교통정보센터(국도),128.609515,35.419151
10773,E905488,[위임국도79]창녕청암마을북측,국가교통정보센터(국도),128.609651,35.409896
10774,E905489,[위임국도79]창원대현교차로,국가교통정보센터(국도),128.478318,35.153564
10775,E905490,[위임국도79]창원북창원IC부근,국가교통정보센터(국도),128.609579,35.290668
10776,E905491,[위임국도79]창원추곡1교,국가교통정보센터(국도),128.477612,35.153184
10777,E905492,[위임국도79]함안가야초등학교,국가교통정보센터(국도),128.401451,35.277319
10778,E905493,[위임국도79]함안강명1교,국가교통정보센터(국도),128.450511,35.20204
10779,E905494,[위임국도79]함안검암교차로,국가교통정보센터(국도),128.41989,35.273632
10780,E905495,[위임국도79]함안관동교,국가교통정보센터(국도),128.39685,35.27394
10781,E905496,[위임국도79]함안광복교차로,국가교통정보센터(국도),128.418748,35.28128
10782,E905497,[위임국도79]함안괴산교차로,국가교통정보센터(국도),128.42378,35.257266
10783,E905498,[위임국도79]함안내곡교차로,국가교통정보센터(국도),128.450705,35.201566
10784,E905499,[위임국도79]함안봉성교,국가교통정보센터(국도),128.425455,35.229044
10785,E905500,[위임국도79]함안사도사거리,국가교통정보센터(국도),128.312436,35.284816
10786,E905501,[위임국도79]함안월촌교,국가교통정보센터(국도),128.301782,35.289098
10787,E905502,[위임국도79]함안정암삼거리,국가교통정보센터(국도),128.295801,35.301115
10788,E905503,[위임국도79]함안정자사거리서측,국가교통정보센터(국도),128.418748,35.28128
10789,E905504,[위임국도88]영양금강소나무생태림서측,국가교통정보센터(국도),129.2525,36.76278
10790,E905505,[위임국도88]영양옥녀당800M지점,국가교통정보센터(국도),129.286944,36.761944
10791,E905506,[위임국도88]영양유정사근처,국가교통정보센터(국도),129.269444,36.765556
10792,E905507,[위임국도88]울진선구리1,국가교통정보센터(국도),129.32417,36.754444
10793,E905508,귀산IC,국가교통정보센터(국도),128.615012,35.1702
10794,E905509,영업소,국가교통정보센터(국도),128.6084891,35.1673893
10795,E905510,주탑내항,국가교통정보센터(국도),128.594715,35.163353
10796,E620034,공주시(국재교),금강홍수통제소,127.0430556,36.48222222
10797,E620032,공주시(금강교),금강홍수통제소,127.1247222,36.46722222
10798,E620033,공주시(오인교),금강홍수통제소,127.1269444,36.5275
10799,E620020,금산군(문암교),금강홍수통제소,127.3777778,36.225
10800,E620019,금산군(제원교),금강홍수통제소,127.5527778,36.11166667
10801,E620040,금산군(제원대교),금강홍수통제소,127.5672222,36.11111111
10802,E620037,논산시(논산대교),금강홍수통제소,127.0802778,36.20972222
10803,E620010,논산시(동성교),금강홍수통제소,127.0066667,36.21
10804,E620009,논산시(인천교),금강홍수통제소,127.2358333,36.13694444
10805,E620038,논산시(풋개다리),금강홍수통제소,127.13,36.23361111
10806,E620036,논산시(황산대교),금강홍수통제소,127.0072222,36.15388889
10807,E620005,당진시(채운교),금강홍수통제소,126.6144444,36.905
10808,E620044,대전시(가수원교),금강홍수통제소,127.3588889,36.30666667
10809,E620024,대전시(만년교),금강홍수통제소,127.3497222,36.35166667
10810,E620021,대전시(복수교),금강홍수통제소,127.3844444,36.29916667
10811,E620025,대전시(원촌교),금강홍수통제소,127.41,36.37833333
10812,E620022,대전시(인창교),금강홍수통제소,127.4344444,36.32361111
10813,E620023,대전시(철갑교),금강홍수통제소,127.4380556,36.335
10814,E620042,대전시(한밭대교),금강홍수통제소,127.4030556,36.35694444
10815,E620003,무주군(취수장),금강홍수통제소,127.6738889,36.00888889
10816,E620002,보령시(노천교),금강홍수통제소,126.5938889,36.23111111
10817,E620004,보령시(동대교),금강홍수통제소,126.5986111,36.34666667
10818,E620016,보은군(이평교),금강홍수통제소,127.7225,36.48944444
10819,E620012,부여군(백제교),금강홍수통제소,126.8916667,36.27583333
10820,E620011,부여군(석동교),금강홍수통제소,126.8841667,36.2475
10821,E620013,부여군(지천교),금강홍수통제소,126.8588889,36.32611111
10822,E620031,세종시(도암교),금강홍수통제소,127.285,36.44666667
10823,E620043,세종시(햇무리교),금강홍수통제소,127.2991667,36.49916667
10824,E620006,아산시(강청교),금강홍수통제소,126.9336111,36.82166667
10825,E620007,아산시(충무교),금강홍수통제소,127.0083333,36.79777778
10826,E620039,아산시(한내다리),금강홍수통제소,127.0538889,36.79027778
10827,E620015,영동군(양강교),금강홍수통제소,127.7077778,36.21194444
10828,E620014,영동군(초강교),금강홍수통제소,127.7158333,36.21111111
10829,E620008,예산군(구만교),금강홍수통제소,126.7544444,36.73611111
10830,E620041,예산군(서계양교),금강홍수통제소,126.86,36.60638889
10831,E620045,예산군(예산대교),금강홍수통제소,126.8208333,36.68416667
10832,E620017,옥천군(산계교),금강홍수통제소,127.7580556,36.31722222
10833,E620018,옥천군(옥각교),금강홍수통제소,127.555,36.3175
10834,E620001,장수군(운곡교),금강홍수통제소,127.5308333,35.72138889
10835,E620027,증평군(반탄교),금강홍수통제소,127.5722222,36.78388889
10836,E620026,진천군(신정교),금강홍수통제소,127.4622222,36.855
10837,E620035,청주시(미호강교),금강홍수통제소,127.3505556,36.62305556
10838,E620028,청주시(팔결교),금강홍수통제소,127.4755556,36.71416667
10839,E620030,청주시(환희교),금강홍수통제소,127.3616667,36.67444444
10840,E620029,청주시(흥덕교),금강홍수통제소,127.4813889,36.64666667
10841,L260008,경원교,김해교통정보센터,128.8715148,35.239014
10842,L260047,구산6거리,김해교통정보센터,128.8734021,35.248942
10843,L260014,김해교,김해교통정보센터,128.928146,35.2215438
10844,L260034,김해외고사거리,김해교통정보센터,128.80614,35.171993
10845,L260043,나밭고개사거리,김해교통정보센터,128.86889,35.291887
10846,L260027,늘열린약국,김해교통정보센터,128.904895,35.235773
10847,L260061,능동삼거리,김해교통정보센터,128.7934499,35.1950939
10848,L260019,대법륜사1,김해교통정보센터,128.849237,35.225335
10849,L260020,대법륜사2,김해교통정보센터,128.849224,35.225173
10850,L260029,대우유토피아후문,김해교통정보센터,128.9041286,35.2423141
10851,L260060,대청1교,김해교통정보센터,128.796634,35.1884509
10852,L260059,덕정공원사거리,김해교통정보센터,128.799668,35.179718
10853,L260012,동김해IC,김해교통정보센터,128.9058521,35.2281928
10854,L260058,롯데아울렛남측교차로,김해교통정보센터,128.8378106,35.1801677
10855,L260052,롯데캐슬1단지사거리,김해교통정보센터,128.884861,35.240765
10856,L260004,명동삼거리,김해교통정보센터,128.808793,35.293664
10857,L260001,본산입구삼거리,김해교통정보센터,128.746702,35.307474
10858,L260009,봉황교사거리,김해교통정보센터,128.8719841,35.2316424
10859,L260025,봉황교사거리,김해교통정보센터,128.8719841,35.2316424
10860,L260055,부영7차삼거리,김해교통정보센터,128.8038127,35.2088093
10861,L260003,빙그레삼거리,김해교통정보센터,128.779333,35.294389
10862,L260032,산본1교차로,김해교통정보센터,128.767745,35.228313
10863,L260006,삼계사거리1,김해교통정보센터,128.860472,35.270272
10864,L260005,삼계사거리2,김해교통정보센터,128.86034,35.269654
10865,L260050,삼계위너스타운,김해교통정보센터,128.8718286,35.2605772
10866,L260018,서김해IC,김해교통정보센터,128.8462528,35.2142775
10867,L260021,서김해IC2,김해교통정보센터,128.84605,35.214237
10868,L260040,선천교차로,김해교통정보센터,128.839566,35.236412
10869,L260030,설창오거리,김해교통정보센터,128.763591,35.296058
10870,L260002,설창오거리,김해교통정보센터,128.763591,35.296058
10871,L260051,신명초등학교,김해교통정보센터,128.865163,35.270086
10872,L260033,신한SK충전소,김해교통정보센터,128.785918,35.177929
10873,L260007,연지2교,김해교통정보센터,128.8681796,35.2488343
10874,L260016,외동사거리,김해교통정보센터,128.8522719,35.2323963
10875,L260017,외동사거리2,김해교통정보센터,128.851815,35.232355
10876,L260035,율하IC사거리,김해교통정보센터,128.8210804,35.1666285
10877,L260039,율하IC사거리1,김해교통정보센터,128.82119,35.166453
10878,L260056,장유1동,김해교통정보센터,128.8124859,35.2006144
10879,L260057,장유신문마을,김해교통정보센터,128.8221207,35.1871384
10880,L260010,전하교,김해교통정보센터,128.8744693,35.2255553
10881,L260038,제니스교차로,김해교통정보센터,128.837743,35.234617
10882,L260037,주촌교차로1,김해교통정보센터,128.834487,35.237096
10883,L260036,주촌교차로2,김해교통정보센터,128.833669,35.237223
10884,L260013,지내공단사거리,김해교통정보센터,128.920974,35.229468
10885,L260031,진례IC,김해교통정보센터,128.758009,35.270652
10886,L260022,해안셀프주유소,김해교통정보센터,128.8387804,35.204474
10887,L260011,호계로사거리,김해교통정보센터,128.8852632,35.2267486
10888,L260026,활천삼거리,김해교통정보센터,128.8897005,35.2346951
10889,E610019,거창군(남하교)(저해상도),낙동강홍수통제소,127.940277777777,35.6716666666666
10890,E610025,경산시(압량교)(저해상도),낙동강홍수통제소,128.766388888888,35.8522222222222
10891,E610060,경주시(강동대교)(저해상도),낙동강홍수통제소,129.263611111111,35.9811111111111
10892,E610029,경주시(달성교)(저해상도),낙동강홍수통제소,129.238333333333,36.0519444444444
10893,E610053,경주시(서천교)(저해상도),낙동강홍수통제소,129.201388888888,35.8380555555555
10894,E610017,고령군(고령교)(저해상도),낙동강홍수통제소,128.386944444444,35.7527777777777
10895,E610034,고령군(귀원교)(저해상도),낙동강홍수통제소,128.239166666666,35.6758333333333
10896,E610050,고령군(도진교)(저해상도),낙동강홍수통제소,128.337777777777,35.6791666666666
10897,E610022,고령군(회천교)(저해상도),낙동강홍수통제소,128.277777777777,35.7291666666666
10898,E610004,구미시(구미대교)(저해상도),낙동강홍수통제소,128.396666666666,36.1108333333333
10899,E610051,구미시(선주교)(저해상도),낙동강홍수통제소,128.308888888888,36.2280555555555
10900,E610044,구미시(양포교)(저해상도),낙동강홍수통제소,128.428888888888,36.1361111111111
10901,E610066,군위군(무성리)(저해상도),낙동강홍수통제소,128.564166666666,36.1938888888888
10902,E610005,김천시(김천교)(저해상도),낙동강홍수통제소,128.130555555555,36.1191666666666
10903,E610020,김해시(정천교)(저해상도),낙동강홍수통제소,128.833611111111,35.2055555555555
10904,E610054,대구시(강창교)(저해상도),낙동강홍수통제소,128.471666666666,35.8533333333333
10905,E610062,대구시(사문진교)(저해상도),낙동강홍수통제소,128.474166666666,35.8122222222222
10906,E610047,대구시(성북교)(저해상도),낙동강홍수통제소,128.593055555555,35.8930555555555
10907,E610008,대구시(성하리)(저해상도),낙동강홍수통제소,128.434166666666,35.7027777777777
10908,E610014,대구시(신암동)(저해상도),낙동강홍수통제소,128.634444444444,35.8916666666666
10909,E610003,문경시(김용리)(저해상도),낙동강홍수통제소,128.216666666666,36.5891666666666
10910,E610026,밀양시(금곡리)(저해상도),낙동강홍수통제소,128.839166666666,35.5088888888888
10911,E610007,밀양시(삼랑진교)(저해상도),낙동강홍수통제소,128.821666666666,35.3827777777777
10912,E610052,밀양시(용평동)(저해상도),낙동강홍수통제소,128.779166666666,35.4941666666666
10913,E610039,봉화군(봉화대교)(저해상도),낙동강홍수통제소,128.731944444444,36.8875
10914,E610040,봉화군(분천교)(저해상도),낙동강홍수통제소,129.056666666666,36.9302777777777
10915,E610049,부산시(구포대교)(저해상도),낙동강홍수통제소,128.993333333333,35.2036111111111
10916,E610028,부산시(원동교)(저해상도),낙동강홍수통제소,129.114166666666,35.1938888888888
10917,E610015,산청군(경호교)(저해상도),낙동강홍수통제소,127.874444444444,35.4180555555555
10918,E610046,상주시(이안교)(저해상도),낙동강홍수통제소,128.158888888888,36.5438888888888
10919,E610030,상주시(화계교)(저해상도),낙동강홍수통제소,128.183055555555,36.4186111111111
10920,E610033,상주시(후천교)(저해상도),낙동강홍수통제소,128.158611111111,36.4280555555555
10921,E610036,안동시(묵계교)(저해상도),낙동강홍수통제소,128.910833333333,36.4316666666666
10922,E610041,안동시(운산리)(저해상도),낙동강홍수통제소,128.66,36.4794444444444
10923,E610021,양산시(양산교)(저해상도),낙동강홍수통제소,129.036111111111,35.3575
10924,E610013,양산시(효충교)(저해상도),낙동강홍수통제소,129.046944444444,35.3805555555555
10925,E610072,영덕군(영덕대교)(저해상도),낙동강홍수통제소,129.373333333333,36.4025
10926,E610037,영양군(청암교)(저해상도),낙동강홍수통제소,129.085555555555,36.5972222222222
10927,E610065,영주시(월호교)(저해상도),낙동강홍수통제소,128.621111111111,36.7630555555555
10928,E610016,영천시(금창교)(저해상도),낙동강홍수통제소,128.875555555555,35.9305555555555
10929,E610042,영천시(단포교)(저해상도),낙동강홍수통제소,128.968333333333,35.9786111111111
10930,E610043,영천시(영동교)(저해상도),낙동강홍수통제소,128.938333333333,35.9688888888888
10931,E610069,예천군(구담교)(저해상도),낙동강홍수통제소,128.463055555555,36.5394444444444
10932,E610068,예천군(산양교)(저해상도),낙동강홍수통제소,128.260833333333,36.6113888888888
10933,E610001,예천군(상풍교)(저해상도),낙동강홍수통제소,128.268611111111,36.4986111111111
10934,E610048,예천군(신예천교)(저해상도),낙동강홍수통제소,128.448611111111,36.6502777777777
10935,E610064,예천군(회룡교)(저해상도),낙동강홍수통제소,128.319444444444,36.5861111111111
10936,E610023,울산시(덕신교)(저해상도),낙동강홍수통제소,129.304166666666,35.4341666666666
10937,E610059,울산시(병영교)(저해상도),낙동강홍수통제소,129.351944444444,35.5766666666666
10938,E610061,울산시(사연교)(저해상도),낙동강홍수통제소,129.204444444444,35.5722222222222
10939,E610057,울산시(삼호교)(저해상도),낙동강홍수통제소,129.275277777777,35.5538888888888
10940,E610058,울산시(태화교)(저해상도),낙동강홍수통제소,129.309166666666,35.5525
10941,E610070,울진군(수산교)(저해상도),낙동강홍수통제소,129.398055555555,36.9658333333333
10942,E610071,울진군(월변교)(저해상도),낙동강홍수통제소,129.402222222222,36.9897222222222
10943,E610045,의령군(공단교)(저해상도),낙동강홍수통제소,128.268611111111,35.3172222222222
10944,E610010,의령군(정암교)(저해상도),낙동강홍수통제소,128.295277777777,35.3133333333333
10945,E610002,의성군(낙단교)(저해상도),낙동강홍수통제소,128.301111111111,36.3575
10946,E610032,의성군(덕은교)(저해상도),낙동강홍수통제소,128.608888888888,36.29
10947,E610063,의성군(비안교)(저해상도),낙동강홍수통제소,128.488333333333,36.3352777777777
10948,E610018,의성군(장송교)(저해상도),낙동강홍수통제소,128.520555555555,36.3280555555555
10949,E610038,진주시(옥산교)(저해상도),낙동강홍수통제소,128.156388888888,35.1633333333333
10950,E610012,창원시(수산대교)(저해상도),낙동강홍수통제소,128.714166666666,35.3655555555555
10951,E610073,청도군(매전교)(저해상도),낙동강홍수통제소,128.886440159744,35.6705037486166
10952,E610024,청도군(원리)(저해상도),낙동강홍수통제소,128.762777777777,35.6197222222222
10953,E610006,칠곡군(호국의다리)(저해상도),낙동강홍수통제소,128.394166666666,36.0002777777777
10954,E610031,태백시(문화교)(저해상도),낙동강홍수통제소,129.017222222222,37.0958333333333
10955,E610067,포항시(문덕3교)(저해상도),낙동강홍수통제소,129.406388888888,35.9516666666666
10956,E610055,포항시(형산교)(저해상도),낙동강홍수통제소,129.371944444444,36.0116666666666
10957,E610009,함안군(계내리)(저해상도),낙동강홍수통제소,128.483611111111,35.3833333333333
10958,E610027,함안군(서촌리)(저해상도),낙동강홍수통제소,128.400555555555,35.3316666666666
10959,E610035,함양군(안의교)(저해상도),낙동강홍수통제소,127.813333333333,35.6291666666666
10960,E610074,함양군(화촌리)(저해상도),낙동강홍수통제소,127.790948322905,35.4646600997422
10961,E610011,합천군(적포교)(저해상도),낙동강홍수통제소,128.359166666666,35.5275
10962,E610056,합천군(황강교)(저해상도),낙동강홍수통제소,128.292777777777,35.5719444444444
10963,L180001,KCC스위첸APT후문-1(웹),남양주교통정보센터,127.114649,37.654943
10964,L180002,KCC스위첸APT후문-2(웹),남양주교통정보센터,127.1149331,37.6545423
10965,L180003,e편한세상1차사거리,남양주교통정보센터,127.157323,37.620676
10966,L180004,e편한세상1차사거리(웹),남양주교통정보센터,127.157323,37.620676
10967,L180005,가운고등학교(웹),남양주교통정보센터,127.162084,37.598808
10968,L180006,가운공원(웹),남양주교통정보센터,127.184,37.60138
10969,L180007,가운사거리,남양주교통정보센터,127.1730821,37.5948356
10970,L180008,가운지구입구3(웹),남양주교통정보센터,127.1583043,37.6062629
10971,L180009,검문소사거리-1(웹),남양주교통정보센터,127.129699,37.64227
10972,L180010,검문소사거리-2(웹),남양주교통정보센터,127.129926,37.642401
10973,L180011,검문소사거리-3(웹),남양주교통정보센터,127.1299511,37.6421118
10974,L180012,경복대학교정문(웹),남양주교통정보센터,127.2123127,37.7339048
10975,L180013,경성큰마을2차앞(웹),남양주교통정보센터,127.2711094,37.65338862
10976,L180014,광전IC,남양주교통정보센터,127.131222,37.691054
10977,L180015,궁의교,남양주교통정보센터,127.1871466,37.7081508
10978,L180016,극동아파트입구,남양주교통정보센터,127.1968726,37.7039675
10979,L180017,금곡4,남양주교통정보센터,127.2076881,37.6331886
10980,L180018,금곡명지아파트(웹),남양주교통정보센터,127.2002315,37.6254575
10981,L180019,금곡역삼거리,남양주교통정보센터,127.2024,37.6327
10982,L180020,금남2리,남양주교통정보센터,127.342121,37.611994
10983,L180021,금남교차로,남양주교통정보센터,127.3672498,37.6503336
10984,L180022,나눔병원앞삼거리,남양주교통정보센터,127.202673,37.6981
10985,L180023,남양주사업단,남양주교통정보센터,127.1317822,37.6637046
10986,L180024,남양주사업단(웹),남양주교통정보센터,127.1317822,37.6637046
10987,L180025,남양주체육관앞,남양주교통정보센터,127.17436303,37.60561511
10988,L180026,내각4,남양주교통정보센터,127.167762,37.704163
10989,L180027,내각4,남양주교통정보센터,127.167762,37.704163
10990,L180028,내각대교(웹),남양주교통정보센터,127.1702962,37.7039206
10991,L180029,내각리입구교차로,남양주교통정보센터,127.1618655,37.6984125
10992,L180030,내곡교차로(웹),남양주교통정보센터,127.1629,37.692
10993,L180031,내곡리가압장,남양주교통정보센터,127.15496507,37.67760264
10994,L180032,내곡리입구(웹),남양주교통정보센터,127.1608475,37.6848663
10995,L180033,너구내입구3,남양주교통정보센터,127.3018448,37.6718665
10996,L180034,넉바위사거리근처,남양주교통정보센터,127.1337566,37.6742296
10997,L180035,넉바위사거리근처-1(웹),남양주교통정보센터,127.1338285,37.6743891
10998,L180036,넉바위사거리근처-2(웹),남양주교통정보센터,127.134086,37.6743807
10999,L180037,능골입구,남양주교통정보센터,127.1852,37.6928
11000,L180038,다산반도유보라사거리(웹),남양주교통정보센터,127.1555902,37.6285192
11001,L180039,다산성곽앞,남양주교통정보센터,127.260204,37.536705
11002,L180040,다산유승한내들골든뷰,남양주교통정보센터,127.1468113,37.6228779
11003,L180041,다산유승한내들샌트럴,남양주교통정보센터,127.1517965,37.6218516
11004,L180042,다산유적지입구교차로(웹),남양주교통정보센터,127.299115,37.526217
11005,L180043,다산자이아이비플레이스4,남양주교통정보센터,127.152959,37.6298626
11006,L180044,다산자이아이비플레이스4(웹),남양주교통정보센터,127.152959,37.6298626
11007,L180045,다산지금경기행복주택4,남양주교통정보센터,127.166248,37.6199791
11008,L180046,다산지금경기행복주택4(웹),남양주교통정보센터,127.166248,37.6199791
11009,L180047,다산한양수자인2차,남양주교통정보센터,127.1481001,37.6199163
11010,L180048,다산현대힐스테이트정문,남양주교통정보센터,127.1575408,37.6220622
11011,L180049,다산현대힐스테이트후문,남양주교통정보센터,127.1557561,37.6244952
11012,L180050,대원칸타빌APT,남양주교통정보센터,127.1227281,37.6619043
11013,L180051,대원칸타빌APT(웹),남양주교통정보센터,127.1227281,37.6619043
11014,L180052,덕소2교사거리(웹),남양주교통정보센터,127.2135,37.5821
11015,L180053,덕소삼패IC교차로,남양주교통정보센터,127.2143,37.5928
11016,L180054,도농동센트레빌아파트앞,남양주교통정보센터,127.1517,37.6082
11017,L180055,도농사거리,남양주교통정보센터,127.1548539,37.6049153
11018,L180056,도농삼거리,남양주교통정보센터,127.17206647,37.61274694
11019,L180057,도농삼거리(웹),남양주교통정보센터,127.1729202,37.6132196
11020,L180058,도농역,남양주교통정보센터,127.162,37.6081
11021,L180059,도심역앞,남양주교통정보센터,127.2212788,37.5798003
11022,L180060,독정리입구,남양주교통정보센터,127.2004554,37.6724972
11023,L180061,동남마트앞,남양주교통정보센터,127.3032,37.6799
11024,L180062,동막골입구,남양주교통정보센터,127.2335881,37.5613957
11025,L180063,동신월IC,남양주교통정보센터,127.1713379,37.6761935
11026,L180064,동신월IC(웹),남양주교통정보센터,127.1713379,37.6761935
11027,L180065,동연평교차로,남양주교통정보센터,127.1752003,37.6947203
11028,L180066,라온아파트단지내사거리,남양주교통정보센터,127.2958879,37.6505722
11029,L180067,라온아파트대로변,남양주교통정보센터,127.2967484,37.6530433
11030,L180068,로데오사거리(웹),남양주교통정보센터,127.1227564,37.6481023
11031,L180069,록원교회(웹),남양주교통정보센터,127.1292395,37.6560774
11032,L180070,마석사거리(웹),남양주교통정보센터,127.3061647,37.6508175
11033,L180071,마석윗3,남양주교통정보센터,127.3159624,37.6521466
11034,L180072,마치교,남양주교통정보센터,127.290827,37.656203
11035,L180073,마치교(웹),남양주교통정보센터,127.290827,37.656203
11036,L180074,먹골사거리,남양주교통정보센터,127.1745566,37.6492646
11037,L180075,메디피아(웹),남양주교통정보센터,127.2586387,37.6550503
11038,L180076,모아미래도APT-1(웹),남양주교통정보센터,127.1266491,37.6634563
11039,L180077,모아미래도APT-2(웹),남양주교통정보센터,127.1265955,37.663261
11040,L180078,묵현교차로,남양주교통정보센터,127.2908278,37.6598799
11041,L180079,미금농협왕숙천(웹),남양주교통정보센터,127.1518929,37.609965
11042,L180080,미리내마을4-4단지(웹),남양주교통정보센터,127.116735,37.6438516
11043,L180081,미음나루입구앞,남양주교통정보센터,127.1664551,37.5843209
11044,L180082,배양교차로,남양주교통정보센터,127.1652745,37.6357342
11045,L180083,뱅이고개,남양주교통정보센터,127.1453171,37.658829
11046,L180084,별가람중학교(웹),남양주교통정보센터,127.1225418,37.6581085
11047,L180085,별내119안전센터(웹),남양주교통정보센터,127.1300256,37.6454797
11048,L180086,별내노블래스APT(웹),남양주교통정보센터,127.1203853,37.64326
11049,L180087,별내농협(웹),남양주교통정보센터,127.1287171,37.6493718
11050,L180088,보훈요양원(웹),남양주교통정보센터,127.1185472,37.6689885
11051,L180089,봉안마을입구교차로,남양주교통정보센터,127.2872486,37.5321321
11052,L180090,봉현교차로(웹),남양주교통정보센터,127.179156,37.713834
11053,L180091,부영701동삼거리(웹),남양주교통정보센터,127.1564801,37.6116569
11054,L180092,부평교,남양주교통정보센터,127.195573,37.740309
11055,L180093,부평교(웹),남양주교통정보센터,127.195573,37.740309
11056,L180094,비석사거리,남양주교통정보센터,127.154434,37.6590168
11057,L180095,비석사거리(웹),남양주교통정보센터,127.154434,37.6590168
11058,L180096,사능4,남양주교통정보센터,127.1869783,37.651004
11059,L180097,삭다니골입구,남양주교통정보센터,127.1941265,37.6948638
11060,L180098,산정장,남양주교통정보센터,127.1683544,37.7049765
11061,L180099,삼부콘크리트(웹),남양주교통정보센터,127.2340828,37.5980495
11062,L180100,삼신푸른솔(웹),남양주교통정보센터,127.3025305,37.668203
11063,L180101,삼육대후문(웹),남양주교통정보센터,127.1117407,37.6452384
11064,L180102,삼패4,남양주교통정보센터,127.1981055,37.5933033
11065,L180103,삼패벽돌공장,남양주교통정보센터,127.194769,37.598148
11066,L180104,삼패벽돌공장(웹),남양주교통정보센터,127.194769,37.598148
11067,L180105,샘터휴게소,남양주교통정보센터,127.28458,37.628004
11068,L180106,샘터휴게소(웹),남양주교통정보센터,127.28458,37.628004
11069,L180107,샛터3,남양주교통정보센터,127.3699209,37.6623264
11070,L180108,샛터3,남양주교통정보센터,127.3699209,37.6623264
11071,L180109,서울리조트,남양주교통정보센터,127.2528,37.654807
11072,L180110,석실입구,남양주교통정보센터,127.2157291,37.5984488
11073,L180111,석실입구(웹),남양주교통정보센터,127.2157291,37.5984488
11074,L180112,송능삼거리,남양주교통정보센터,127.2000734,37.6425132
11075,L180113,송능삼거리(웹),남양주교통정보센터,127.2000734,37.6425132
11076,L180114,송라초교사거리(웹),남양주교통정보센터,127.301089,37.6556691
11077,L180115,송릉3,남양주교통정보센터,127.19418,37.674366
11078,L180116,송천리정거장3,남양주교통정보센터,127.3230242,37.6887814
11079,L180117,수락산입구,남양주교통정보센터,127.11247,37.7081343
11080,L180118,신도브래뉴,남양주교통정보센터,127.20254606,37.72027437
11081,L180119,신도브래뉴(웹),남양주교통정보센터,127.203681,37.7205337
11082,L180120,신영지웰,남양주교통정보센터,127.1970497,37.7194472
11083,L180121,신영지웰(웹),남양주교통정보센터,127.1970497,37.7194472
11084,L180122,신월교차로(웹),남양주교통정보센터,127.1592872,37.6590114
11085,L180123,신한인스빌APT(웹),남양주교통정보센터,127.1115315,37.6507378
11086,L180124,쌍용스윗닷홈A,남양주교통정보센터,127.2264431,37.5762794
11087,L180125,아주레미콘입구삼거리,남양주교통정보센터,127.1745757,37.70914
11088,L180126,알프하임01,남양주교통정보센터,127.25604105,37.64956654
11089,L180127,알프하임02,남양주교통정보센터,127.2547,37.6524
11090,L180128,알프하임03,남양주교통정보센터,127.25321041,37.65349908
11091,L180129,야생박물관인근(웹),남양주교통정보센터,127.1725217,37.656043
11092,L180130,양오초교,남양주교통정보센터,127.19424705,37.69864361
11093,L180131,양오초교(웹),남양주교통정보센터,127.194125,37.698583
11094,L180132,양정4,남양주교통정보센터,127.1811442,37.6171981
11095,L180133,양정4,남양주교통정보센터,127.1811442,37.6171981
11096,L180134,양정역,남양주교통정보센터,127.1927,37.6055
11097,L180135,어냄이삼거리,남양주교통정보센터,127.2083106,37.6794601
11098,L180136,에쓰오일LPG,남양주교통정보센터,127.1958137,37.6320539
11099,L180137,영남아파트입구교차로,남양주교통정보센터,127.3039308,37.6372432
11100,L180138,영남아파트입구교차로(웹),남양주교통정보센터,127.3039308,37.6372432
11101,L180139,예비군훈련장입구,남양주교통정보센터,127.18881793,37.67225696
11102,L180140,오남도서관,남양주교통정보센터,127.19678559,37.6975574
11103,L180141,오남도서관(웹),남양주교통정보센터,127.196808,37.697456
11104,L180142,와촌교차로(웹),남양주교통정보센터,127.172732,37.682019
11105,L180143,왕자궁마을입구(웹),남양주교통정보센터,127.1826585,37.6089445
11106,L180144,용신지하차도(웹),남양주교통정보센터,127.1722281,37.6615232
11107,L180145,우리교회근처-1(웹),남양주교통정보센터,127.1201245,37.6655232
11108,L180146,운수교차로,남양주교통정보센터,127.3251454,37.700844
11109,L180147,운수교차로(웹),남양주교통정보센터,127.3251454,37.700844
11110,L180148,웃고개(웹),남양주교통정보센터,127.177795,37.638725
11111,L180149,월문교사거리,남양주교통정보센터,127.22841209,37.59169132149
11112,L180150,월문리고개(웹),남양주교통정보센터,127.280926,37.62579
11113,L180151,월문리고개초입(웹),남양주교통정보센터,127.2813568,37.6259169
11114,L180152,월문사거리,남양주교통정보센터,127.2252219,37.5945853
11115,L180153,월문사거리(웹),남양주교통정보센터,127.2252219,37.5945853
11116,L180154,월문천삼거리,남양주교통정보센터,127.24694,37.601377
11117,L180155,월산지구입구(웹),남양주교통정보센터,127.3416643,37.656926
11118,L180156,이마트(웹),남양주교통정보센터,127.1277635,37.6436149
11119,L180157,이패IC,남양주교통정보센터,127.1898046,37.607329
11120,L180158,임송3,남양주교통정보센터,127.1527763,37.6716088
11121,L180159,임송삼거리,남양주교통정보센터,127.1529242,37.6712583
11122,L180160,장승부락,남양주교통정보센터,127.193978,37.731537
11123,L180161,장승초교입구사거리,남양주교통정보센터,127.1938736,37.7312472
11124,L180162,장현IC(웹),남양주교통정보센터,127.1830461,37.7120491
11125,L180163,조개울교차로(웹),남양주교통정보센터,127.2456148,37.5448093
11126,L180164,조안IC,남양주교통정보센터,127.300648,37.53185
11127,L180165,조안보건지소,남양주교통정보센터,127.322461,37.569048
11128,L180166,지산교삼거리,남양주교통정보센터,127.2414,37.6556
11129,L180167,지세4,남양주교통정보센터,127.180033,37.661724
11130,L180168,진건변전소삼거리,남양주교통정보센터,127.164919,37.6285853
11131,L180169,진건변전소삼거리(웹),남양주교통정보센터,127.164919,37.6285853
11132,L180170,진관4,남양주교통정보센터,127.1577119,37.650467
11133,L180171,진관리입구3,남양주교통정보센터,127.17148798,37.6497944
11134,L180172,진관산업단지(웹),남양주교통정보센터,127.1646368,37.6391898
11135,L180173,진안사거리,남양주교통정보센터,127.1868347,37.6232074
11136,L180174,진접고교,남양주교통정보센터,127.189224,37.7155391
11137,L180175,진접고교(웹),남양주교통정보센터,127.189224,37.7155391
11138,L180176,진접도서관,남양주교통정보센터,127.1933893,37.7290652
11139,L180177,진접읍사무소(웹),남양주교통정보센터,127.1919223,37.7255671
11140,L180178,진접이마트,남양주교통정보센터,127.183451,37.7087831
11141,L180179,진접이마트_돔,남양주교통정보센터,127.183451,37.7087831
11142,L180180,진접푸른도서관(웹),남양주교통정보센터,127.193537,37.715486
11143,L180181,진중3,남양주교통정보센터,127.307199,37.549328
11144,L180182,차산1교삼거리,남양주교통정보센터,127.3029362,37.6332076
11145,L180183,차산1교삼거리(웹),남양주교통정보센터,127.3029362,37.6332076
11146,L180184,창대교회(웹),남양주교통정보센터,127.1277346,37.6612851
11147,L180185,창현A앞4,남양주교통정보센터,127.3009454,37.6522584
11148,L180186,창현A앞4,남양주교통정보센터,127.3009454,37.6522584
11149,L180187,창현교차로,남양주교통정보센터,127.303427,37.6443666
11150,L180188,천마산오일뱅크,남양주교통정보센터,127.2755447,37.6543256
11151,L180189,천마초교앞,남양주교통정보센터,127.280726,37.6553229
11152,L180190,천주교묘지,남양주교통정보센터,127.2853739,37.530586
11153,L180191,철마교차로,남양주교통정보센터,127.2062794,37.7469768
11154,L180192,철마교차로(웹),남양주교통정보센터,127.2062794,37.7469768
11155,L180193,청학리입구,남양주교통정보센터,127.1235486,37.6994956
11156,L180194,퇴계원로(웹),남양주교통정보센터,127.1377819,37.645223
11157,L180195,퇴계원사거리,남양주교통정보센터,127.1401465,37.6467063
11158,L180196,퇴계원사거리(웹),남양주교통정보센터,127.1401465,37.6467063
11159,L180197,팔당대교(웹),남양주교통정보센터,127.2408593,37.5500115
11160,L180198,평내지하차도,남양주교통정보센터,127.2407315,37.6526683
11161,L180199,평내지하차도(웹),남양주교통정보센터,127.2407315,37.6526683
11162,L180200,평양골,남양주교통정보센터,127.1296221,37.6568671
11163,L180201,평양골-1(웹),남양주교통정보센터,127.1296221,37.6568671
11164,L180202,평양골-2(웹),남양주교통정보센터,127.129665,37.6573852
11165,L180203,한강초교사거리,남양주교통정보센터,127.175052,37.6019378
11166,L180204,한강초교사거리(웹),남양주교통정보센터,127.175052,37.6019378
11167,L180205,한별초등학교-1(웹),남양주교통정보센터,127.1175082,37.6463803
11168,L180206,한별초등학교-2(웹),남양주교통정보센터,127.1169182,37.6464822
11169,L180207,현대아울렛사거리(웹),남양주교통정보센터,127.15507688,37.61529242
11170,L180208,호만1교,남양주교통정보센터,127.2508,37.6611
11171,L180209,호텔메이(웹),남양주교통정보센터,127.1242969,37.6464143
11172,L180210,호평IC삼거리(웹),남양주교통정보센터,127.2395724,37.6610547
11173,L180211,호평IC서쪽2km,남양주교통정보센터,127.222296,37.649856
11174,L180212,호평승마장,남양주교통정보센터,127.264501,37.6542896
11175,L180213,호평이마트교차로(웹),남양주교통정보센터,127.244,37.6556
11176,L180214,화도건영아파트,남양주교통정보센터,127.3012647,37.6653581
11177,L180215,화도두산위브아파트,남양주교통정보센터,127.302403,37.669425
11178,L180216,화도신도브래뉴(웹),남양주교통정보센터,127.3031841,37.6609965
11179,L180217,화도읍동부출장소,남양주교통정보센터,127.3485682,37.6582805
11180,L180218,화도읍사무소,남양주교통정보센터,127.30171,37.6577624
11181,L180219,화도청구아파트,남양주교통정보센터,127.303125,37.640458
11182,L180220,화도청구아파트(웹),남양주교통정보센터,127.303125,37.640458
11183,L180221,화도휴게소,남양주교통정보센터,127.3373244,37.6562845
11184,L180222,화접초등학교(웹),남양주교통정보센터,127.1163801,37.6524452
11185,L180223,효성아파트사거리(웹),남양주교통정보센터,127.3386551,37.651642
11186,L180224,효성해링턴코트,남양주교통정보센터,127.1247,37.6553
11187,E100001,MBC네거리,대구교통정보센터,128.62648,35.866703
11188,E100002,가창삼거리,대구교통정보센터,128.622411,35.801472
11189,E100003,감삼네거리,대구교통정보센터,128.5481,35.854124
11190,E100004,강창교,대구교통정보센터,128.470244,35.854174
11191,E100005,강촌마을교차로,대구교통정보센터,128.668687,35.876431
11192,E100006,거동네거리,대구교통정보센터,128.558313,35.944943
11193,E100007,건들바위네거리,대구교통정보센터,128.598484,35.855712
11194,E100008,검단네거리,대구교통정보센터,128.619153,35.906028
11195,E100009,경기장네거리,대구교통정보센터,128.683564,35.832985
11196,E100010,경대교,대구교통정보센터,128.601905,35.886359
11197,E100011,경대북문,대구교통정보센터,128.609402,35.89238
11198,E100012,계명네거리,대구교통정보센터,128.58304,35.856101
11199,E100013,계산오거리,대구교통정보센터,128.587811,35.866577
11200,E100014,고모로,대구교통정보센터,128.675733,35.862289
11201,E100015,공산수원지삼거리,대구교통정보센터,128.603856,35.90246
11202,E100016,공평네거리,대구교통정보센터,128.600041,35.86981
11203,E100017,공항교교차로,대구교통정보센터,128.622479,35.899009
11204,E100018,관계삼거리,대구교통정보센터,128.64952,35.818824
11205,E100019,교동네거리,대구교통정보센터,128.601048,35.873643
11206,E100020,금리사거리,대구교통정보센터,128.450545,35.681649
11207,E100021,금호분기점,대구교통정보센터,128.5297997372853,35.892293904611826
11208,E100023,김흥2 15M-1,대구교통정보센터,128.490033,35.745321
11209,E100024,남대구IC,대구교통정보센터,128.527436,35.841363
11210,E100025,남대구IC삼거리,대구교통정보센터,128.522547,35.836796
11211,E100026,남문네거리,대구교통정보센터,128.592425,35.860994
11212,E100027,남침산네거리,대구교통정보센터,128.590098,35.883431
11213,E100028,능성,대구교통정보센터,128.739519,35.963073
11214,E100029,달성네거리,대구교통정보센터,128.58148,35.877358
11215,E100030,대구공고네거리,대구교통정보센터,128.61422,35.88125
11216,E100031,대구역네거리,대구교통정보센터,128.595069,35.874851
11217,E100032,대구은행네거리,대구교통정보센터,128.614208,35.859642
11218,E100033,대덕문화전당,대구교통정보센터,128.577858,35.831892
11219,E100034,대덕산임휴사,대구교통정보센터,128.55659,35.809224
11220,E100035,대덕승마장,대구교통정보센터,128.555351,35.825593
11221,E100036,대리삼거리,대구교통정보센터,128.423907,35.663474
11222,E100037,대봉교,대구교통정보센터,128.607077,35.854998
11223,E100038,대실역네거리,대구교통정보센터,128.465696,35.857066
11224,E100039,대천교삼거리,대구교통정보센터,128.502613,35.818399
11225,E100040,대천지하도네거리,대구교통정보센터,128.507089,35.815436
11226,E100041,덕곡,대구교통정보센터,128.614994,35.992322
11227,E100042,덕천치안센터,대구교통정보센터,128.600633,35.833669
11228,E100043,도곡네거리,대구교통정보센터,128.598854,35.927446
11229,E100044,도동분기점,대구교통정보센터,128.656009,35.914472
11230,E100045,도청교,대구교통정보센터,128.598357,35.888176
11231,E100046,동대구IC,대구교통정보센터,128.698058,35.883318
11232,E100047,동대구역네거리,대구교통정보센터,128.625649,35.876816
11233,E100048,동산네거리,대구교통정보센터,128.582362,35.870339
11234,E100049,동신교,대구교통정보센터,128.613438,35.868238
11235,E100050,동인네거리,대구교통정보센터,128.604312,35.872427
11236,E100051,동촌초교교차로,대구교통정보센터,128.658216,35.883789
11237,E100052,두류공원네거리,대구교통정보센터,128.566818,35.847046
11238,E100053,두류네거리,대구교통정보센터,128.557636,35.857778
11239,E100054,두산오거리,대구교통정보센터,128.622983,35.82985
11240,E100055,들안길삼거리,대구교통정보센터,128.616792,35.829703
11241,E100056,만촌네거리,대구교통정보센터,128.645698,35.85915
11242,E100057,만평네거리,대구교통정보센터,128.562408,35.889468
11243,E100058,매천초등학교앞,대구교통정보센터,128.542577,35.913319
11244,E100060,명덕네거리,대구교통정보센터,128.590937,35.857061
11245,E100061,무학네거리,대구교통정보센터,128.644473,35.826274
11246,E100062,반고개네거리,대구교통정보센터,128.571911,35.861758
11247,E100063,반야월네거리,대구교통정보센터,128.713564,35.865888
11248,E100064,반야월삼거리,대구교통정보센터,128.687502,35.874243
11249,E100065,반월당네거리,대구교통정보센터,128.593427,35.865565
11250,E100066,범안삼거리,대구교통정보센터,128.670386,35.834314
11251,E100067,범어네거리,대구교통정보센터,128.626336,35.858944
11252,E100068,복현네거리,대구교통정보센터,128.622155,35.892358
11253,E100069,복현오거리,대구교통정보센터,128.614807,35.897897
11254,E100070,본리네거리,대구교통정보센터,128.537005,35.837272
11255,E100071,봉산육거리,대구교통정보센터,128.599769,35.864015
11256,E100072,북구청네거리,대구교통정보센터,128.581816,35.885101
11257,E100073,북대구IC,대구교통정보센터,128.586184,35.910441
11258,E100074,북비산네거리,대구교통정보센터,128.571454,35.879287
11259,E100075,불로삼거리,대구교통정보센터,128.635137,35.899728
11260,E100076,비산네거리,대구교통정보센터,128.571252,35.871969
11261,E100077,산격대교,대구교통정보센터,128.601867,35.906593
11262,E100178,삼각지네거리,대구교통정보센터,128.583124,35.853322
11263,E100078,삼덕네거리,대구교통정보센터,128.60285,35.863043
11264,E100079,상동교,대구교통정보센터,128.604934,35.834876
11265,E100080,상동네거리,대구교통정보센터,128.610616,35.829258
11266,E100081,상인그린힐스골프랜드,대구교통정보센터,128.549213,35.818324
11267,E100082,상인네거리,대구교통정보센터,128.537836,35.818763
11268,E100182,상화네거리,대구교통정보센터,128.535816,35.809626
11269,E100083,서대구IC,대구교통정보센터,128.532367,35.878221
11270,E100084,서대구공단네거리,대구교통정보센터,128.537633,35.868675
11271,E100085,서부정류장네거리,대구교통정보센터,128.557689,35.837449
11272,E100086,서성네거리,대구교통정보센터,128.587128,35.870306
11273,E100087,성동고가차도,대구교통정보센터,128.629237,35.880724
11274,E100088,성서IC,대구교통정보센터,128.520425,35.850355
11275,E100089,성서네거리,대구교통정보센터,128.507097,35.85193
11276,E100090,송지공원,대구교통정보센터,128.559282,35.827423
11277,E100091,수목원입구삼거리,대구교통정보센터,128.520668,35.807635
11278,E100092,수성IC,대구교통정보센터,128.691156,35.836336
11279,E100093,수성교,대구교통정보센터,128.609676,35.861101
11280,E100094,수성못오거리,대구교통정보센터,128.609767,35.825418
11281,E100095,수성시장네거리,대구교통정보센터,128.617185,35.854184
11282,E100180,수성호텔 앞,대구교통정보센터,128.621138,35.825544
11283,E100096,시민운동장,대구교통정보센터,128.589133,35.879201
11284,E100097,시지고등학교,대구교통정보센터,128.706595,35.829571
11285,E100098,시청네거리,대구교통정보센터,128.600938,35.871433
11286,E100099,신남네거리,대구교통정보센터,128.582512,35.864643
11287,E100100,신당네거리,대구교통정보센터,128.491984,35.851501
11288,E100101,신매네거리,대구교통정보센터,128.70497,35.840905
11289,E100102,신서혁신도시1,대구교통정보센터,128.713921,35.877495
11290,E100103,신서혁신도시2,대구교통정보센터,128.724155,35.876603
11291,E100104,신서혁신도시3,대구교통정보센터,128.729996,35.877943
11292,E100105,신서혁신도시4,대구교통정보센터,128.754668,35.87493
11293,E100106,신서혁신도시5,대구교통정보센터,128.706715,35.881033
11294,E100107,신서혁신도시6,대구교통정보센터,128.703151,35.886252
11295,E100108,신천교,대구교통정보센터,128.611435,35.871842
11296,E100109,신천지네거리,대구교통정보센터,128.639096,35.840811
11297,E100110,신평리네거리,대구교통정보센터,128.554791,35.870289
11298,E100111,심신수련장,대구교통정보센터,128.597026,35.832646
11299,E100112,쌍계오거리,대구교통정보센터,128.46806,35.70107
11300,E100113,안지랑네거리,대구교통정보센터,128.57646,35.838845
11301,E100114,앞산네거리,대구교통정보센터,128.57971,35.840225
11302,E100115,앞산빨래터공원,대구교통정보센터,128.565366,35.831677
11303,E100116,연경지구1,대구교통정보센터,128.614943,35.941844
11304,E100117,연경지구2,대구교통정보센터,128.630493,35.942217
11305,E100118,연호네거리,대구교통정보센터,128.672777,35.845772
11306,E100119,영대네거리,대구교통정보센터,128.590493,35.845314
11307,E100179,오봉오거리,대구교통정보센터,128.583541,35.889693
11308,E100120,옥여봉사거리,대구교통정보센터,128.458751,35.678231
11309,E100121,옥포분기점,대구교통정보센터,128.464503,35.789454
11310,E100122,와룡공원삼거리,대구교통정보센터,128.499977,35.859087
11311,E100123,와룡대교 남편,대구교통정보센터,128.511257,35.890331
11312,E100124,용산파출소,대구교통정보센터,128.521246,35.858733
11313,E100125,원대오거리,대구교통정보센터,128.575997,35.887356
11314,E100126,월곡네거리,대구교통정보센터,128.548528,35.808197
11315,E100127,월드컵삼거리,대구교통정보센터,128.684737,35.841237
11316,E100128,월배로송현역,대구교통정보센터,128.553252,35.832865
11317,E100129,월성네거리,대구교통정보센터,128.529737,35.826184
11318,E100130,월촌고가교 교차로,대구교통정보센터,128.549386,35.815147
11319,E100131,위천삼거리,대구교통정보센터,128.398949,35.760002
11320,E100132,유천교,대구교통정보센터,128.515648,35.810706
11321,E100133,율하교동편,대구교통정보센터,128.696938,35.873635
11322,E100134,율하역,대구교통정보센터,128.692562,35.870046
11323,E100135,응암네거리,대구교통정보센터,128.417556,35.655834
11324,E100136,응암네거리1,대구교통정보센터,128.417688,35.647534
11325,E100137,이곡네거리,대구교통정보센터,128.515827,35.85058
11326,E100138,이시아폴리스삼거리,대구교통정보센터,128.641242,35.927773
11327,E100139,이현고개,대구교통정보센터,128.447921,35.891163
11328,E100140,이현삼거리,대구교통정보센터,128.540024,35.878336
11329,E100141,입석네거리,대구교통정보센터,128.643198,35.891994
11330,E100142,조야교남편,대구교통정보센터,128.578797,35.903279
11331,E100143,종각네거리,대구교통정보센터,128.603665,35.869085
11332,E100144,죽전네거리,대구교통정보센터,128.537413,35.850041
11333,E100145,중동교,대구교통정보센터,128.606334,35.841411
11334,E100146,중리사거리,대구교통정보센터,128.44898,35.68919
11335,E100147,중앙네거리,대구교통정보센터,128.594083,35.871008
11336,E100148,중앙대로,대구교통정보센터,128.593423,35.867109
11337,E100149,지산네거리,대구교통정보센터,128.633088,35.824763
11338,E100181,진천남네거리,대구교통정보센터,128.527408,35.808764
11339,E100150,청구네거리,대구교통정보센터,128.618365,35.867851
11340,E100151,초곡 15M_1,대구교통정보센터,128.480089,35.731749
11341,E100152,충혼탑,대구교통정보센터,128.586957,35.833023
11342,E100153,칠곡IC,대구교통정보센터,128.538004,35.941379
11343,E100154,칠곡네거리,대구교통정보센터,128.548187,35.933009
11344,E100155,침산교,대구교통정보센터,128.591063,35.900988
11345,E100157,큰고개오거리,대구교통정보센터,128.632931,35.885574
11346,E100156,큰고개오거리,대구교통정보센터,128.633088,35.885923
11347,E100158,태전삼거리,대구교통정보센터,128.54636,35.92059
11348,E100159,태평네거리,대구교통정보센터,128.588244,35.876154
11349,E100160,파군재삼거리,대구교통정보센터,128.643589,35.935967
11350,E100161,파티마삼거리,대구교통정보센터,128.624291,35.883245
11351,E100162,팔거교교차로,대구교통정보센터,128.553618,35.958641
11352,E100163,팔공IC네거리,대구교통정보센터,128.640315,35.906639
11353,E100164,팔달교,대구교통정보센터,128.551941,35.894241
11354,E100165,팔달로,대구교통정보센터,128.547705,35.907441
11355,E100166,평리네거리,대구교통정보센터,128.554622,35.878882
11356,E100167,포산중앙사거리,대구교통정보센터,128.457626,35.689247
11357,E100168,헐티재,대구교통정보센터,128.560581,35.729555
11358,E100169,현충삼거리,대구교통정보센터,128.57949,35.832837
11359,E100170,호림네거리,대구교통정보센터,128.491763,35.834876
11360,E100171,화산리삼거리,대구교통정보센터,128.400561,35.66412
11361,E100172,화원삼거리,대구교통정보센터,128.49778,35.803431
11362,E100173,황금네거리,대구교통정보센터,128.624073,35.839884
11363,E100174,효목네거리,대구교통정보센터,128.644414,35.87648
11364,E100175,효신네거리,대구교통정보센터,128.63552,35.872132
11365,E100176,휴양림입구사거리,대구교통정보센터,128.46979,35.68917
11366,E100177,희망교,대구교통정보센터,128.607936,35.8471
11367,E07001,가수원네거리,대전교통정보센터,127.3531537,36.3049072
11368,E07002,가장교오거리,대전교통정보센터,127.3882833,36.3280863
11369,E07003,가장네거리,대전교통정보센터,127.3846457,36.3313338
11370,E07004,갑천대교네거리,대전교통정보센터,127.3594837,36.3584407
11371,E07005,계룡대교네거리,대전교통정보센터,127.3479282,36.3485139
11372,E07006,과학공원네거리,대전교통정보센터,127.3798194,36.3749258
11373,E07007,과학공원네거리_교차로,대전교통정보센터,127.3798194,36.3749258
11374,E07008,관저네거리,대전교통정보센터,127.3348833,36.3014664
11375,E07009,구암교네거리,대전교통정보센터,127.331843,36.357745
11376,E07010,궁동네거리,대전교통정보센터,127.3380887,36.3645793
11377,E07011,금성골네거리,대전교통정보센터,127.3406657,36.3078453
11378,E07012,남선공원네거리,대전교통정보센터,127.4019229,36.3448409
11379,E07013,농수산시장오거리,대전교통정보센터,127.4047038,36.3570125
11380,E07014,당산교,대전교통정보센터,127.412478,36.3828659
11381,E07015,대고오거리,대전교통정보센터,127.4228589,36.3223616
11382,E07016,대동역오거리,대전교통정보센터,127.4426534,36.3293548
11383,E07017,대성삼거리,대전교통정보센터,127.4602376,36.2960875
11384,E07018,대전역네거리,대전교통정보센터,127.4326517,36.3313128
11385,E07019,대전일보네거리,대전교통정보센터,127.3663111,36.3544836
11386,E07020,대종로네거리,대전교통정보센터,127.4197596,36.3338317
11387,E07021,대화JC,대전교통정보센터,127.3962269,36.3718348
11388,E07022,대화영업소,대전교통정보센터,127.4105772,36.3770035
11389,E07023,덕명네거리,대전교통정보센터,127.3050956,36.3606677
11390,E07024,도룡삼거리,대전교통정보센터,127.3790511,36.3887111
11391,E07025,도마네거리,대전교통정보센터,127.380006,36.3129705
11392,E07026,도안네거리,대전교통정보센터,127.333046,36.3323713
11393,E07027,도안중네거리,대전교통정보센터,127.3480095,36.3175461
11394,E07028,동부네거리,대전교통정보센터,127.4422713,36.3506694
11395,E07029,둔곡터널앞,대전교통정보센터,127.385845,36.4439999
11396,E07030,들말네거리,대전교통정보센터,127.394786,36.4386269
11397,E07031,만년네거리,대전교통정보센터,127.3796719,36.3650606
11398,E07032,모정네거리,대전교통정보센터,127.3903918,36.3579286
11399,E07033,변동오거리,대전교통정보센터,127.3813834,36.3284844
11400,E07034,보문산공원오거리,대전교통정보센터,127.4258156,36.3173522
11401,E07035,부사오거리,대전교통정보센터,127.4347103,36.3130546
11402,E07036,북대전IC네거리,대전교통정보센터,127.3779478,36.4169944
11403,E07037,불티구름다리,대전교통정보센터,127.3686775,36.3090388
11404,E07038,삼성네거리,대전교통정보센터,127.4296228,36.3383229
11405,E07039,삼성동성당네거리,대전교통정보센터,127.4208556,36.3405443
11406,E07040,삼성오거리,대전교통정보센터,127.423584,36.3423489
11407,E07041,삼천교네거리,대전교통정보센터,127.4016448,36.34913
11408,E07042,서대전IC삼거리,대전교통정보센터,127.321008,36.294005
11409,E07043,서대전네거리,대전교통정보센터,127.41205,36.3224634
11410,E07044,선사유적네거리,대전교통정보센터,127.3792375,36.3600387
11411,E07045,성남네거리,대전교통정보센터,127.435911,36.341013
11412,E07046,성모병원오거리,대전교통정보센터,127.4203311,36.3241967
11413,E07047,시알들네거리,대전교통정보센터,127.405463,36.4303769
11414,E07048,시청역네거리,대전교통정보센터,127.3865,36.3514111
11415,E07049,신구교네거리,대전교통정보센터,127.3911954,36.4361135
11416,E07050,신탄진네거리,대전교통정보센터,127.4285847,36.4509392
11417,E07051,안골네거리,대전교통정보센터,127.372156,36.3341285
11418,E07052,엑스포지하차도,대전교통정보센터,127.3837198,36.3710092
11419,E07053,예술가의집네거리,대전교통정보센터,127.416641,36.3228674
11420,E07054,오룡역네거리,대전교통정보센터,127.4050696,36.3282769
11421,E07055,오정네거리,대전교통정보센터,127.4153719,36.358752
11422,E07056,오정동주민센터5가,대전교통정보센터,127.4096444,36.3530507
11423,E07057,옥녀봉네거리,대전교통정보센터,127.3480519,36.3322565
11424,E07058,용문역네거리,대전교통정보센터,127.3932875,36.3381378
11425,E07059,용전네거리,대전교통정보센터,127.4317013,36.3478102
11426,E07060,원골네거리,대전교통정보센터,127.339362,36.3429008
11427,E07061,원동네거리,대전교통정보센터,127.434984,36.3264995
11428,E07062,원신흥삼거리,대전교통정보센터,127.3485046,36.3395265
11429,E07063,원촌네거리,대전교통정보센터,127.4067779,36.3801033
11430,E07064,월드컵경기장네거리,대전교통정보센터,127.3266925,36.3670925
11431,E07065,유성IC삼거리,대전교통정보센터,127.3261232,36.3599504
11432,E07066,유성네거리,대전교통정보센터,127.3412948,36.3536374
11433,E07067,유성생명고교삼거리,대전교통정보센터,127.3262534,36.3485269
11434,E07068,읍내삼거리,대전교통정보센터,127.4258218,36.3812382
11435,E07069,중구청네거리,대전교통정보센터,127.421709,36.327014
11436,E07070,중리네거리,대전교통정보센터,127.4316837,36.3593894
11437,E07071,중앙로역네거리,대전교통정보센터,127.4259782,36.328797
11438,E07072,중촌네거리,대전교통정보센터,127.4159149,36.3367119
11439,E07073,지수체육공원,대전교통정보센터,127.4204,36.4176599
11440,E07074,진잠네거리,대전교통정보센터,127.3236111,36.2991708
11441,E07075,충대병원네거리,대전교통정보센터,127.4173368,36.3180584
11442,E07076,충대오거리,대전교통정보센터,127.3442667,36.3618966
11443,E07077,충렬사삼거리,대전교통정보센터,127.355228,36.397487
11444,E07078,침신대네거리,대전교통정보센터,127.32033,36.3838888
11445,E07079,큰마을네거리,대전교통정보센터,127.3769105,36.3486721
11446,E07080,태평오거리,대전교통정보센터,127.3949057,36.3256695
11447,E07081,판암1동주민센터네거리,대전교통정보센터,127.4564889,36.3166111
11448,E07082,평송수련원삼거리,대전교통정보센터,127.3936073,36.3646841
11449,E07083,한남5가,대전교통정보센터,127.4158733,36.3480855
11450,E07084,한밭대교네거리,대전교통정보센터,127.401358,36.3573719
11451,E07085,한밭영업소,대전교통정보센터,127.4018675,36.3610624
11452,E07086,화암네거리,대전교통정보센터,127.3754633,36.407661
11453,E500001,구)연동건널목사거리,목포교통정보센터,126.389306,34.798737
11454,E500002,도청입구사거리,목포교통정보센터,126.432798,34.809965
11455,E500003,동명한의원인근,목포교통정보센터,126.4199,34.8034
11456,E500004,만남의폭포사거리,목포교통정보센터,126.43858,34.803259
11457,E500005,목포대교입구,목포교통정보센터,126.366719,34.803631
11458,E500006,신항교차로인근,목포교통정보센터,126.358919,34.759453
11459,E500007,연산동교차로인근,목포교통정보센터,126.379666,34.813865
11460,E500008,용해사거리,목포교통정보센터,126.409061,34.798564
11461,E500009,윤송웨딩홀인근,목포교통정보센터,126.429372,34.798998
11462,L230049,3부두,부산교통정보센터,129.04524,35.116855
11463,L230042,49호광장,부산교통정보센터,129.1111,35.136355
11464,L230135,5부두,부산교통정보센터,129.054894,35.126858
11465,L230038,KBS삼거리,부산교통정보센터,129.109468,35.14379
11466,L230126,NC백화점,부산교통정보센터,129.062416,35.157689
11467,L230231,가락IC,부산교통정보센터,128.886269,35.159867
11468,L230241,감만 교차로,부산교통정보센터,129.0834,35.11049
11469,L230176,감만사거리,부산교통정보센터,129.080456,35.118895
11470,L230070,감전IC,부산교통정보센터,128.972695,35.152118
11471,L230108,감전교차로,부산교통정보센터,128.969305,35.145255
11472,L230150,강변대로,부산교통정보센터,128.999689,35.210204
11473,L230029,개금사거리,부산교통정보센터,129.02027,35.153442
11474,L230144,개금요금소(상행),부산교통정보센터,129.027692,35.158228
11475,L230145,개금요금소(하행),부산교통정보센터,129.026555,35.157844
11476,L230235,개금주공아파트사거리,부산교통정보센터,129.031632,35.159118
11477,L230173,개금초등교삼거리,부산교통정보센터,129.021807,35.154827
11478,L230080,개성중(상),부산교통정보센터,129.050333,35.157578
11479,L230081,개성중(하),부산교통정보센터,129.05049,35.15573
11480,L230218,개좌터널(석대방향입구),부산교통정보센터,129.148979,35.259097
11481,L230219,개좌터널(정관방향입구),부산교통정보센터,129.136863,35.244237
11482,L230234,거가대교진입로,부산교통정보센터,128.839379,35.088837
11483,L230047,거성사거리,부산교통정보센터,129.067321,35.191085
11484,L230121,경부TG,부산교통정보센터,129.108796,35.274671
11485,L230022,경부고속도로입구,부산교통정보센터,129.093001,35.246593
11486,L230298,고분로_경상대학앞,부산교통정보센터,129.097714,35.185606
11487,L230222,곰내터널(석대방향1100m),부산교통정보센터,129.171538,35.30574
11488,L230223,곰내터널(석대방향입구),부산교통정보센터,129.17634265599017,35.31710472089192
11489,L230221,곰내터널(정관방향1100),부산교통정보센터,129.172225,35.306335
11490,L230220,곰내터널(정관방향입구),부산교통정보센터,129.168191,35.295478
11491,L230114,공항입구,부산교통정보센터,128.958096,35.180926
11492,L230060,과정교차로,부산교통정보센터,129.089412,35.192104
11493,L230130,광덕물산,부산교통정보센터,129.026555,35.213581
11494,L230299,광무교(범일방향),부산교통정보센터,129.058972,35.150053
11495,L230300,광무교(서면방향),부산교통정보센터,129.059375,35.150803
11496,L230165,광안대교(상부 49호 진출),부산교통정보센터,129.114981,35.136533
11497,L230163,광안대교(상부 MP23),부산교통정보센터,129.124667,35.141882
11498,L230159,광안대교(상부 롯데아파트),부산교통정보센터,129.135502,35.159304
11499,L230161,광안대교(상부 벡스코합류),부산교통정보센터,129.134064,35.161522
11500,L230158,광안대교(상부 앵커리지2),부산교통정보센터,129.129134,35.146242
11501,L230164,광안대교(상부 이기대분기),부산교통정보센터,129.11343,35.13607
11502,L230157,광안대교(상부 주탑2),부산교통정보센터,129.127602,35.144794
11503,L230160,광안대교(지하차도 진출입),부산교통정보센터,129.129671,35.166173
11504,L230166,광안대교(하부 49호 진입),부산교통정보센터,129.112191,35.135473
11505,L230167,광안대교(하부 광안리합류),부산교통정보센터,129.115916,35.136277
11506,L230162,광안대교(하부 용당 합류),부산교통정보센터,129.121203,35.138239
11507,L230116,광안리해변,부산교통정보센터,129.119354,35.154254
11508,L230297,광안리해수욕장교차로,부산교통정보센터,129.118043,35.155101
11509,L230142,광안터널(상행),부산교통정보센터,129.100164,35.153876
11510,L230065,광어골,부산교통정보센터,129.19864,35.180484
11511,L230097,괴정사거리,부산교통정보센터,128.993195,35.100139
11512,L230017,교대사거리,부산교통정보센터,129.080232,35.19575
11513,L230057,교리삼거리,부산교통정보센터,129.220935,35.251513
11514,L230103,구덕사거리,부산교통정보센터,129.017399,35.115709
11515,L230025,구서IC,부산교통정보센터,129.099845,35.2531
11516,L230136,구평고개삼거리,부산교통정보센터,128.983912,35.084728
11517,L230180,구포2동사거리,부산교통정보센터,128.998132,35.201348
11518,L230095,구포대교,부산교통정보센터,128.994245,35.203901
11519,L230169,금사교차로,부산교통정보센터,129.108706,35.214223
11520,L230239,기계공고 삼거리,부산교통정보센터,129.1543,35.16094
11521,L230183,남문구사거리,부산교통정보센터,129.073439,35.18853
11522,L230041,남부운전면허장입구,부산교통정보센터,129.106086,35.12966
11523,L230023,남산역,부산교통정보센터,129.092939,35.266667
11524,L230002,남포동,부산교통정보센터,129.029273,35.097858
11525,L230256,남항_(1터널시작),부산교통정보센터,129.056,35.098084
11526,L230257,남항_(3터널끝),부산교통정보센터,129.045802,35.093493
11527,L230258,남항_(4터널시작),부산교통정보센터,129.04381,35.090966
11528,L230259,남항_2383m,부산교통정보센터,129.038535,35.081935
11529,L230134,남항대교입구(서구),부산교통정보센터,129.022362,35.080032
11530,L230090,내성교차로,부산교통정보센터,129.078296,35.204145
11531,L230024,노포차량기지앞,부산교통정보센터,129.09665,35.288899
11532,L230132,다대포강변로,부산교통정보센터,128.954385,35.067282
11533,L230102,다대포해수욕장입구,부산교통정보센터,128.967687,35.047525
11534,L230242,달맞이 어울마당,부산교통정보센터,129.183931,35.160242
11535,L230067,대교교차로,부산교통정보센터,129.03984,35.09221
11536,L230037,대남교차로,부산교통정보센터,129.105463,35.139896
11537,L230186,대동사거리,부산교통정보센터,128.984571,35.209686
11538,L230277,대신방향(0M),부산교통정보센터,129.031576,35.112898
11539,L230278,대신방향(160M),부산교통정보센터,129.027843,35.11274
11540,L230117,대연램프A,부산교통정보센터,129.086144,35.141924
11541,L230035,대연사거리,부산교통정보센터,129.091909,35.135115
11542,L230301,대천램프,부산교통정보센터,129.176314,35.181358
11543,L230053,대청사거리,부산교통정보센터,129.027925,35.10311
11544,L230275,대티터널(괴정동입출구),부산교통정보센터,129.007504,35.106142
11545,L230276,대티터널(대신동입출구),부산교통정보센터,129.00975,35.108763
11546,L230094,덕천교차로,부산교통정보센터,129.005446,35.21026
11547,L230302,동대사거리,부산교통정보센터,129.021822,35.111635
11548,L230104,동대신사거리,부산교통정보센터,129.018081,35.109968
11549,L230089,동래교차로,부산교통정보센터,129.083615,35.201662
11550,L230018,동래롯데,부산교통정보센터,129.078823,35.211747
11551,L230266,동래시장,부산교통정보센터,129.087533,35.201045
11552,L230265,동래한전_VMS,부산교통정보센터,129.102324,35.196857
11553,L230175,동명부두입구,부산교통정보센터,129.092823,35.110538
11554,L230043,동명오거리,부산교통정보센터,129.098788,35.121067
11555,L230040,동방오거리,부산교통정보센터,129.12105,35.158755
11556,L230084,동백사거리,부산교통정보센터,129.151016,35.157604
11557,L230310,동부산IC방면,부산교통정보센터,129.212796,35.194412
11558,L230031,동의대(상),부산교통정보센터,129.032513,35.154332
11559,L230032,동의대(하),부산교통정보센터,129.031844,35.152825
11560,L230045,동천삼거리,부산교통정보센터,129.066696,35.130015
11561,L230215,롯데몰 동부산점,부산교통정보센터,129.213228,35.190112
11562,L230312,롯데몰방면,부산교통정보센터,129.212538,35.194813
11563,L230069,롯데호텔,부산교통정보센터,129.055612,35.156329
11564,L230227,만덕(미남방향270m),부산교통정보센터,129.052712,35.211705
11565,L230228,만덕(미남방향470m),부산교통정보센터,129.057797,35.210672
11566,L230236,만덕1터널(온천동),부산교통정보센터,129.066136,35.211037
11567,L230093,만덕사거리,부산교통정보센터,129.036505,35.212994
11568,L230229,만덕터널(만덕동),부산교통정보센터,129.04357,35.2131
11569,L230224,만덕터널(만덕방향0),부산교통정보센터,129.059857,35.210496
11570,L230225,만덕터널(만덕방향270),부산교통정보센터,129.055995,35.211145
11571,L230226,만덕터널(미남방향0),부산교통정보센터,129.045674,35.212653
11572,L230230,만덕터널(온천동),부산교통정보센터,129.06223,35.20994
11573,L230118,망미램프,부산교통정보센터,129.114074,35.180129
11574,L230113,명지IC,부산교통정보센터,128.932265,35.111176
11575,L230058,문전교차로,부산교통정보센터,129.065318,35.14872
11576,L230217,문전교차로(하).진구,부산교통정보센터,129.06519,35.149816
11577,L230034,문현교차로,부산교통정보센터,129.067785,35.137138
11578,L230091,미남교차로,부산교통정보센터,129.069642,35.207954
11579,L230303,미남역,부산교통정보센터,129.066918,35.204086
11580,L230243,미포교차로,부산교통정보센터,129.17206,35.161035
11581,L230249,미포교차로-2,부산교통정보센터,129.171703,35.161362
11582,L230119,반여,부산교통정보센터,129.12002,35.206777
11583,L230238,반여물농산물 삼거리,부산교통정보센터,129.121,35.21318
11584,L230195,백양터널(TG당감방향),부산교통정보센터,129.002068,35.185881
11585,L230194,백양터널(당감방향2400m),부산교통정보센터,129.010846,35.180916
11586,L230193,백양터널(당감방향입구),부산교통정보센터,129.0184,35.175641
11587,L230092,백양터널(모라),부산교통정보센터,128.998481,35.185655
11588,L230191,백양터널(모라방향1200m),부산교통정보센터,129.024609,35.171317
11589,L230192,백양터널(모라방향2400m),부산교통정보센터,129.01566,35.17848
11590,L230190,백양터널(모라방향입구),부산교통정보센터,129.008315,35.183371
11591,L230189,백양터널어귀(개금),부산교통정보센터,129.030326,35.163697
11592,L230171,범곡교차로,부산교통정보센터,129.055992,35.141833
11593,L230010,범내골교차로,부산교통정보센터,129.059051,35.147345
11594,L230146,범내골램프,부산교통정보센터,129.05762,35.150443
11595,L230127,범어사입구,부산교통정보센터,129.092502,35.275736
11596,L230033,범일교차로,부산교통정보센터,129.063742,35.137357
11597,L230304,보건환경연구원_동물위생시험소,부산교통정보센터,129.018625,35.271602
11598,L230154,본녹산삼거리,부산교통정보센터,128.885003,35.112831
11599,L230066,봉래교차로,부산교통정보센터,129.04489,35.092924
11600,L230021,부곡사거리,부산교통정보센터,129.091587,35.230741
11601,L230106,부민사거리,부산교통정보센터,129.02008,35.103208
11602,L230155,부산과학산업단지입구,부산교통정보센터,128.861057,35.132834
11603,L230020,부산대학교사거리,부산교통정보센터,129.086384,35.231319
11604,L230006,부산역,부산교통정보센터,129.039353,35.114967
11605,L230004,부산우체국,부산교통정보센터,129.036658,35.103092
11606,L230305,부산은행_수영민락역지점,부산교통정보센터,129.120327,35.168484
11607,L230015,부산지방경찰청,부산교통정보센터,129.075663,35.178605
11608,L230062,부산지방병무청,부산교통정보센터,129.103547,35.17277
11609,L230051,부산진역 철도 CY(4부두),부산교통정보센터,129.049139,35.124771
11610,L230269,부산항(감만동 굴곡),부산교통정보센터,129.072756,35.11009
11611,L230268,부산항(사장교 종점),부산교통정보센터,129.068744,35.10923
11612,L230267,부산항(사장교 중앙),부산교통정보센터,129.06492,35.106009
11613,L230273,부산항(신선대부두 램프),부산교통정보센터,129.083077,35.108646
11614,L230270,부산항(영도 접속교 시점),부산교통정보센터,129.058938,35.100588
11615,L230271,부산항(영도 진입램프),부산교통정보센터,129.060804,35.102269
11616,L230272,부산항(영도방향 요금소),부산교통정보센터,129.076474,35.108795
11617,L230078,부암교차로,부산교통정보센터,129.050387,35.16848
11618,L230181,북부경찰서입구,부산교통정보센터,129.012636,35.228612
11619,L230072,사상구청,부산교통정보센터,128.98957,35.14926
11620,L230110,사상역,부산교통정보센터,128.984689,35.161973
11621,L230048,사직운동장,부산교통정보센터,129.06382,35.194698
11622,L230100,사하 국민체육센터,부산교통정보센터,128.999656,35.089513
11623,L230109,사하경찰서,부산교통정보센터,128.977261,35.08495
11624,L230133,사하우체국,부산교통정보센터,128.980432,35.10027
11625,L230283,산성터널화명2000M,부산교통정보센터,129.05452,35.243349
11626,L230284,산성터널화명출구,부산교통정보센터,129.025176,35.240942
11627,L230280,산성터널회동2800M,부산교통정보센터,129.052749,35.242823
11628,L230281,산성터널회동4800M,부산교통정보센터,129.076656,35.240018
11629,L230279,산성터널회동600M,부산교통정보센터,129.031481,35.244477
11630,L230282,산성화명진입로,부산교통정보센터,129.079888,35.240519
11631,L230285,산성화명측요금소입구,부산교통정보센터,129.022967,35.238492
11632,L230233,산양삼거리,부산교통정보센터,128.87273,35.112504
11633,L230068,삼락IC,부산교통정보센터,128.982916,35.192964
11634,L230013,삼전교차로,부산교통정보센터,129.063771,35.163847
11635,L230105,서대신사거리,부산교통정보센터,129.011994,35.110943
11636,L230012,서면교차로,부산교통정보센터,129.059124,35.157704
11637,L230071,서부산IC,부산교통정보센터,128.953424,35.155435
11638,L230063,석대,부산교통정보센터,129.117838,35.216762
11639,L230246,석대동 컨테이너 야적장,부산교통정보센터,129.129774,35.22002
11640,L230101,성산삼거리,부산교통정보센터,128.894234,35.121896
11641,L230050,세관삼거리,부산교통정보센터,129.03746,35.105355
11642,L230188,세산삼거리,부산교통정보센터,128.874298,35.14128
11643,L230123,센텀고교,부산교통정보센터,129.126949,35.177501
11644,L230178,센텀시티역,부산교통정보센터,129.13238,35.169264
11645,L230262,센텀이편한_VMS1,부산교통정보센터,129.115663,35.189807
11646,L230263,센텀이편한_VMS2,부산교통정보센터,129.116377,35.190035
11647,L230076,센텀중,부산교통정보센터,129.123994,35.173625
11648,L230028,송공삼거리,부산교통정보센터,129.066953,35.167862
11649,L230054,송도교차로,부산교통정보센터,129.018855,35.078565
11650,L230214,송정1호교,부산교통정보센터,129.205905,35.197233
11651,L230232,송정사거리,부산교통정보센터,128.839277,35.10397
11652,L230213,송정삼거리,부산교통정보센터,129.201129,35.183951
11653,L230052,수영2호교입구(민락),부산교통정보센터,129.12813,35.15991
11654,L230129,수영4호교,부산교통정보센터,129.118713,35.18427
11655,L230039,수영교차로,부산교통정보센터,129.115182,35.167335
11656,L230208,수정터널(5부두방면1470m),부산교통정보센터,129.032942,35.148359
11657,L230206,수정터널(5부두방면150m),부산교통정보센터,129.04585,35.13708
11658,L230207,수정터널(5부두방면870m),부산교통정보센터,129.0335,35.149764
11659,L230205,수정터널(5부두방면요금소),부산교통정보센터,129.04887,35.13519
11660,L230204,수정터널(가야방면1450m),부산교통정보센터,129.036129,35.143641
11661,L230202,수정터널(가야방면50m),부산교통정보센터,129.040077,35.140772
11662,L230203,수정터널(가야방면850m),부산교통정보센터,129.044208,35.138333
11663,L230201,수정터널(가야방면요금소),부산교통정보센터,129.042019,35.139868
11664,L230139,시민도서관앞,부산교통정보센터,129.048927,35.18165
11665,L230185,신대저교차로,부산교통정보센터,128.973992,35.211169
11666,L230115,신덕,부산교통정보센터,128.974216,35.203114
11667,L230131,신라대입구,부산교통정보센터,128.988455,35.171537
11668,L230061,신리삼거리,부산교통정보센터,129.086591,35.174558
11669,L230096,신모라사거리,부산교통정보센터,128.991051,35.18645
11670,L230252,신선대(광안1190m),부산교통정보센터,129.098082,35.120411
11671,L230251,신선대(광안550m),부산교통정보센터,129.095297,35.115201
11672,L230250,신선대(광안입구),부산교통정보센터,129.095591,35.112361
11673,L230254,신선대(부산항445m),부산교통정보센터,129.097304,35.119572
11674,L230255,신선대(부산항900m),부산교통정보센터,129.09488,35.116003
11675,L230253,신선대(부산항입구),부산교통정보센터,129.099232,35.12303
11676,L230248,아쿠아팰리스 앞,부산교통정보센터,129.168954,35.162038
11677,L230088,안락교차로,부산교통정보센터,129.096638,35.198128
11678,L230264,안락뜨란채_VMS,부산교통정보센터,129.109751,35.19502
11679,L230168,안락오거리,부산교통정보센터,129.107259,35.191207
11680,L230014,양정교차로,부산교통정보센터,129.070956,35.172854
11681,L230138,어린이대공원,부산교통정보센터,129.046958,35.181922
11682,L230074,엄궁교차로,부산교통정보센터,128.972203,35.131461
11683,L230016,연산교차로,부산교통정보센터,129.081753,35.186064
11684,L230141,연산터널,부산교통정보센터,129.087371,35.185594
11685,L230274,연산터널(연산방향8m),부산교통정보센터,129.091442,35.18575
11686,L230306,연제구청삼거리,부산교통정보센터,129.078968,35.175743
11687,L230077,연지삼거리,부산교통정보센터,129.05535,35.170805
11688,L230216,연화터널입구,부산교통정보센터,129.222168,35.211544
11689,L230170,영선아래사거리,부산교통정보센터,129.040853,35.085546
11690,L230005,영주사거리,부산교통정보센터,129.037914,35.11186
11691,L230003,옛시청,부산교통정보센터,129.035343,35.097879
11692,L230120,오륜터널입구,부산교통정보센터,129.103547,35.248408
11693,L230019,온천교사거리,부산교통정보센터,129.084225,35.218093
11694,L230085,올림픽교차로,부산교통정보센터,129.139049,35.168694
11695,L230086,올림픽동산,부산교통정보센터,129.132644,35.163638
11696,L230153,와석교차로,부산교통정보센터,129.013626,35.23481
11697,L230288,와석지하차도화명입구,부산교통정보센터,129.02312,35.239178
11698,L230289,와석지하차도화명출구,부산교통정보센터,129.01721,35.234452
11699,L230287,와석지하차도회동입구,부산교통정보센터,129.018304,35.234229
11700,L230286,와석지하차도회동출구,부산교통정보센터,129.021099,35.236004
11701,L230036,용소삼거리,부산교통정보센터,129.099838,35.13703
11702,L230240,우동항 삼거리,부산교통정보센터,129.1342,35.16269
11703,L230027,우암교차로,부산교통정보센터,129.079094,35.124369
11704,L230124,운촌삼거리,부산교통정보센터,129.149052,35.160353
11705,L230087,원동IC,부산교통정보센터,129.113632,35.194107
11706,L230261,원동IC_VMS,부산교통정보센터,129.120499,35.189948
11707,L230055,월평교차로,부산교통정보센터,129.140873,35.357617
11708,L230044,유엔교차로,부산교통정보센터,129.0926,35.130027
11709,L230296,윤산기장옥외,부산교통정보센터,129.109817,35.234943
11710,L230294,윤산터널화명100m,부산교통정보센터,129.108861,35.235733
11711,L230295,윤산터널화명900m,부산교통정보센터,129.100174,35.237859
11712,L230196,을숙도1,부산교통정보센터,128.912738,35.089734
11713,L230197,을숙도2,부산교통정보센터,128.923081,35.093303
11714,L230198,을숙도3,부산교통정보센터,128.933488,35.094163
11715,L230199,을숙도4,부산교통정보센터,128.941148,35.09304
11716,L230200,을숙도5,부산교통정보센터,128.950241,35.085841
11717,L230182,을숙도대교(사하),부산교통정보센터,128.95263,35.085809
11718,L230099,을숙도초등학교,부산교통정보센터,128.962069,35.114878
11719,L230311,이케아방면,부산교통정보센터,129.212318,35.194358
11720,L230009,자유시장,부산교통정보센터,129.059168,35.141795
11721,L230174,장대골삼거리,부산교통정보센터,129.112926,35.157332
11722,L230064,장산역교차로,부산교통정보센터,129.175823,35.169121
11723,L230293,장전지하장전700m,부산교통정보센터,129.089466,35.239649
11724,L230292,장전지하화명400m,부산교통정보센터,129.086041,35.239971
11725,L230245,재반로-반여초교,부산교통정보센터,129.131325,35.198742
11726,L230307,재송삼익아파트삼거리,부산교통정보센터,129.119976,35.191534
11727,L230172,전포사거리,부산교통정보센터,129.065298,35.157388
11728,L230308,정묘사,부산교통정보센터,129.061106,35.174186
11729,L230112,제2낙동교,부산교통정보센터,129.004477,35.214886
11730,L230187,제2낙동대교(강서),부산교통정보센터,128.990046,35.217285
11731,L230122,좌수영교,부산교통정보센터,129.122323,35.175387
11732,L230056,좌천사거리,부산교통정보센터,129.239996,35.318388
11733,L230008,좌천삼거리,부산교통정보센터,129.052554,35.132734
11734,L230030,주례교차로,부산교통정보센터,129.000108,35.150174
11735,L230148,주례램프,부산교통정보센터,129.00673,35.152405
11736,L230177,중동역교차로,부산교통정보센터,129.167975,35.166874
11737,L230140,진구청 옥상,부산교통정보센터,129.053062,35.162819
11738,L230147,진양램프,부산교통정보센터,129.046526,35.162565
11739,L230079,진양사거리,부산교통정보센터,129.050046,35.161639
11740,L230184,차량등록사업소,부산교통정보센터,128.903778,35.088796
11741,L230291,천마산터널(영도입구),부산교통정보센터,129.021017,35.08039
11742,L230290,천마산터널장림측,부산교통정보센터,128.996927,35.086673
11743,L230011,천우장,부산교통정보센터,129.058965,35.15453
11744,L230179,청강사거리,부산교통정보센터,129.218041,35.235737
11745,L230075,청학소방파출소,부산교통정보센터,129.057687,35.098492
11746,L230007,초량교차로,부산교통정보센터,129.042203,35.120005
11747,L230001,충무교차로,부산교통정보센터,129.024297,35.096521
11748,L230059,토곡사거리,부산교통정보센터,129.107297,35.18775
11749,L230107,하구언IC,부산교통정보센터,128.95675,35.10627
11750,L230098,하단교차로,부산교통정보센터,128.968244,35.106183
11751,L230046,하마정교차로,부산교통정보센터,129.067785,35.17477
11752,L230073,학장,부산교통정보센터,128.987631,35.14313
11753,L230149,학장램프,부산교통정보센터,128.998233,35.150089
11754,L230026,항만삼거리,부산교통정보센터,129.059808,35.130139
11755,L230244,해운대 동부지청,부산교통정보센터,129.126643,35.188493
11756,L230247,해운대 이름난 암소갈비 앞,부산교통정보센터,129.167447,35.162095
11757,L230082,해운대구청어귀삼거리,부산교통정보센터,129.160046,35.1641
11758,L230156,해운대문화회관,부산교통정보센터,129.174226,35.1718
11759,L230083,해운대바다,부산교통정보센터,129.161785,35.15962
11760,L230128,해운대소방서,부산교통정보센터,129.142858,35.160057
11761,L230309,현대자동차부산서비스센터,부산교통정보센터,129.080045,35.191765
11762,L230152,화명대교(김해),부산교통정보센터,128.995092,35.235095
11763,L230151,화명대교(부산),부산교통정보센터,129.005982,35.235577
11764,L230111,화명주공삼거리,부산교통정보센터,129.008276,35.220407
11765,L230125,황령터널,부산교통정보센터,129.095145,35.147606
11766,L230209,황령터널(대연방향),부산교통정보센터,129.080562,35.150113
11767,L230210,황령터널(대연방향1230m),부산교통정보센터,129.086233,35.149624
11768,L230211,황령터널(전포방향280m),부산교통정보센터,129.071919,35.150199
11769,L230212,황령터널(전포방향620m),부산교통정보센터,129.081872,35.149928
11770,L230143,회동교차로,부산교통정보센터,129.115975,35.233896
11771,L010001,"2,3호터널",서울교통정보센터,126.98853882157705,37.54324759275993
11772,L010003,63빌딩,서울교통정보센터,126.94014,37.51961
11773,L010004,AT센터,서울교통정보센터,127.03887,37.469765
11774,L010005,가락시장,서울교통정보센터,127.11389,37.49733
11775,L010006,가락시장역,서울교통정보센터,127.11895,37.49284
11776,L010007,가양대교북단,서울교통정보센터,126.86485,37.57592
11777,L010008,강남세브란스,서울교통정보센터,127.0471,37.49404
11778,L010009,강남역,서울교통정보센터,127.02783,37.49823
11779,L010010,강남터미널,서울교통정보센터,127.00893,37.5072
11780,L010011,강서구청,서울교통정보센터,126.85266,37.55606
11781,L010012,강일IC,서울교통정보센터,127.16602,37.57415
11782,L010013,개화교,서울교통정보센터,126.79676,37.58481
11783,L010014,개화사거리,서울교통정보센터,126.803709,37.572497
11784,L010035,거리공원오거리,서울교통정보센터,126.89282,37.49751
11785,L010016,경기고,서울교통정보센터,127.0573,37.52034
11786,L010018,경남아파트,서울교통정보센터,127.00186,37.47492
11787,L010353,경동시장R,서울교통정보센터,127.03847,37.57803
11788,L010020,경복궁역,서울교통정보센터,126.972,37.576
11789,L010022,경인2지하차도,서울교통정보센터,126.86367,37.53001
11790,L010023,고려대,서울교통정보센터,127.03317,37.58659
11791,L010024,고려대역,서울교통정보센터,127.03619,37.58991
11792,L010025,고척교,서울교통정보센터,126.87136,37.49873
11793,L010026,공덕오거리,서울교통정보센터,126.95112,37.54366
11794,L010028,광장사거리,서울교통정보센터,127.10477,37.54531
11795,L010029,광화문,서울교통정보센터,126.97847,37.57554
11796,L010030,광화문광장,서울교통정보센터,126.97739,37.57261
11797,L010031,광흥창역,서울교통정보센터,126.93149,37.54779
11798,L010032,교보타워R,서울교통정보센터,127.0243,37.50407
11799,L010033,교육개발원입구,서울교통정보센터,127.039,37.47787
11800,L010034,구로IC,서울교통정보센터,126.87874,37.48648
11801,L010036,구로역,서울교통정보센터,126.88022,37.50305
11802,L010038,구룡터널,서울교통정보센터,127.0593,37.4759
11803,L010039,구반포R,서울교통정보센터,126.98654,37.5014
11804,L010040,구의사거리,서울교통정보센터,127.08527,37.54525
11805,L010041,구파발,서울교통정보센터,126.91653,37.63891
11806,L010042,국립4.19묘지입구,서울교통정보센터,127.01444,37.6483
11807,L010043,국립국악원,서울교통정보센터,127.00829,37.47864
11808,L010044,국립현충원,서울교통정보센터,126.97564,37.50423
11809,L010045,국회,서울교통정보센터,126.91664,37.52858
11810,L010047,국회도서관,서울교통정보센터,126.91926,37.53008
11811,L010048,군자교,서울교통정보센터,127.07337,37.55982
11812,L010049,굽은다리역,서울교통정보센터,127.1435,37.54653
11813,L010051,길동사거리,서울교통정보센터,127.13829,37.5338
11814,L010052,길음,서울교통정보센터,127.0223,37.60151
11815,L010054,김포공항입구,서울교통정보센터,126.80677,37.56205
11816,L010055,까치고개,서울교통정보센터,126.96763,37.47533
11817,L010056,남대문,서울교통정보센터,126.97482,37.56096
11818,L010057,남태령고개,서울교통정보센터,126.98883,37.45821
11819,L010058,내곡IC,서울교통정보센터,127.07541,37.4586
11820,L010059,노량진삼거리,서울교통정보센터,126.94042,37.51338
11821,L010061,녹번3R,서울교통정보센터,126.93587,37.60025
11822,L010062,녹사평역,서울교통정보센터,126.98769,37.53396
11823,L010063,논현역,서울교통정보센터,127.02115,37.51083
11824,L010065,당곡사거리,서울교통정보센터,126.9284,37.48889
11825,L010066,대공원후문,서울교통정보센터,127.08884,37.55354
11826,L010067,대림삼거리,서울교통정보센터,126.90919,37.49268
11827,L010068,대신R,서울교통정보센터,126.94074,37.56071
11828,L010069,대진고교,서울교통정보센터,127.07531,37.63896
11829,L010070,대치사거리,서울교통정보센터,127.0588,37.50326
11830,L010071,대학로,서울교통정보센터,127.00177,37.58183
11831,L010072,도봉검문소,서울교통정보센터,127.04472,37.69283
11832,L010073,도산공원,서울교통정보센터,127.03397,37.52178
11833,L010074,도선사거리,서울교통정보센터,127.036425,37.566089
11834,L010075,도시철도공사,서울교통정보센터,127.05813,37.56252
11835,L010076,독립문,서울교통정보센터,126.96037,37.57242
11836,L010077,동1로지하차도,서울교통정보센터,127.08007,37.59475
11837,L010078,동교동삼거리,서울교통정보센터,126.92653,37.55898
11838,L010080,동대문운동장,서울교통정보센터,127.00757,37.5662
11839,L010081,동묘앞역,서울교통정보센터,127.01554,37.57283
11840,L010082,동호대교남단,서울교통정보센터,127.02372,37.5315
11841,L010083,둔촌사거리,서울교통정보센터,127.13402,37.52096
11842,L010377,등촌삼거리,서울교통정보센터,126.86404,37.5512
11843,L010085,디지털단지,서울교통정보센터,126.89039,37.47909
11844,L010086,떡전교,서울교통정보센터,127.05176,37.5857
11845,L010087,르네상스,서울교통정보센터,127.04292,37.50298
11846,L010088,마포대교남단,서울교통정보센터,126.92986,37.5287
11847,L010089,말미R,서울교통정보센터,126.89802,37.46639
11848,L010090,망우사거리,서울교통정보센터,127.10025,37.59957
11849,L010091,매봉터널,서울교통정보센터,127.04961,37.48853
11850,L010092,명동역,서울교통정보센터,126.98462,37.56062
11851,L010380,명동입구,서울교통정보센터,126.98173,37.56345
11852,L010094,명일E마트,서울교통정보센터,127.15634,37.5555
11853,L010095,목동교,서울교통정보센터,126.89031,37.53069
11854,L010096,목동오거리,서울교통정보센터,126.86452,37.52645
11855,L010098,문래고가밑,서울교통정보센터,126.89691,37.5132
11856,L010099,미아사거리,서울교통정보센터,127.03028,37.60881
11857,L010100,박미고개,서울교통정보센터,126.90376,37.44716
11858,L010101,박석고개R,서울교통정보센터,126.92004,37.62702
11859,L010102,반포IC,서울교통정보센터,127.01838,37.50279
11860,L010103,반포대교남단,서울교통정보센터,126.99865,37.50957
11861,L010104,발산역,서울교통정보센터,126.83817,37.55877
11862,L010105,방학사거리,서울교통정보센터,127.04263,37.66267
11863,L010106,방학신동아,서울교통정보센터,127.02746,37.66166
11864,L010107,방화대교남단,서울교통정보센터,126.82025,37.58388
11865,L010108,배봉초교,서울교통정보센터,127.06861,37.57882
11866,L010109,번동사거리,서울교통정보센터,127.03423,37.63549
11867,L010111,보라매역,서울교통정보센터,126.92007,37.49976
11868,L010112,복정사거리,서울교통정보센터,127.12643,37.47042
11869,L010113,봉은교서단,서울교통정보센터,127.06625,37.51611
11870,L010114,봉은사삼거리,서울교통정보센터,127.05633,37.51372
11871,L010115,북서울꿈의숲,서울교통정보센터,127.03781,37.61319
11872,L010116,북한남,서울교통정보센터,127.00155,37.54405
11873,L010117,사당역,서울교통정보센터,126.98136,37.47688
11874,L010118,삼각지,서울교통정보센터,126.97442,37.53563
11875,L010119,삼릉공원,서울교통정보센터,127.04185,37.50984
11876,L010120,삼성역,서울교통정보센터,127.06362,37.5088
11877,L010121,삼양R,서울교통정보센터,127.02114,37.61969
11878,L010122,삼양동입구,서울교통정보센터,127.03005,37.61689
11879,L010123,삼전사거리,서울교통정보센터,127.08795,37.5047
11880,L010124,삼정,서울교통정보센터,127.03134,37.50655
11881,L010126,"상계7,9,10단지",서울교통정보센터,127.05854,37.66136
11882,L010127,상계초교,서울교통정보센터,127.06675,37.65729
11883,L010128,상도,서울교통정보센터,126.9478,37.50303
11884,L010129,상암교,서울교통정보센터,126.8992,37.56652
11885,L010130,상암사거리,서울교통정보센터,126.89889,37.57308
11886,L010131,상암초교,서울교통정보센터,126.892496,37.577141
11887,L010132,상왕십리역,서울교통정보센터,127.03025,37.56426
11888,L010133,상일IC,서울교통정보센터,127.17915,37.54903
11889,L010134,생태공원,서울교통정보센터,127.15271,37.5386
11890,L010135,서대문역,서울교통정보센터,126.96665,37.56613
11891,L010136,서부트럭터미널,서울교통정보센터,126.8431,37.50939
11892,L010138,서울교남단,서울교통정보센터,126.91347,37.51891
11893,L010139,서울대입구R,서울교통정보센터,126.95301,37.48141
11894,L010140,서울성모병원,서울교통정보센터,127.0037,37.50215
11895,L010141,서울세관사거리,서울교통정보센터,127.03501,37.51507
11896,L010143,서울역,서울교통정보센터,126.97343,37.55486
11897,L010144,서울혁신파크,서울교통정보센터,126.93163,37.60882
11898,L010145,서초IC,서울교통정보센터,127.02632,37.48329
11899,L010146,서초역사거리,서울교통정보센터,127.00808,37.49171
11900,L010147,석촌역,서울교통정보센터,127.10762,37.50519
11901,L010148,선사사거리,서울교통정보센터,127.12947,37.55494
11902,L010149,선암IC,서울교통정보센터,127.02036,37.46046
11903,L010150,성균관대입구,서울교통정보센터,127.00136,37.58547
11904,L010151,성동교남단,서울교통정보센터,127.04384,37.55177
11905,L010152,성산2교,서울교통정보센터,126.9122197,37.5652843315
11906,L010153,성산대교남단,서울교통정보센터,126.88679,37.54571
11907,L010154,성산대교북단,서울교통정보센터,126.89488,37.55784
11908,L010155,성수대교,서울교통정보센터,127.03455,37.53263
11909,L010156,성수대교남단교차로,서울교통정보센터,127.03447,37.53055
11910,L010404,성신여대입구,서울교통정보센터,127.01662,37.59292
11911,L010158,세곡사거리,서울교통정보센터,127.10857,37.46449
11912,L010161,수락지하도,서울교통정보센터,127.05556,37.6865
11913,L010162,수색교,서울교통정보센터,126.8872229,37.587286772
11914,L010164,수서IC,서울교통정보센터,127.0981438,37.49277034
11915,L010165,수서역,서울교통정보센터,127.10155,37.48706
11916,L010166,수유사거리,서울교통정보센터,127.02318,37.63577
11917,L010168,시립동부병원,서울교통정보센터,127.03056,37.57379
11918,L010169,시청,서울교통정보센터,126.97762,37.56618
11919,L010170,시흥IC,서울교통정보센터,126.898,37.47858
11920,L010171,시흥대교,서울교통정보센터,126.89329,37.45234
11921,L010174,신당로터리,서울교통정보센터,127.01645,37.5652
11922,L010175,신도림역,서울교통정보센터,126.89041,37.51053
11923,L010417,신림사거리,서울교통정보센터,126.92951,37.48443
11924,L010177,신사오거리,서울교통정보센터,126.91594,37.59931
11925,L010178,신설로터리,서울교통정보센터,127.0236,37.57557
11926,L010179,신영삼거리,서울교통정보센터,126.96161,37.60341
11927,L010180,신월IC,서울교통정보센터,126.83491,37.52593
11928,L010181,신정교동단,서울교통정보센터,126.88184,37.51519
11929,L010182,신정네거리역,서울교통정보센터,126.85202,37.52162
11930,L010183,신촌,서울교통정보센터,126.93753,37.5549
11931,L010184,신풍,서울교통정보센터,126.90864,37.50002
11932,L010186,안국역,서울교통정보센터,126.98274,37.57541
11933,L010187,안암오거리,서울교통정보센터,127.02972,37.58266
11934,L010188,안양교,서울교통정보센터,126.87219,37.49232
11935,L010189,압구정R,서울교통정보센터,127.02778,37.52724
11936,L010190,약수고가,서울교통정보센터,127.01067,37.55512
11937,L010191,양재IC,서울교통정보센터,127.0401726,37.46363635
11938,L010192,양재역,서울교통정보센터,127.03394,37.48434
11939,L010422,양평교동단,서울교통정보센터,126.88977,37.53969
11940,L010195,양화대교남단,서울교통정보센터,126.90038,37.53866
11941,L010194,양화대교북단,서울교통정보센터,126.90816,37.54696
11942,L010198,어린이대공원역,서울교통정보센터,127.07383,37.54717
11943,L010199,여의공원,서울교통정보센터,126.92016,37.52557
11944,L010200,여의교남단,서울교통정보센터,126.92683,37.51489
11945,L010201,여의교북단,서울교통정보센터,126.92807,37.5171
11946,L010204,여의도국민은행,서울교통정보센터,126.91874,37.52846
11947,L010205,여의하류IC,서울교통정보센터,126.9082,37.53288
11948,L010426,역삼역,서울교통정보센터,127.0365622,37.50071403
11949,L010207,역촌R,서울교통정보센터,126.923,37.606
11950,L010208,연세대,서울교통정보센터,126.93463,37.55975
11951,L010209,연신내,서울교통정보센터,126.92125,37.61868
11952,L010210,연희IC,서울교통정보센터,126.92919,37.56494
11953,L010211,염곡,서울교통정보센터,127.04301,37.46609
11954,L010212,염곡IC,서울교통정보센터,127.055515,37.459046
11955,L010213,염천교,서울교통정보센터,126.971584,37.559516
11956,L010214,영동대교남단,서울교통정보센터,127.05435,37.52605
11957,L010215,영동대교북단,서울교통정보센터,127.05949,37.53383
11958,L010216,영동전화국,서울교통정보센터,127.04439,37.50341
11959,L010431,영등포구청,서울교통정보센터,126.89746,37.5279
11960,L010218,영등포시장,서울교통정보센터,126.90475,37.51985
11961,L010219,영등포역,서울교통정보센터,126.90712,37.51627
11962,L010220,영등포전화국R,서울교통정보센터,126.90573,37.52575
11963,L010221,예일여고,서울교통정보센터,126.9174863,37.6109312789
11964,L010222,오금교서단,서울교통정보센터,126.87221,37.50966
11965,L010223,오금사거리,서울교통정보센터,127.12393,37.50448
11966,L010224,오류IC,서울교통정보센터,126.84834,37.49831
11967,L010225,오륜R,서울교통정보센터,127.1395,37.50694
11968,L010226,오목교,서울교통정보센터,126.8812,37.52348
11969,L010227,온수,서울교통정보센터,126.83714,37.4928
11970,L010229,올림픽공원,서울교통정보센터,127.11248,37.5171
11971,L010231,올림픽대교남단,서울교통정보센터,127.11764222,37.52571352
11972,L010233,왕십리역오거리,서울교통정보센터,127.0352,37.56116
11973,L010234,외발산사거리,서울교통정보센터,126.81685,37.55137
11974,L010235,용곡삼거리,서울교통정보센터,127.08599,37.56936
11975,L010432,용비IC,서울교통정보센터,127.02938,37.54256
11976,L010237,용산가족공원,서울교통정보센터,126.9833,37.51958
11977,L010238,용산구청,서울교통정보센터,126.96668,37.53805
11978,L010239,우신초교,서울교통정보센터,126.91049,37.51087
11979,L010240,워커힐,서울교통정보센터,127.10929,37.55151
11980,L010241,원남R,서울교통정보센터,126.99715,37.57626
11981,L010242,원불교,서울교통정보센터,126.96522,37.50744
11982,L010243,원효대교남단,서울교통정보센터,126.93783,37.52305
11983,L010244,월계1교,서울교통정보센터,127.06254,37.63227
11984,L010245,월계2교,서울교통정보센터,127.04967,37.6244
11985,L010246,월계진아,서울교통정보센터,127.06434,37.62847
11986,L010247,월곡역,서울교통정보센터,127.041757,37.602264
11987,L010017,월드컵경기장,서울교통정보센터,126.89327995309,37.5676406
11988,L010248,월드컵정문,서울교통정보센터,126.8945,37.56899
11989,L010249,월릉교,서울교통정보센터,127.07224,37.61667
11990,L010252,은마아파트,서울교통정보센터,127.060775,37.498892
11991,L010253,은평구청,서울교통정보센터,126.92731,37.6017
11992,L010254,을지로1가,서울교통정보센터,126.98297,37.5662
11993,L010255,을지로2가,서울교통정보센터,126.98728,37.56637
11994,L010256,을지로3R,서울교통정보센터,126.99008,37.56644
11995,L010257,을지로4가,서울교통정보센터,126.99799,37.56652
11996,L010258,을지병원R,서울교통정보센터,127.02792,37.51993
11997,L010259,응봉고개,서울교통정보센터,127.03439,37.55323
11998,L010260,응암오거리,서울교통정보센터,126.917162,37.590201
11999,L010261,이대역,서울교통정보센터,126.94573,37.5566
12000,L010262,이수교,서울교통정보센터,126.98509,37.49925
12001,L010263,이수역,서울교통정보센터,126.9824,37.4846
12002,L010264,이화사거리,서울교통정보센터,127.00235,37.576
12003,L010265,일원터널,서울교통정보센터,127.07568,37.48654
12004,L010268,잠실대교북단,서울교통정보센터,127.08826,37.52834
12005,L010269,잠실역,서울교통정보센터,127.0988,37.51424
12006,L010270,잠원IC,서울교통정보센터,127.01567,37.50955
12007,L010271,장승배기,서울교통정보센터,126.93955,37.5052
12008,L010272,장안R,서울교통정보센터,127.07193,37.5725
12009,L010273,장안교,서울교통정보센터,127.0795,37.58155
12010,L010274,장지교,서울교통정보센터,127.126726,37.475745
12011,L010275,장충로터리,서울교통정보센터,127.00593,37.55924
12012,L010276,장평교,서울교통정보센터,127.07944,37.57187
12013,L010277,전농,서울교통정보센터,127.05787,37.57775
12014,L010279,정의여중,서울교통정보센터,127.03643,37.6511
12015,L010459,종로1가,서울교통정보센터,126.98323,37.57003
12016,L010281,종로2가,서울교통정보센터,126.98803,37.5704
12017,L010159,종로3가,서울교통정보센터,126.9920452,37.5702045
12018,L010460,종로4가,서울교통정보센터,126.9985,37.57102
12019,L010284,종합운동장,서울교통정보센터,127.07795,37.51202
12020,L010285,중계역,서울교통정보센터,127.06429,37.64547
12021,L010286,중랑교,서울교통정보센터,127.06956,37.59211
12022,L010287,중화중교,서울교통정보센터,127.09495,37.58629
12023,L010288,증산교,서울교통정보센터,126.90307,37.5773
12024,L010289,증산역,서울교통정보센터,126.9106,37.58451
12025,L010290,창덕궁R,서울교통정보센터,126.99,37.57729
12026,L010291,창동교,서울교통정보센터,127.05486,37.65324
12027,L010292,천호대교남단,서울교통정보센터,127.11892,37.54111
12028,L010293,천호사거리,서울교통정보센터,127.12317,37.53849
12029,L010294,철도빌딩,서울교통정보센터,126.96921,37.55323
12030,L010295,철산대교,서울교통정보센터,126.87825,37.47533
12031,L010296,청계2가,서울교통정보센터,126.98737,37.56783
12032,L010297,청계5가,서울교통정보센터,127.00227,37.56993
12033,L010298,청계6가,서울교통정보센터,127.00838,37.5709
12034,L010299,청계8가,서울교통정보센터,127.02354,37.57205
12035,L010482,청계광장,서울교통정보센터,126.97863,37.56889
12036,L010300,청담공원,서울교통정보센터,127.05061,37.51867
12037,L010301,청담교,서울교통정보센터,127.06543,37.5182
12038,L010302,청담대교북단,서울교통정보센터,127.06685,37.53133
12039,L010303,청담사거리,서울교통정보센터,127.04751,37.52448
12040,L010304,청량리,서울교통정보센터,127.046,37.58
12041,L010305,청운초교,서울교통정보센터,126.970233,37.585115
12042,L010306,충정로,서울교통정보센터,126.96293,37.55976
12043,L010307,코엑스,서울교통정보센터,127.06079,37.5141
12044,L010308,탄천1교,서울교통정보센터,127.08075,37.49949
12045,L010309,탄천2교,서울교통정보센터,127.07052,37.50181
12046,L010311,태양아파트,서울교통정보센터,127.04411,37.57223
12047,L010312,테크노마트,서울교통정보센터,127.09592,37.53527
12048,L010313,퇴계2가,서울교통정보센터,126.99109,37.56169
12049,L010477,퇴계4가,서울교통정보센터,126.99886,37.56248
12050,L010315,퇴계5가,서울교통정보센터,127.002131,37.562849
12051,L010316,포스코,서울교통정보센터,127.05675,37.50722
12052,L010479,하계역,서울교통정보센터,127.06808,37.6357
12053,L010318,학여울역,서울교통정보센터,127.0703,37.49641
12054,L010481,한강대교남단,서울교통정보센터,126.95552,37.51346
12055,L010480,한강대교북단,서울교통정보센터,126.96152,37.52268
12056,L010321,한강중학교,서울교통정보센터,126.99199,37.52651
12057,L010322,한남고가,서울교통정보센터,127.00729,37.53337
12058,L010487,한남대교남단,서울교통정보센터,127.01665,37.52367
12059,L010486,한남대교남단2,서울교통정보센터,127.01654,37.52377
12060,L010325,한성대입구,서울교통정보센터,127.00595,37.58822
12061,L010326,한양대,서울교통정보센터,127.04326,37.55699
12062,L010327,합정역,서울교통정보센터,126.91345,37.54895
12063,L010328,행주대교남단,서울교통정보센터,126.80435,37.59221
12064,L010329,홍남교,서울교통정보센터,126.92613,37.57554
12065,L010331,홍은,서울교통정보센터,126.94111,37.59151
12066,L010332,화곡역,서울교통정보센터,126.84018,37.5417
12067,L010333,화곡입구,서울교통정보센터,126.82633,37.53924
12068,L010334,화랑대사거리,서울교통정보센터,127.0875,37.6215
12069,L010336,화양고가,서울교통정보센터,127.06748,37.54868
12070,L010337,회기역,서울교통정보센터,127.05591,37.59022
12071,L010338,회현R,서울교통정보센터,126.98263,37.56023
12072,L010340,힐튼호텔,서울교통정보센터,126.97664,37.55601
12073,L190001,CJ연구소,수원교통정보센터,127.040007211,37.286469782
12074,L190002,가람마을사거리,수원교통정보센터,127.051303348,37.275089857
12075,L190003,가온마을 305동 사거리,수원교통정보센터,126.9393998857,37.2768224615
12076,L190004,경기대후문사거리,수원교통정보센터,127.0412955,37.296941831
12077,L190005,경기아트센터사거리,수원교통정보센터,127.038029372111,37.259941842
12078,L190006,경찰청고개,수원교통정보센터,127.035535627,37.293993604
12079,L190007,고등동사거리,수원교통정보센터,127.00214223751,37.273100887544
12080,L190008,고색사거리,수원교통정보센터,126.976188915,37.249694052
12081,L190009,곡선사거리,수원교통정보센터,127.036857024,37.256627163
12082,L190010,관터사거리,수원교통정보센터,127.053503476,37.273179109
12083,L190011,광교로삼거리,수원교통정보센터,127.051813189,37.305496651
12084,L190012,광교사거리,수원교통정보센터,127.049256367,37.295320923
12085,L190013,광교중앙공원,수원교통정보센터,127.055365285565,37.29581216254
12086,L190014,광교중앙로사거리,수원교통정보센터,127.056591708,37.285044049
12087,L190015,광교중앙역삼거리,수원교통정보센터,127.05062623,37.289519887
12088,L190016,교동사거리,수원교통정보센터,127.016281262,37.272434554
12089,L190017,구운사거리,수원교통정보센터,126.969558422,37.283850835
12090,L190018,구운오거리,수원교통정보센터,126.973839561,37.2816623
12091,L190019,권곡사거리,수원교통정보센터,127.032351535,37.246624395
12092,L190020,권선사거리,수원교통정보센터,127.023666847,37.260177713
12093,L190021,권선지하차도 사거리,수원교통정보센터,127.03819836,37.245095048
12094,L190022,난방공사사거리,수원교통정보센터,127.065595932,37.25723558
12095,L190023,농수산시장사거리,수원교통정보센터,127.030277626,37.258069347
12096,L190024,느티나무사거리,수원교통정보센터,127.075591998,37.255655915
12097,L190025,능골사거리,수원교통정보센터,126.961927724,37.255607333
12098,L190026,도청오거리,수원교통정보센터,127.008584681,37.269504978
12099,L190027,동수원사거리,수원교통정보센터,127.031206373,37.27800004
12100,L190028,두암골사거리,수원교통정보센터,126.960503554,37.272309988
12101,L190029,만석공원사거리,수원교통정보센터,126.997510391,37.297769
12102,L190030,망포역사거리,수원교통정보센터,127.057145291,37.246022148
12103,L190031,망포지하차도위,수원교통정보센터,127.060229041,37.237305995
12104,L190032,매교역사거리,수원교통정보센터,127.015808314,37.265447191
12105,L190033,매탄권선역사거리,수원교통정보센터,127.042016764,37.251541744
12106,L190034,박지성삼거리,수원교통정보센터,127.045709159,37.238505648
12107,L190035,벌말교차로,수원교통정보센터,126.998332198,37.259542868
12108,L190036,벌터교차로,수원교통정보센터,126.99582376,37.26167525
12109,L190037,법원사거리,수원교통정보센터,127.047998946,37.273342285
12110,L190038,비행장사거리,수원교통정보센터,127.017580789,37.241790226
12111,L190039,산드레미사거리,수원교통정보센터,127.055541538,37.267076951
12112,L190040,산업단지교차로6,수원교통정보센터,126.9791615916,37.2406344848
12113,L190041,산의초교사거리,수원교통정보센터,127.057311803,37.288798308
12114,L190042,삼성삼거리,수원교통정보센터,127.069813982,37.268099888
12115,L190043,서둔교차로,수원교통정보센터,126.993944834,37.270724261
12116,L190044,서천사거리,수원교통정보센터,127.075484306,37.247851588
12117,L190045,성대역사거리,수원교통정보센터,126.972971914,37.300721687
12118,L190046,세류사거리,수원교통정보센터,127.011346601,37.25399326
12119,L190047,세삼사거리,수원교통정보센터,127.048136127,37.247175664
12120,L190048,센트럴파크로사거리,수원교통정보센터,127.061992007,37.289718502
12121,L190049,솔대사거리,수원교통정보센터,127.002074013,37.305800119
12122,L190050,수원역광장삼거리,수원교통정보센터,127.001422471,37.266282046
12123,L190051,시청사거리,수원교통정보센터,127.02488992,37.263251486
12124,L190052,신대저수지,수원교통정보센터,127.073310034,37.282770008
12125,L190053,신매탄사거리,수원교통정보센터,127.040283058,37.265602783
12126,L190054,안죽골삼거리,수원교통정보센터,126.978560076,37.312060521
12127,L190055,에콘힐사거리,수원교통정보센터,127.059265285,37.273179914
12128,L190056,연화장,수원교통정보센터,127.0780321,37.287645683
12129,L190057,영통고가밑사거리,수원교통정보센터,127.081902412,37.267950815
12130,L190058,영통구청사거리,수원교통정보센터,127.047973897,37.258293855
12131,L190059,영통사거리,수원교통정보센터,127.066013567,37.246218479
12132,L190060,영화초교사거리,수원교통정보센터,127.016338977,37.294890112
12133,L190061,오목천교사거리,수원교통정보센터,126.967563612,37.24737555
12134,L190062,우만사거리,수원교통정보센터,127.037987583,37.276784729
12135,L190063,운동장사거리,수원교통정보센터,127.009667223,37.295348171
12136,L190064,원천교사거리,수원교통정보센터,127.060971004,37.270201813
12137,L190065,육교사거리,수원교통정보센터,126.999158058,37.269560932
12138,L190066,이의중삼거리,수원교통정보센터,127.070909097,37.290032023
12139,L190067,인계사거리,수원교통정보센터,127.027539235,37.268526601
12140,L190068,인도래사거리,수원교통정보센터,127.033758959,37.267072636
12141,L190069,장안구청사거리,수원교통정보센터,127.009231469,37.301922441
12142,L190070,정자사거리,수원교통정보센터,127.00305168,37.290679156
12143,L190071,정조사거리,수원교통정보센터,127.014325602,37.262425234
12144,L190072,정천지하보차도위,수원교통정보센터,126.984979281,37.291039381
12145,L190073,종로사거리,수원교통정보센터,127.016743945,37.281953878
12146,L190074,중소기업지원센터사거리,수원교통정보센터,127.044986908,37.29043875
12147,L190075,지동사거리,수원교통정보센터,127.023678683,37.27587479
12148,L190076,지지대교차로,수원교통정보센터,126.98831324,37.319190636
12149,L190077,창룡문사거리,수원교통정보센터,127.025306754,37.289548672
12150,L190078,천천초교사거리,수원교통정보센터,126.983070071,37.3010138735
12151,L190079,큰우물사거리,수원교통정보센터,127.061559951,37.264529594
12152,L190080,터미널사거리,수원교통정보센터,127.018451211,37.250294735
12153,L190081,퉁소바위사거리,수원교통정보센터,127.028785737,37.291766869
12154,L190082,평동사거리,수원교통정보센터,126.990859156,37.253523298
12155,L190083,학술림삼거리,수원교통정보센터,126.942968936,37.26756841
12156,L190084,행정타운사거리,수원교통정보센터,126.971559629,37.261890756
12157,L190085,호매실도서관사거리,수원교통정보센터,126.957707833,37.265716533
12158,L190086,호매실사거리,수원교통정보센터,126.964457172,37.261063005
12159,L190087,호매실지하차도위사거리,수원교통정보센터,126.957034899,37.261367384
12160,L190088,호매실홈플러스사거리,수원교통정보센터,126.956257611,37.275228232
12161,L190089,호반마을삼거리,수원교통정보센터,127.066896512,37.276114704
12162,L190090,화서문로터리,수원교통정보센터,127.007553225,37.285400531
12163,L190091,화서역사거리,수원교통정보센터,126.989479208,37.285977698
12164,L190092,효성사거리,수원교통정보센터,127.038517694,37.28298852
12165,E43001,갈산1교차로,아산교통정보센터,127.065855,36.786463
12166,E43002,곡교천야영장,아산교통정보센터,127.024916,36.796307
12167,E43003,남성사거리,아산교통정보센터,126.954307,36.783283
12168,E43004,덕지1교차로,아산교통정보센터,127.084005,36.834082
12169,E43005,돌다리2교차로,아산교통정보센터,127.056657,36.918569
12170,E43006,동신사거리,아산교통정보센터,127.019223,36.778205
12171,E43007,동암1교차로,아산교통정보센터,127.062402,36.841779
12172,E43008,동천교회사거리,아산교통정보센터,127.01145,36.785048
12173,E43009,매곡교차로,아산교통정보센터,127.08341,36.788695
12174,E43010,매곡삼거리,아산교통정보센터,127.087809,36.780498
12175,E43011,모산중학교,아산교통정보센터,127.055131,36.769462
12176,E43012,박물관사거리,아산교통정보센터,127.007098,36.790512
12177,E43013,배방교차로,아산교통정보센터,127.08835,36.7898
12178,E43014,배방역사거리,아산교통정보센터,127.054275,36.776815
12179,E43015,산동사거리,아산교통정보센터,127.093906,36.829714
12180,E43016,삼정백조 APT,아산교통정보센터,126.969828,36.786787
12181,E43017,석정교차로,아산교통정보센터,127.007316,36.803084
12182,E43018,선창교차로,아산교통정보센터,126.866231,36.795126
12183,E43019,세교교차로,아산교통정보센터,127.09235,36.782115
12184,E43020,시포사거리,아산교통정보센터,127.034962,36.926685
12185,E43021,신정삼거리,아산교통정보센터,126.9834,36.78615
12186,E43022,신정호교차로,아산교통정보센터,126.981863,36.771769
12187,E43023,실옥사거리,아산교통정보센터,126.995745,36.790048
12188,E43024,아산경찰서 삼거리,아산교통정보센터,127.021647,36.772597
12189,E43025,아산세교초 사거리,아산교통정보센터,127.094676,36.77817
12190,E43026,암소고개삼거리,아산교통정보센터,127.082157,36.772442
12191,E43027,역전삼거리,아산교통정보센터,127.003822,36.781234
12192,E43028,옥정사거리,아산교통정보센터,126.993215,36.79422
12193,E43029,온천마을 APT,아산교통정보센터,127.002062,36.775194
12194,E43030,용화동사거리,아산교통정보센터,126.99425,36.771125
12195,E43031,월천도시개발지구 사거리,아산교통정보센터,127.07556,36.770994
12196,E43032,은수교차로,아산교통정보센터,127.074735,36.776723
12197,E43033,이마트 트레이더스,아산교통정보센터,127.10634,36.79704
12198,E43034,이지더원7단지 삼거리,아산교통정보센터,127.051015,36.920592
12199,E43035,중앙도서관,아산교통정보센터,127.006505,36.770137
12200,E43036,초사동사거리,아산교통정보센터,126.973533,36.754814
12201,E43037,코아루웰메이드시티,아산교통정보센터,127.10325,36.78706
12202,E43038,탕정사거리,아산교통정보센터,127.056374,36.797017
12203,E43039,풍기1교차로,아산교통정보센터,127.027202,36.775722
12204,E43040,풍기2교차로,아산교통정보센터,127.01462,36.77158
12205,E43041,한내대교 남단,아산교통정보센터,127.053411,36.788918
12206,E43042,현충교차로,아산교통정보센터,127.044137,36.795997
12207,E43043,현충사입구사거리,아산교통정보센터,127.026843,36.800093
12208,E43044,호반써밋사거리,아산교통정보센터,127.068125,36.79347
12209,E43045,휴먼시아 1단지,아산교통정보센터,127.08774,36.79575
12210,L240031,13번교차로,양산교통정보센터,129.0389,35.3563
12211,L240010,강서치안센터삼거리,양산교통정보센터,129.035695,35.358153
12212,L240001,공원묘지입구,양산교통정보센터,129.087158,35.475251
12213,L240005,남양산 IC,양산교통정보센터,129.029684,35.322371
12214,L240014,내송사거리,양산교통정보센터,129.058271,35.325043
12215,L240030,내송역,양산교통정보센터,129.065046,35.31629
12216,L240022,덕계사거리,양산교통정보센터,129.153055,35.373997
12217,L240007,동산초교앞 삼거리,양산교통정보센터,129.024644,35.303861
12218,L240028,동원로얄듀크사거리,양산교통정보센터,129.013017,35.325032
12219,L240019,물금 IC,양산교통정보센터,129.017222,35.308101
12220,L240002,반회삼거리,양산교통정보센터,129.056316,35.41229
12221,L240003,범어정수장입구,양산교통정보센터,129.012818,35.335905
12222,L240018,범어지하차도사거리,양산교통정보센터,129.006389,35.330468
12223,L240029,사송롯데캐슬인근교차로,양산교통정보센터,129.069684,35.312453
12224,L240020,사송육교삼거리,양산교통정보센터,129.080694,35.303982
12225,L240008,산막공단입구삼거리,양산교통정보센터,129.044927,35.371045
12226,L240023,삼호사거리,양산교통정보센터,129.168638,35.415449
12227,L240009,새롬성원아파트사거리,양산교통정보센터,129.044865,35.358794
12228,L240025,서창삼거리,양산교통정보센터,129.163006,35.400441
12229,L240015,석산교사거리,양산교통정보센터,129.034745,35.329884
12230,L240026,신도시주유소사거리,양산교통정보센터,129.028807,35.334912
12231,L240027,양산천교밑사거리,양산교통정보센터,129.022254,35.323653
12232,L240017,양산축산농협삼거리,양산교통정보센터,129.148181,35.381917
12233,L240013,어곡사거리,양산교통정보센터,129.027399,35.373707
12234,L240024,용당마을삼거리,양산교통정보센터,129.183543,35.427689
12235,L240021,월평고개삼거리,양산교통정보센터,129.146062,35.366568
12236,L240011,종합운동장사거리,양산교통정보센터,129.033718,35.343495
12237,L240004,창기마을 인근,양산교통정보센터,129.132946,35.350437
12238,L240012,협성강변타운삼거리,양산교통정보센터,129.024472,35.340767
12239,L240006,호포고가교삼거리,양산교통정보센터,129.014953,35.288121
12240,E630027,고창군(부정교),영산강홍수통제소,126.623333333333,35.4725
12241,E630037,곡성군(금곡교),영산강홍수통제소,127.295833333333,35.3113888888888
12242,E630047,곡성군(태안교),영산강홍수통제소,127.346666666666,35.1602777777777
12243,E630031,광양시(서산교),영산강홍수통제소,127.58,34.9677777777777
12244,E630008,광양시(용강교),영산강홍수통제소,127.601944444444,34.9747222222222
12245,E630035,광주광역시(극락교),영산강홍수통제소,126.825833333333,35.1358333333333
12246,E630006,광주광역시(용산교),영산강홍수통제소,126.888611111111,35.2405555555555
12247,E630007,광주광역시(용진교),영산강홍수통제소,126.746666666666,35.2152777777777
12248,E630036,광주광역시(유촌교),영산강홍수통제소,126.856666666666,35.1669444444444
12249,E630032,광주광역시(장록교),영산강홍수통제소,126.785,35.1341666666666
12250,E630009,광주광역시(평림교),영산강홍수통제소,126.69,35.1652777777777
12251,E630010,광주광역시(풍영정천2교),영산강홍수통제소,126.814722222222,35.1716666666666
12252,E630040,구례군(구례교),영산강홍수통제소,127.454166666666,35.1655555555555
12253,E630041,구례군(송정리),영산강홍수통제소,127.558611111111,35.1922222222222
12254,E630033,나주시(나주대교),영산강홍수통제소,126.732222222222,35.0372222222222
12255,E630034,나주시(남평교),영산강홍수통제소,126.845277777777,35.0494444444444
12256,E630012,나주시(동곡리),영산강홍수통제소,126.716111111111,34.9675
12257,E630013,나주시(우산교),영산강홍수통제소,126.8825,34.9833333333333
12258,E630042,남원시(동림교),영산강홍수통제소,127.391388888888,35.4086111111111
12259,E630004,남원시(월석교),영산강홍수통제소,127.514444444444,35.4977777777777
12260,E630014,담양군(삼지교),영산강홍수통제소,126.935833333333,35.2705555555555
12261,E630015,담양군(양지교),영산강홍수통제소,126.943611111111,35.2561111111111
12262,E630053,서귀포시(개끄리민교),영산강홍수통제소,126.341944444444,33.2438888888888
12263,E630056,서귀포시(평화교),영산강홍수통제소,126.846666666666,33.3425
12264,E630016,순창군(옥천교),영산강홍수통제소,127.133611111111,35.3741666666666
12265,E630038,순창군(유적교),영산강홍수통제소,127.209166666666,35.3927777777777
12266,E630017,순창군(현포리),영산강홍수통제소,127.245277777777,35.4394444444444
12267,E630018,순천시(연동교),영산강홍수통제소,127.4875,34.9166666666666
12268,E630019,순천시(용서교),영산강홍수통제소,127.463333333333,35.1494444444444
12269,E630050,완주군(삼례교),영산강홍수통제소,127.071111111111,35.8983333333333
12270,E630049,완주군(용봉교),영산강홍수통제소,127.170833333333,35.9419444444444
12271,E630001,완주군(제2소양교),영산강홍수통제소,127.155277777777,35.8780555555555
12272,E630003,임실군(강동교),영산강홍수통제소,127.16,35.5272222222222
12273,E630002,임실군(신기교),영산강홍수통제소,127.324722222222,35.5077777777777
12274,E630051,임실군(일중리),영산강홍수통제소,127.15,35.4963888888888
12275,E630020,장성군(금계리),영산강홍수통제소,126.776111111111,35.3194444444444
12276,E630043,장성군(제2황룡교),영산강홍수통제소,126.77,35.2908333333333
12277,E630021,장흥군(감천교),영산강홍수통제소,126.886666666666,34.6622222222222
12278,E630022,장흥군(별천교),영산강홍수통제소,126.906111111111,34.7313888888888
12279,E630044,장흥군(예양교),영산강홍수통제소,126.903055555555,34.6747222222222
12280,E630048,전주시(미산교),영산강홍수통제소,127.0975,35.8794444444444
12281,E630052,전주시(서천교),영산강홍수통제소,127.141388888888,35.8122222222222
12282,E630028,전주시(세내교),영산강홍수통제소,127.112222222222,35.7925
12283,E630023,정읍시(거산교),영산강홍수통제소,126.927222222222,35.6486111111111
12284,E630039,정읍시(정우교),영산강홍수통제소,126.889166666666,35.6769444444444
12285,E630024,정읍시(죽림교),영산강홍수통제소,126.843611111111,35.5677777777777
12286,E630045,정읍시(초강리),영산강홍수통제소,126.862777777777,35.6444444444444
12287,E630054,제주시(개롱이교),영산강홍수통제소,126.301111111111,33.4369444444444
12288,E630055,제주시(제2동산교),영산강홍수통제소,126.512222222222,33.4963888888888
12289,E630005,진안군(좌포교),영산강홍수통제소,127.318333333333,35.7366666666666
12290,E630025,하동군(가탄교),영산강홍수통제소,127.632777777777,35.2002777777777
12291,E630011,하동군(대석교),영산강홍수통제소,127.783611111111,35.0591666666666
12292,E630046,하동군(읍내리),영산강홍수통제소,127.740277777777,35.0666666666666
12293,E630026,함평군(원고막교),영산강홍수통제소,126.591111111111,35.0352777777777
12294,E630029,함평군(학야교),영산강홍수통제소,126.528333333333,35.0186111111111
12295,E630030,화순군(주도교),영산강홍수통제소,126.9475,35.0327777777777
12296,L080001,KT앞삼거리,용인교통정보센터,127.1031246,37.33323396
12297,L080002,강남대삼거리,용인교통정보센터,127.1259721,37.2703591
12298,L080003,강동냉장사거리,용인교통정보센터,127.1019875,37.2285236
12299,L080004,경인주유소앞,용인교통정보센터,127.1069179,37.2383455
12300,L080005,고매판매시설입구3R,용인교통정보센터,127.120621,37.2294979
12301,L080006,고진역,용인교통정보센터,127.212573,37.2454768
12302,L080007,공원사거리,용인교통정보센터,127.073258,37.297599
12303,L080008,공원사거리(교차로감시),용인교통정보센터,127.0736233,37.2974919
12304,L080009,관곡초교뒤편,용인교통정보센터,127.115447,37.2826644
12305,L080010,광교마을입구사거리,용인교통정보센터,127.0689298,37.2954763
12306,L080011,구갈교 4R,용인교통정보센터,127.1339899,37.2681036
12307,L080012,기흥TG,용인교통정보센터,127.1036513,37.2216362
12308,L080013,기흥역,용인교통정보센터,127.1161604,37.2739252
12309,L080014,기흥이케아입구,용인교통정보센터,127.1144439,37.222758
12310,L080015,능안교,용인교통정보센터,127.1137128,37.2312919
12311,L080016,단국대삼거리,용인교통정보센터,127.1245049,37.3243353
12312,L080017,도립박물관입구3,용인교통정보센터,127.1051976,37.2670638
12313,L080018,독바위앞,용인교통정보센터,127.0667445,37.2993902
12314,L080019,동백사랑의교회앞삼거리,용인교통정보센터,127.161527,37.2617433
12315,L080020,동백역앞,용인교통정보센터,127.1527193,37.2688217
12316,L080021,동백중학교사거리,용인교통정보센터,127.1593887,37.2845335
12317,L080022,동백지하차도(위),용인교통정보센터,127.1510808,37.2856153
12318,L080023,동천역삼거리,용인교통정보센터,127.1030445,37.33910996
12319,L080024,등기소앞사거리,용인교통정보센터,127.1853196,37.2367914
12320,L080025,마북IC(동백방면),용인교통정보센터,127.1302631,37.3071342
12321,L080026,마북IC(성남방면),용인교통정보센터,127.12818,37.309656
12322,L080027,마북삼거리(용구대로),용인교통정보센터,127.10996682,37.29606236
12323,L080028,마성1교차로,용인교통정보센터,127.1956076,37.2773173
12324,L080032,마평3R,용인교통정보센터,127.2179826,37.2334619
12325,L080029,마평교차로,용인교통정보센터,127.2325732,37.232076
12326,L080030,마평교차로(교차로감시),용인교통정보센터,127.2330198,37.2320975
12327,L080031,마평동,용인교통정보센터,127.2281679,37.2332252
12328,L080033,면허시험장3R,용인교통정보센터,127.1087305,37.2881113
12329,L080034,민속촌입구3R,용인교통정보센터,127.1050872,37.2551523
12330,L080035,버드실 4R,용인교통정보센터,127.2122488,37.2545418
12331,L080036,버들치마을사거리,용인교통정보센터,127.0619651,37.3196191
12332,L080037,보라동이마트,용인교통정보센터,127.1045342,37.2479195
12333,L080038,보정교차로 삼거리,용인교통정보센터,127.106072,37.307019
12334,L080039,보정역삼거리,용인교통정보센터,127.1086125,37.3152365
12335,L080040,삼가삼거리,용인교통정보센터,127.1663075,37.2438776
12336,L080041,삼가역삼거리,용인교통정보센터,127.1685045,37.2416582
12337,L080042,삼막곡사거리,용인교통정보센터,127.0993654,37.2953948
12338,L080043,상갈교차로,용인교통정보센터,127.1159727,37.271361
12339,L080044,상현동육교,용인교통정보센터,127.0832746,37.3104114
12340,L080045,서수지IC사거리,용인교통정보센터,127.0592482,37.3225319
12341,L080046,성복역교차로,용인교통정보센터,127.080146,37.313666
12342,L080047,소실마을입구4,용인교통정보센터,127.1021991,37.3064095
12343,L080048,수원TG3R,용인교통정보센터,127.0990264,37.2695507
12344,L080049,수지구청 4R,용인교통정보센터,127.0970741,37.3211551
12345,L080050,수지이마트4R,용인교통정보센터,127.0832308,37.3187608
12346,L080051,신갈5R,용인교통정보센터,127.1060234,37.2717934
12347,L080052,신갈중입구4R,용인교통정보센터,127.1059532,37.2798436
12348,L080053,신원아파트사거리,용인교통정보센터,127.216218,37.268914
12349,L080054,아가방물류센터3R,용인교통정보센터,127.102808,37.241667
12350,L080055,아모레퍼시픽 3R,용인교통정보센터,127.104105,37.261302
12351,L080056,양지사거리,용인교통정보센터,127.286201,37.233363
12352,L080057,어정교차로,용인교통정보센터,127.1342502,37.2632558
12353,L080058,언동3교,용인교통정보센터,127.1349823,37.2891615
12354,L080059,연원마을 3R,용인교통정보센터,127.1065625,37.3001846
12355,L080060,영통입구 4R,용인교통정보센터,127.0822842,37.2689087
12356,L080061,오뚜기식품3R,용인교통정보센터,127.1474963,37.2513642
12357,L080062,용인IC입구,용인교통정보센터,127.2129571,37.2607443
12358,L080063,용인변전소,용인교통정보센터,127.210182,37.2252073
12359,L080064,용인사거리,용인교통정보센터,127.2090386,37.2354008
12360,L080065,용인시청정문,용인교통정보센터,127.1776135,37.2381841
12361,L080066,용인터미널사거리,용인교통정보센터,127.2093233,37.2329118
12362,L080067,용인터미널사거리(교차로감시),용인교통정보센터,127.2093212,37.2327782
12363,L080068,유림교사거리,용인교통정보센터,127.219362,37.252108
12364,L080069,유림교사거리(교차로감시),용인교통정보센터,127.2191627,37.2520694
12365,L080095,이마트 4R,용인교통정보센터,127.0739747,37.2764012
12366,L080070,이케아북측3R,용인교통정보센터,127.1166931,37.2237929
12367,L080071,장애인복지관앞,용인교통정보센터,127.1053,37.3158
12368,L080072,전대3R,용인교통정보센터,127.2274128,37.2760463
12369,L080074,죽전4R,용인교통정보센터,127.1086998,37.3258236
12370,L080073,죽전교차로,용인교통정보센터,127.1181108,37.3316954
12371,L080076,죽전성당앞4,용인교통정보센터,127.1092001,37.3316672
12372,L080077,죽전육교(포은대로),용인교통정보센터,127.13377143,37.32723616
12373,L080078,죽현 3R,용인교통정보센터,127.1087469,37.3206669
12374,L080079,중앙공원,용인교통정보센터,127.205724,37.2328245
12375,L080080,지곡동입구3R,용인교통정보센터,127.1244283,37.2553072
12376,L080081,진흥아파트 4R,용인교통정보센터,127.14075,37.2611811
12377,L080082,청덕고교4R,용인교통정보센터,127.1436521,37.290641
12378,L080083,초당역,용인교통정보센터,127.159501,37.2605163
12379,L080084,초입마을3R,용인교통정보센터,127.0980326,37.3333821
12380,L080085,토월노인회3R,용인교통정보센터,127.0924,37.3265
12381,L080086,통일공원3R,용인교통정보센터,127.1958722,37.2347791
12382,L080087,풍덕고교4R,용인교통정보센터,127.0905,37.3167
12383,L080088,풍덕천4R,용인교통정보센터,127.1027,37.3243
12384,L080089,풍덕천사거리 (교차로감시),용인교통정보센터,127.102818,37.3241678
12385,L080090,호수공원3R,용인교통정보센터,127.1481881,37.2757328
12386,L080091,화운사입구3,용인교통정보센터,127.1660996,37.2541872
12387,L080092,흥덕IC 4R,용인교통정보센터,127.0820454,37.2753889
12388,L080093,흥덕교,용인교통정보센터,127.0910779,37.2716932
12389,L080094,흥덕교차로,용인교통정보센터,127.0988172,37.2830457
12390,L34055,KBS방송국앞,원주교통정보센터,127.952458,37.346727
12391,L34093,가매기사거리,원주교통정보센터,127.9561626674,37.3562243611
12392,L34097,갓바위사거리,원주교통정보센터,127.967263,37.384161
12393,L34040,강변교삼거리,원주교통정보센터,127.9492324374,37.3781720714
12394,L34044,개봉교사거리,원주교통정보센터,127.956953,37.343792
12395,L34069,거울못사거리,원주교통정보센터,127.8805803346,37.3753740242
12396,L34019,건등사거리,원주교통정보센터,127.8317081952,37.3200345178
12397,L34043,경찰서삼거리,원주교통정보센터,127.95734,37.34807
12398,L34067,관설교차로,원주교통정보센터,127.9728583959,37.3135386483
12399,L34020,광터사거리[전용도로],원주교통정보센터,127.8803881305,37.3408063573
12400,L34042,구곡사거리,원주교통정보센터,127.950961,37.324181
12401,L34070,기업도시사거리,원주교통정보센터,127.8693170795,37.3725448796
12402,L34003,남부시장,원주교통정보센터,127.9550064122,37.3426894835
12403,L34023,남송사거리,원주교통정보센터,127.9399876186,37.3226566759
12404,L34032,남원주IC,원주교통정보센터,127.9215462889,37.3260385959
12405,L34022,늘품사거리,원주교통정보센터,127.9540810504,37.327747142
12406,L34011,단계사거리,원주교통정보센터,127.9358606981,37.3564858465
12407,L34010,단계택지사거리,원주교통정보센터,127.9339476359,37.3473828794
12408,L34035,단관공원사거리,원주교통정보센터,127.9580345647,37.3174437996
12409,L34066,단관사거리,원주교통정보센터,127.9621457127,37.3162729287
12410,L34015,단구사거리,원주교통정보센터,127.961690327,37.3236941105
12411,L34041,단구초사거리,원주교통정보센터,127.964024,37.321527
12412,L34031,대명원삼거리,원주교통정보센터,127.9142827246,37.3613668225
12413,L34045,도로교통공단삼거리,원주교통정보센터,127.973894,37.325059
12414,L34072,도오개삼거리,원주교통정보센터,127.8727941297,37.383009128
12415,L34030,돌터삼거리,원주교통정보센터,127.9410596544,37.3705992229
12416,L34084,동진골사거리,원주교통정보센터,127.9399053871,37.3486556514
12417,L34027,두진하트리움인근,원주교통정보센터,127.9446065665,37.3502827943
12418,L34057,둔전길사거리,원주교통정보센터,127.91613,37.31477
12419,L34005,둣내사거리,원주교통정보센터,127.933705977,37.3438168358
12420,L34061,로아노크사거리,원주교통정보센터,127.9241592583,37.3392516581
12421,L34085,만대사거리,원주교통정보센터,127.9256352118,37.3317077598
12422,L34063,만대사거리 밑 회전교차로,원주교통정보센터,127.9245040667,37.3326288673
12423,L34034,만종교차로,원주교통정보센터,127.8998352921,37.3543507241
12424,L34049,만종역삼거리,원주교통정보센터,127.898771,37.352475
12425,L34029,모래내사거리,원주교통정보센터,127.934888184,37.352015585
12426,L34091,무래올사거리,원주교통정보센터,127.9739198241,37.3354737263
12427,L34014,무실사거리,원주교통정보센터,127.9379790535,37.3398681944
12428,L34033,문막IC,원주교통정보센터,127.8247293935,37.314253838
12429,L34073,물지울사거리,원주교통정보센터,127.8937132186,37.3782240152
12430,L34076,미리내사거리,원주교통정보센터,127.9820398136,37.3251712781
12431,L34078,배울사거리,원주교통정보센터,127.9779668047,37.3351722943
12432,L34088,백간사거리,원주교통정보센터,127.9285188823,37.3519351096
12433,L34047,버들초교사거리,원주교통정보센터,127.987197,37.321715
12434,L34086,법조사거리,원주교통정보센터,127.932075558,37.3342520752
12435,L34082,보통삼거리,원주교통정보센터,127.874259301,37.3387524734
12436,L34052,봉황사거리,원주교통정보센터,127.990588,37.331373
12437,L34081,사제사거리,원주교통정보센터,127.8957956794,37.3482635995
12438,L34096,살구둑삼거리,원주교통정보센터,127.984151,37.342931
12439,L34053,삼보사거리,원주교통정보센터,127.984923,37.327465
12440,L34038,삼생사거리,원주교통정보센터,127.9820092131,37.3228199282
12441,L34094,상봉삼거리,원주교통정보센터,127.908985,37.35372
12442,L34089,상지대사거리,원주교통정보센터,127.9364215604,37.3677866444
12443,L34068,새말고개사거리,원주교통정보센터,127.8832605434,37.3798500088
12444,L34071,샘마루사거리,원주교통정보센터,127.8716978232,37.3753564883
12445,L34025,서리실사거리,원주교통정보센터,127.9730222894,37.3293137871
12446,L34048,서원주IC삼거리,원주교통정보센터,127.855566,37.387579
12447,L34046,서원주역삼거리,원주교통정보센터,127.845256,37.350505
12448,L34099,섬강초등학교,원주교통정보센터,127.874642,37.379301
12449,L34054,솔샘초앞사거리,원주교통정보센터,127.928318,37.330588
12450,L34060,송삼사거리,원주교통정보센터,127.9202906859,37.3347903311
12451,L34017,시청사거리,원주교통정보센터,127.9298464844,37.3355805706
12452,L34062,신평사거리,원주교통정보센터,127.8977434421,37.36398027
12453,L34080,영서고삼거리,원주교통정보센터,127.9761479487,37.3110202923
12454,L34036,오성마을사거리,원주교통정보센터,127.949095317,37.3202188427
12455,L34074,왕성목사거리,원주교통정보센터,127.9777557206,37.3241097947
12456,L34050,우산공단삼거리,원주교통정보센터,127.943156,37.374023
12457,L34004,우산철교사거리,원주교통정보센터,127.9400439174,37.3606693327
12458,L34079,원동사거리,원주교통정보센터,127.943614034,37.3442472796
12459,L34024,원주IC,원주교통정보센터,127.9519143674,37.3969654439
12460,L34001,원주교오거리,원주교통정보센터,127.95447,37.34744
12461,L34095,원주소방서앞삼거리,원주교통정보센터,127.973604,37.333727
12462,L34009,원주역사거리,원주교통정보센터,127.9440639437,37.3562945168
12463,L34059,원주역사거리,원주교통정보센터,127.922101,37.313891
12464,L34026,월운정사거리,원주교통정보센터,127.9612948989,37.3320630953
12465,L34008,의료원사거리,원주교통정보센터,127.9471258387,37.332285496
12466,L34075,입춘로사거리,원주교통정보센터,127.9791505788,37.3268350397
12467,L34065,자감교사거리,원주교통정보센터,127.9168842645,37.3037862418
12468,L34021,자오기사거리,원주교통정보센터,127.9279069075,37.3448535642
12469,L34098,장양사거리,원주교통정보센터,127.95624,37.40671
12470,L34087,점말사거리,원주교통정보센터,127.9282578521,37.3559420897
12471,L34006,중앙시장,원주교통정보센터,127.9495466597,37.3491327633
12472,L34002,지하상가사거리,원주교통정보센터,127.9476909761,37.3512199362
12473,L34012,청골사거리,원주교통정보센터,127.9220667744,37.3563869532
12474,L34083,청산사거리,원주교통정보센터,127.9403598732,37.3414350498
12475,L34016,치악교사거리,원주교통정보센터,127.9642737224,37.341774126
12476,L34013,태장삼거리,원주교통정보센터,127.9470591367,37.3817686863
12477,L34064,태학교사거리,원주교통정보센터,127.9526506499,37.3542975403
12478,L34037,통일사거리,원주교통정보센터,127.9586330603,37.3312557756
12479,L34007,평원사거리,원주교통정보센터,127.9495673088,37.3523401432
12480,L34051,풍경채아파트정문,원주교통정보센터,127.979741,37.32959
12481,L34058,호반써밋정문,원주교통정보센터,127.919837,37.318536
12482,L34018,홈플러스사거리,원주교통정보센터,127.9685895006,37.3175560882
12483,L34039,화실사거리,원주교통정보센터,127.9752805765,37.3429723167
12484,L34077,황새쟁이사거리,원주교통정보센터,127.9858627649,37.3341044002
12485,L34090,황소마을사거리,원주교통정보센터,127.9449311532,37.3284512735
12486,L34056,흥대교차로,원주교통정보센터,127.917697,37.297122
12487,L34028,흥업교차로(원주IC삼거리이설),원주교통정보센터,127.9156011408,37.2895873067
12488,L34092,흥업사거리,원주교통정보센터,127.9199859783,37.3028566593
12489,L020001,106하단 사거리,인천교통정보센터,126.6175777,37.3865892
12490,L020002,3073-1(영종대로),인천교통정보센터,126.5003166,37.49235868
12491,L020003,가재울사거리,인천교통정보센터,126.680195,37.487342
12492,L020004,가정사거리,인천교통정보센터,126.662278,37.525271
12493,L020005,가좌I.C,인천교통정보센터,126.675146,37.484295
12494,L020006,가좌I.C,인천교통정보센터,126.674991,37.483476
12495,L020007,가좌가정교,인천교통정보센터,126.676421,37.508262
12496,L020008,간석사거리,인천교통정보센터,126.720076,37.461228
12497,L020009,간석오거리,인천교통정보센터,126.707648,37.467019
12498,L020010,갈산역사거리,인천교통정보센터,126.721327,37.516516
12499,L020011,거잠포사거리,인천교통정보센터,126.425455,37.423776
12500,L020012,건지사거리,인천교통정보센터,126.683781,37.496538
12501,L020013,검단사거리,인천교통정보센터,126.6573,37.6021
12502,L020014,검단소방서사거리,인천교통정보센터,126.681888,37.5939435
12503,L020015,경서삼거리,인천교통정보센터,126.650029,37.552668
12504,L020016,계산삼거리,인천교통정보센터,126.722973,37.54368
12505,L020017,계양I.C,인천교통정보센터,126.746591,37.544711
12506,L020018,계양대교,인천교통정보센터,126.737929,37.573944
12507,L020019,계양우체국,인천교통정보센터,126.736984,37.53776
12508,L020020,공단2단지사거리,인천교통정보센터,126.702392,37.392544
12509,L020021,공촌사거리,인천교통정보센터,126.676959,37.552439
12510,L020022,공촌정수사업소,인천교통정보센터,126.700589,37.550581
12511,L020023,구산사거리,인천교통정보센터,126.753491,37.483529
12512,L020024,금강제화앞(1경인),인천교통정보센터,126.704728,37.523814
12513,L020025,길병원사거리,인천교통정보센터,126.707498,37.449885
12514,L020026,까치말사거리,인천교통정보센터,126.73351,37.530604
12515,L020027,남동I.C,인천교통정보센터,126.707554,37.433832
12516,L020028,남동공단입구,인천교통정보센터,126.709353,37.422518
12517,L020029,남동구청사거리,인천교통정보센터,126.733708,37.448572
12518,L020030,남촌교나들목(2경인),인천교통정보센터,126.718795,37.434072
12519,L020031,노오지J.C,인천교통정보센터,126.753123,37.57112
12520,L020032,능해I.C,인천교통정보센터,126.632009,37.446659
12521,L020033,답동사거리,인천교통정보센터,126.627417,37.470028
12522,L020034,도화I.C,인천교통정보센터,126.672426,37.46239
12523,L020035,도화I.C 2,인천교통정보센터,126.66693,37.456288
12524,L020036,도화사거리,인천교통정보센터,126.664818,37.468334
12525,L020037,도화초교사거리,인천교통정보센터,126.668759,37.464346
12526,L020038,독정사거리,인천교통정보센터,126.675446,37.585884
12527,L020039,동소정사거리,인천교통정보센터,126.729465,37.487373
12528,L020040,동수역사거리,인천교통정보센터,126.718397,37.485327
12529,L020041,동인천역,인천교통정보센터,126.6312699,37.4751144
12530,L020042,루원교차로,인천교통정보센터,126.67702,37.52427
12531,L020043,만수사거리,인천교통정보센터,126.735925,37.452762
12532,L020044,먼우금사거리,인천교통정보센터,126.675597,37.413254
12533,L020045,메뜰사거리,인천교통정보센터,126.73292,37.525692
12534,L020046,모래방죽사거리,인천교통정보센터,126.661259,37.499063
12535,L020047,무의도입구,인천교통정보센터,126.415874,37.419573
12536,L020048,문예회관사거리,인천교통정보센터,126.701046,37.450224
12537,L020049,문학I.C(2경인),인천교통정보센터,126.675618,37.436476
12538,L020050,문학경기장,인천교통정보센터,126.695466,37.438531
12539,L020051,문학경기장정문교차로,인천교통정보센터,126.698363,37.433571
12540,L020052,문학사거리,인천교통정보센터,126.677853,37.439626
12541,L020053,미단-영종순환로2 #2,인천교통정보센터,126.506579,37.52727692
12542,L020056,미송초인근 사거리,인천교통정보센터,126.6128398,37.4106765
12543,L020057,백마장사거리,인천교통정보센터,126.703469,37.508526
12544,L020058,백석교,인천교통정보센터,126.663484,37.569642
12545,L020059,백석교차로,인천교통정보센터,126.662899,37.577623
12546,L020060,백석휴게소사거리,인천교통정보센터,126.6828,37.58831
12547,L020061,벗말사거리,인천교통정보센터,126.703315,37.41272
12548,L020062,벽돌막사거리,인천교통정보센터,126.700169,37.468052
12549,L020063,봉수대길사거리,인천교통정보센터,126.661013,37.485295
12550,L020064,부개사거리,인천교통정보센터,126.739376,37.486287
12551,L020065,부평I.C,인천교통정보센터,126.721857,37.523459
12552,L020066,부평구청사거리,인천교통정보센터,126.720259,37.507842
12553,L020067,부평사거리,인천교통정보센터,126.710618,37.479187
12554,L020068,부평시장로터리,인천교통정보센터,126.726556,37.494334
12555,L020069,부평역사거리,인천교통정보센터,126.723333,37.491154
12556,L020070,부흥오거리,인천교통정보센터,126.7304242,37.4980605
12557,L020071,북인천I.C입구사거리,인천교통정보센터,126.637381,37.558313
12558,L020072,비룡삼거리,인천교통정보센터,126.650122,37.448456
12559,L020073,삼산사거리,인천교통정보센터,126.732393,37.517458
12560,L020074,서구 청라동 1-1103,인천교통정보센터,126.642103,37.52487844
12561,L020075,서구 청라동 1-1246,인천교통정보센터,126.6349887,37.52169417
12562,L020076,서구 청라동 1-1323,인천교통정보센터,126.648685,37.516226
12563,L020077,서운JCT,인천교통정보센터,126.751591,37.525718
12564,L020078,서운사거리,인천교통정보센터,126.742669,37.530788
12565,L020079,서인천I.C,인천교통정보센터,126.679796,37.520958
12566,L020080,서인천I.C,인천교통정보센터,126.680313,37.521142
12567,L020081,서인천선착장입구사거리,인천교통정보센터,126.648119,37.506301
12568,L020082,서창JCT,인천교통정보센터,126.736602,37.433447
12569,L020083,석남1고가교입구교차로,인천교통정보센터,126.672638,37.506188
12570,L020084,석남사거리,인천교통정보센터,126.671725,37.499385
12571,L020085,석바위사거리,인천교통정보센터,126.689224,37.457675
12572,L020086,석암사거리,인천교통정보센터,126.689628,37.463411
12573,L020087,석천사거리,인천교통정보센터,126.708788,37.457015
12574,L020088,선광싸이로 사거리,인천교통정보센터,126.61957,37.451305
12575,L020089,선학역사거리,인천교통정보센터,126.698425,37.423046
12576,L020090,소래나들목 삼거리,인천교통정보센터,126.739161,37.407996
12577,L020091,송도 힐스테이트 3차 사거리,인천교통정보센터,126.6153517,37.39241388
12578,L020092,송도 힐스테이트1차 사거리,인천교통정보센터,126.6195135,37.402379
12579,L020093,송도-32-9 삼거리#2,인천교통정보센터,126.6291291,37.38896939
12580,L020097,송도-G타워 사거리#2,인천교통정보센터,126.6346806,37.39759497
12581,L020098,송도-골프장 사거리#2,인천교통정보센터,126.6324927,37.37926153
12582,L020099,송도-국제학교 삼거리#2,인천교통정보센터,126.6416821,37.40453167
12583,L020100,송도-센트럴파크 사거리#2,인천교통정보센터,126.6455869,37.39128034
12584,L020101,송도-센트럴파크역 삼거리#2,인천교통정보센터,126.6338501,37.39360467
12585,L020102,송도-솔찬공원 사거리#2,인천교통정보센터,126.6415108,37.3655416
12586,L020103,송도-송도2교 하단부#2,인천교통정보센터,126.6559351,37.40111161
12587,L020104,송도-송도블루오션골프클럽#2,인천교통정보센터,126.6555757,37.35722176
12588,L020105,송도-송도테크노파크 IT센터#2,인천교통정보센터,126.6617477,37.38312095
12589,L020106,송도-송도호반베르디움#2,인천교통정보센터,126.6576609,37.37826371
12590,L020107,송도-스마트밸리#2,인천교통정보센터,126.6481144,37.36838324
12591,L020108,송도-연대입구 사거리#2,인천교통정보센터,126.6584793,37.3838665
12592,L020109,송도-웰카운티4단지 사거리#2,인천교통정보센터,126.6418045,37.38229474
12593,L020110,송도-인천글로벌캠퍼스 사거리#2,인천교통정보센터,126.6742239,37.37648977
12594,L020111,송도-잭니클라우스 골프장 북#2,인천교통정보센터,126.6220943,37.38591512
12595,L020112,송도-정보통신산업진흥원 사거리#2,인천교통정보센터,126.6401451,37.37912233
12596,L020113,송도-지식정보단지 사거리#2,인천교통정보센터,126.6482139,37.37370398
12597,L020114,송도-캠퍼스타운역 삼거리#2,인천교통정보센터,126.6634703,37.38870957
12598,L020115,송도-통신국사 사거리#2,인천교통정보센터,126.6697095,37.37166036
12599,L020116,송도-파크호텔 사거리#2,인천교통정보센터,126.6415077,37.38751939
12600,L020094,송도3교교차로,인천교통정보센터,126.645995,37.408483
12601,L020095,송도5교사거리,인천교통정보센터,126.697075,37.385165
12602,L020096,송도5동 행정복지센터인근사거리,인천교통정보센터,126.6235625,37.4148307
12603,L020117,송림오거리,인천교통정보센터,126.644562,37.475886
12604,L020118,송현사거리,인천교통정보센터,126.639304,37.481427
12605,L020119,수검사거리,인천교통정보센터,126.626716,37.453417
12606,L020120,수리봉사거리,인천교통정보센터,126.682802,37.423981
12607,L020121,수인사거리,인천교통정보센터,126.633669,37.465231
12608,L020122,수현삼거리,인천교통정보센터,126.752572,37.463005
12609,L020123,숭의로타리,인천교통정보센터,126.642604,37.462019
12610,L020124,숭의삼거리,인천교통정보센터,126.65237,37.466111
12611,L020125,숭의시장사거리,인천교통정보센터,126.64618,37.466975
12612,L020126,승기사거리,인천교통정보센터,126.69016,37.450517
12613,L020127,시장역오거리,인천교통정보센터,126.722026,37.498683
12614,L020128,시천교,인천교통정보센터,126.676443,37.569947
12615,L020129,신기사거리,인천교통정보센터,126.67953,37.451178
12616,L020130,신기시장사거리,인천교통정보센터,126.679518,37.448066
12617,L020131,신복사거리,인천교통정보센터,126.731489,37.507226
12618,L020132,신석사거리,인천교통정보센터,126.668034,37.506702
12619,L020133,신촌사거리,인천교통정보센터,126.707747,37.486978
12620,L020134,십정사거리,인천교통정보센터,126.691664,37.472919
12621,L020135,아시아드사거리,인천교통정보센터,126.663575,37.552044
12622,L020136,안말사거리,인천교통정보센터,126.692294,37.396907
12623,L020137,알미골사거리,인천교통정보센터,126.491998,37.742477
12624,L020138,앵고개길사거리,인천교통정보센터,126.6628,37.4126
12625,L020139,연수사거리,인천교통정보센터,126.683176,37.407509
12626,L020140,영종-1711-31(하늘대로)#2,인천교통정보센터,126.5332338,37.48235003
12627,L020141,영종-1766-16(은하수로)#2,인천교통정보센터,126.5503007,37.48961937
12628,L020142,영종-1768(영종대로)#2,인천교통정보센터,126.5327648,37.47730906
12629,L020143,영종-1768(영종대로-1)#2,인천교통정보센터,126.5225065,37.47437217
12630,L020144,영종-1775(영종대로)#2,인천교통정보센터,126.5463341,37.48342895
12631,L020145,영종-1788(숲쟁이로)#2,인천교통정보센터,126.5181241,37.48093789
12632,L020146,영종-1791(영종대로)#2,인천교통정보센터,126.5157279,37.47458975
12633,L020147,영종-1971-1(하늘대로)#2,인천교통정보센터,126.5511319,37.49423285
12634,L020148,영종-1979(하늘별빛로)#2,인천교통정보센터,126.5607571,37.49139568
12635,L020149,영종-1992(영종대로)#2,인천교통정보센터,126.5612572,37.4841035
12636,L020150,영종-1992(영종대로-1)#2,인천교통정보센터,126.5548451,37.48324563
12637,L020151,영종-1998(하늘대로)#2,인천교통정보센터,126.5613456,37.50136186
12638,L020152,영종-1999(영종대로)#2,인천교통정보센터,126.5723962,37.4947899
12639,L020153,영종-3157-3(영종대로)#2,인천교통정보센터,126.5061729,37.48348191
12640,L020154,영종-3161-1(흰바위로)#2,인천교통정보센터,126.4963549,37.48938316
12641,L020155,옛시민회관,인천교통정보센터,126.679885,37.458609
12642,L020156,옥골사거리,인천교통정보센터,126.64637,37.430836
12643,L020157,옹암교차로,인천교통정보센터,126.635578,37.430848
12644,L020158,완정사거리,인천교통정보센터,126.673691,37.593438
12645,L020159,외암도사거리,인천교통정보센터,126.666945,37.392985
12646,L020160,외암사거리,인천교통정보센터,126.684789,37.387621
12647,L020161,용일사거리,인천교통정보센터,126.667766,37.452433
12648,L020162,용현사거리,인천교통정보센터,126.650032,37.456271
12649,L020163,운서동 3161-3(흰바위로),인천교통정보센터,126.5008053,37.48063622
12650,L020164,원당사거리,인천교통정보센터,126.699473,37.593134
12651,L020165,원동초입구사거리,인천교통정보센터,126.728515,37.397173
12652,L020166,원적사거리,인천교통정보센터,126.703429,37.504453
12653,L020167,유동삼거리,인천교통정보센터,126.637061,37.471039
12654,L020168,을왕리사거리,인천교통정보센터,126.37618,37.444763
12655,L020169,인천교펌프장입구사거리,인천교통정보센터,126.647558,37.492502
12656,L020170,인하대병원사거리,인천교통정보센터,126.635514,37.457467
12657,L020171,임학사거리,인천교통정보센터,126.736752,37.542442
12658,L020172,작은구월사거리,인천교통정보센터,126.718782,37.448971
12659,L020173,작전역사거리,인천교통정보센터,126.722842,37.530143
12660,L020174,장기사거리,인천교통정보센터,126.736372,37.575538
12661,L020175,장수사거리,인천교통정보센터,126.745673,37.449754
12662,L020176,장승백이사거리,인천교통정보센터,126.745358,37.447294
12663,L020177,전등사사거리,인천교통정보센터,126.493403,37.637245
12664,L020178,전재울사거리,인천교통정보센터,126.706084,37.438945
12665,L020179,주안역삼거리,인천교통정보센터,126.680314,37.464001
12666,L020180,주적골삼거리,인천교통정보센터,126.737478,37.421096
12667,L020181,중구 운북동 (영종순환로)1368-2,인천교통정보센터,126.5064808,37.5271286
12668,L020182,중구 운북동 1301(영종순환로),인천교통정보센터,126.5161641,37.5272114
12669,L020183,중구 운북동 1301(영종순환로-1),인천교통정보센터,126.5298468,37.5218607
12670,L020184,중구 운북동 1312(영종순환로 미단근린공원),인천교통정보센터,126.538458,37.520372
12671,L020185,중봉교차로,인천교통정보센터,126.649684,37.52562
12672,L020186,청라-경명대로 삼거리#2,인천교통정보센터,126.610691,37.522066
12673,L020187,청라-경제로#2,인천교통정보센터,126.6247137,37.53680091
12674,L020188,청라-담지로(북) 삼거리#2,인천교통정보센터,126.6597366,37.540471
12675,L020192,청라-문점교 삼거리#2,인천교통정보센터,126.6115114,37.52616435
12676,L020193,청라-세계로 삼거리#2,인천교통정보센터,126.61718,37.55182
12677,L020194,청라-에코로 삼거리#2,인천교통정보센터,126.6228873,37.55339804
12678,L020195,청라-첨단동로 사거리#2,인천교통정보센터,126.622846,37.553036
12679,L020196,청라-청라외곽 사거리#2,인천교통정보센터,126.6189066,37.5275215
12680,L020197,청라-체고앞삼거리,인천교통정보센터,126.6110351,37.5478411
12681,L020198,청라-호수공원(남) 사거리#2,인천교통정보센터,126.6340494,37.5236418
12682,L020199,청라-호수공원(북) 사거리#2,인천교통정보센터,126.6320362,37.5419417
12683,L020200,청라-호수공원(중) 삼거리#2,인천교통정보센터,126.6321517,37.52967156
12684,L020190,청라동 1-672,인천교통정보센터,126.6205334,37.5420223
12685,L020189,청라동 155-1,인천교통정보센터,126.6408373,37.53582396
12686,L020191,청라동 174-1,인천교통정보센터,126.6408328,37.5296633
12687,L020201,청운교,인천교통정보센터,126.622013,37.563201
12688,L020202,청천오거리,인천교통정보센터,126.71007,37.517225
12689,L020203,청학사거리,인천교통정보센터,126.668817,37.425052
12690,L020204,초지대교,인천교통정보센터,126.532778,37.627553
12691,L020205,큰방죽사거리,인천교통정보센터,126.7162,37.421831
12692,L020206,터미널사거리,인천교통정보센터,126.700038,37.443312
12693,L020207,학익사거리,인천교통정보센터,126.664138,37.443129
12694,L020208,한들사거리,인천교통정보센터,126.675497,37.576772
12695,L020209,항운사거리,인천교통정보센터,126.623583,37.44667
12696,L020210,호구포길 사거리,인천교통정보센터,126.706874,37.398667
12697,L020211,흑룡APT앞,인천교통정보센터,126.689492,37.524125
12698,E550001,10호광장교차로_대사교차로방향,진주교통정보센터,128.059904,35.173472
12699,E550002,10호광장교차로_법원방향,진주교통정보센터,128.060385,35.17349
12700,E550003,10호광장교차로_중앙친모래방향,진주교통정보센터,128.059742,35.172819
12701,E550004,10호광장교차로_희망교방향,진주교통정보센터,128.060477,35.172851
12702,E550008,11단지앞,진주교통정보센터,128.13625,35.169177
12703,E550006,3단지앞,진주교통정보센터,128.135274,35.176258
12704,E550007,LH본사뒤,진주교통정보센터,128.145601,35.176414
12705,E550018,개양오거리_2번국도방향,진주교통정보센터,128.108231,35.158981
12706,E550019,개양오거리_개양파출소방향,진주교통정보센터,128.107679,35.158694
12707,E550020,개양오거리_석류공원방향,진주교통정보센터,128.107491,35.15967
12708,E550021,개양오거리_정촌초교방향,진주교통정보센터,128.108199,35.159331
12709,E550026,공단사거리_초전방향,진주교통정보센터,128.1174687,35.1804212
12710,E550013,구진주역_구진주역방향,진주교통정보센터,128.09093,35.178946
12711,E550016,내동교차로_내동초교방향,진주교통정보센터,128.07002,35.158319
12712,E550017,내동교차로_사천방향,진주교통정보센터,128.070052,35.157722
12713,E550024,상대동주민센터_구진주역방향,진주교통정보센터,128.111947,35.17973
12714,E550025,상대동주민센터_혁신도시방향,진주교통정보센터,128.112414,35.179863
12715,E550022,시청사거리_구진주역방향,진주교통정보센터,128.107185,35.179636
12716,E550023,시청사거리_혁신도시방향,진주교통정보센터,128.106736,35.179531
12717,E550014,신안광장_10호광장방향,진주교통정보센터,128.070558,35.187739
12718,E550015,신안광장_진주성방향,진주교통정보센터,128.070558,35.187739
12719,E550005,종합경기장사거리,진주교통정보센터,128.140423,35.18105
12720,E550009,중앙광장_옥봉방향,진주교통정보센터,128.084898,35.193233
12721,E550010,중앙광장_진주고방향,진주교통정보센터,128.084229,35.193498
12722,E550011,중앙광장_진주교방향,진주교통정보센터,128.084532,35.192649
12723,E550012,중앙광장_평거방향,진주교통정보센터,128.083728,35.192896
12724,L250001,KBS사거리,창원교통정보센터,128.6854546,35.2297948
12725,L250002,가음정사거리,창원교통정보센터,128.692,35.2054
12726,L250003,가포건우아파트,창원교통정보센터,128.563181,35.170955
12727,L250005,경남모직,창원교통정보센터,128.6000679,35.21892
12728,L250006,경찰청사거리,창원교통정보센터,128.6924494,35.2350818
12729,L250007,경화역삼거리,창원교통정보센터,128.686,35.1587
12730,L250008,구마산소방서,창원교통정보센터,128.567,35.1963
12731,L250009,까치아파트삼거리,창원교통정보센터,128.665,35.2465
12732,L250011,남지사거리,창원교통정보센터,128.683,35.1957
12733,L250012,남창원역사거리,창원교통정보센터,128.663,35.2071
12734,L250013,내서 상곡사거리,창원교통정보센터,128.506,35.2428
12735,L250015,대방IC교차로,창원교통정보센터,128.711376,35.205924
12736,L250016,대방중사거리,창원교통정보센터,128.705974,35.209185
12737,L250017,도계광장,창원교통정보센터,128.630877,35.261523
12738,L250018,도청서문사거리,창원교통정보센터,128.6889066,35.2374294
12739,L250019,동마산IC,창원교통정보센터,128.594043,35.248462
12740,L250020,동신2차아파트,창원교통정보센터,128.515,35.2512
12741,L250021,동신아파트,창원교통정보센터,128.511769,35.25276
12742,L250022,마산세관삼거리,창원교통정보센터,128.564,35.1878
12743,L250023,마산역,창원교통정보센터,128.5796251,35.2342068
12744,L250024,마재고개,창원교통정보센터,128.537373,35.241199
12745,L250025,마창대교 마산방면,창원교통정보센터,128.59907001,35.16581539
12746,L250027,마창대교 창원방향,창원교통정보센터,128.58593192,35.15991277
12747,L250029,명곡광장,창원교통정보센터,128.6508792,35.2418995
12748,L250030,모산사거리,창원교통정보센터,128.711004,35.359294
12749,L250031,목동사거리,창원교통정보센터,128.667135,35.212103
12750,L250032,밤밭삼거리,창원교통정보센터,128.556,35.1726
12751,L250033,법원사거리,창원교통정보센터,128.699905,35.222666
12752,L250034,봉암삼거리,창원교통정보센터,128.6148043,35.2146737
12753,L250035,북면동전사거리,창원교통정보센터,128.60327203,35.31835877
12754,L250037,북원로타리,창원교통정보센터,128.655,35.1535
12755,L250038,북창원IC,창원교통정보센터,128.60505991,35.29598251
12756,L250039,불곡사사거리,창원교통정보센터,128.704,35.2152
12757,L250041,삼계사거리,창원교통정보센터,128.505,35.2321
12758,L250042,삼계삼거리,창원교통정보센터,128.504862,35.226019
12759,L250043,삼동교차로,창원교통정보센터,128.6564334,35.225928
12760,L250044,삼호광장,창원교통정보센터,128.6976915,35.1595215
12761,L250045,상남사거리,창원교통정보센터,128.692,35.2203
12762,L250046,서마산IC,창원교통정보센터,128.563,35.2327
12763,L250047,서부경찰서사거리,창원교통정보센터,128.639,35.2521
12764,L250048,서성광장,창원교통정보센터,128.572,35.2031
12765,L250049,서원곡,창원교통정보센터,128.563,35.2106
12766,L250054,석전교사거리,창원교통정보센터,128.57485,35.2287808
12767,L250056,성산사거리,창원교통정보센터,128.679,35.205
12768,L250057,성산패총사거리,창원교통정보센터,128.683,35.2099
12769,L250058,성주광장,창원교통정보센터,128.7023249,35.1998019
12770,L250059,"성주사역,천선삼거리",창원교통정보센터,128.694,35.1894
12771,L250061,소계광장,창원교통정보센터,128.6055326,35.2548462
12772,L250062,수출정문사거리,창원교통정보센터,128.586,35.2108
12773,L250063,시설전대삼거리,창원교통정보센터,128.678309,35.146537
12774,L250064,신촌광장,창원교통정보센터,128.6252359,35.2094783
12775,L250067,안민터널 사거리,창원교통정보센터,128.7028,35.181
12776,L250068,안민터널내부진해방향,창원교통정보센터,128.7008789,35.1731854
12777,L250069,안민터널성산방향,창원교통정보센터,128.69960501,35.16664049
12778,L250070,안민터널창원측,창원교통정보센터,128.70221121,35.17921133
12779,L250071,양덕광장,창원교통정보센터,128.5872317,35.227764
12780,L250073,어린교,창원교통정보센터,128.5870376,35.2214548
12781,L250074,어시장,창원교통정보센터,128.577,35.2045
12782,L250075,염전사거리,창원교통정보센터,128.6945554,35.1530336
12783,L250076,오봉사 입구,창원교통정보센터,128.63683411,35.18884673
12784,L250077,오송스퀘어사거리,창원교통정보센터,128.81893377,35.09071284
12785,L250078,옥동교차로,창원교통정보센터,128.55021867,35.1546488
12786,L250079,완암사거리,창원교통정보센터,128.658107,35.209763
12787,L250080,완월동전원파크앞,창원교통정보센터,128.558,35.2024
12788,L250081,완월월성초교앞,창원교통정보센터,128.56117731,35.19490451
12789,L250082,용원교차로,창원교통정보센터,128.6437463,35.2332797
12790,L250084,용원택지삼거리,창원교통정보센터,128.81,35.1038
12791,L250085,용재삼거리,창원교통정보센터,128.824,35.1019
12792,L250086,웅남로연덕교사거리,창원교통정보센터,128.662,35.2148
12793,L250087,웅천로성내소류지옆,창원교통정보센터,128.756,35.1112
12794,L250088,월림삼거리,창원교통정보센터,128.638,35.2135
12795,L250089,월영광장,창원교통정보센터,128.559,35.1804
12796,L250090,월영한백아파트,창원교통정보센터,128.552,35.1841
12797,L250091,육호광장,창원교통정보센터,128.576,35.2118
12798,L250092,의안교차로,창원교통정보센터,128.614032,35.269915
12799,L250093,의창사거리,창원교통정보센터,128.618,35.2617
12800,L250094,이동교,창원교통정보센터,128.701,35.1456
12801,L250095,자은교사거리,창원교통정보센터,128.707,35.1503
12802,L250097,장복터널,창원교통정보센터,128.6541526,35.1723014
12803,L250099,중동사거리,창원교통정보센터,128.626463,35.261234
12804,L250100,중부시장,창원교통정보센터,128.681,35.1533
12805,L250102,중앙시장삼거리,창원교통정보센터,128.666,35.1521
12806,L250104,진동한일유엔아이,창원교통정보센터,128.48812,35.12008
12807,L250106,진해구청,창원교통정보센터,128.7092378,35.1310633
12808,L250107,차상사거리,창원교통정보센터,128.639,35.2273
12809,L250108,창곡삼거리,창원교통정보센터,128.6479186,35.2158609
12810,L250110,창원병원 사거리,창원교통정보센터,128.6716977,35.2172516
12811,L250111,창원시청 사거리,창원교통정보센터,128.6799916,35.2274047
12812,L250112,창원종합운동장,창원교통정보센터,128.663,35.2356
12813,L250113,창원터널내부양방향,창원교통정보센터,0,0
12814,L250114,창원터널장유측,창원교통정보센터,128.7603837,35.1819946
12815,L250115,창원터널창원측,창원교통정보센터,128.7325248,35.1887372
12816,L250118,태평사거리,창원교통정보센터,128.663,35.1459
12817,L250119,토월지하차도사거리,창원교통정보센터,128.695545,35.230216
12818,L250120,퇴촌사거리,창원교통정보센터,128.682,35.2424
12819,L250121,팔룡동벽산A사거리,창원교통정보센터,128.619,35.2515
12820,L250122,팔용동주민센터,창원교통정보센터,128.613,35.2551
12821,L250123,팔용사거리,창원교통정보센터,128.61,35.2525
12822,L250124,팔용죽전사거리,창원교통정보센터,128.622,35.2459
12823,L250125,평성사거리,창원교통정보센터,128.530879,35.268013
12824,L250126,평안안과,창원교통정보센터,128.5739523,35.2073518
12825,L250127,풍호오거리,창원교통정보센터,128.702,35.135
12826,L250128,한국도로공사앞,창원교통정보센터,128.699775,35.284737
12827,L250129,한화테크윈,창원교통정보센터,128.719462,35.192886
12828,L250130,해군아파트,창원교통정보센터,128.707,35.1451
12829,L250131,해안로동남주유소,창원교통정보센터,128.6,35.2111
12830,L250132,해안로삼거리,창원교통정보센터,128.5703692,35.1971723
12831,L250134,현동IC,창원교통정보센터,128.551,35.1632
12832,L360001,2공단삼거리,천안교통정보센터,127.1253354,36.8514255
12833,L360002,개목삼거리,천안교통정보센터,127.1303245,36.8146659
12834,L360003,고속철 입구,천안교통정보센터,127.1059202,36.8019174
12835,L360004,고속화도로입구삼거리,천안교통정보센터,127.2132356,36.775541
12836,L360005,교보사거리,천안교통정보센터,127.1588667,36.8064803
12837,L360006,구 동방주유소 앞,천안교통정보센터,127.1349719,36.8972044
12838,L360007,구상골 사거리,천안교통정보센터,127.1356607,36.8183333
12839,L360008,구성삼거리,천안교통정보센터,127.164651,36.798886
12840,L360009,구정사거리,천안교통정보센터,127.1592356,36.6889197
12841,L360010,국지도23호선 오일뱅크앞,천안교통정보센터,127.1787484,36.8441042
12842,L360011,극동사거리,천안교통정보센터,127.1329813,36.8264833
12843,L360012,남부오거리,천안교통정보센터,127.1535502,36.7983562
12844,L360013,노동부사거리,천안교통정보센터,127.1336464,36.8339721
12845,L360014,단대입구 사거리,천안교통정보센터,127.1663049,36.8284295
12846,L360015,대홍교차로,천안교통정보센터,127.1343423,36.9362308
12847,L360016,도로원점 삼거리,천안교통정보센터,127.1644947,36.8064196
12848,L360017,도리티삼거리,천안교통정보센터,127.166614,36.766336
12849,L360018,도장리,천안교통정보센터,127.1706983,36.7451909
12850,L360019,동일하이빌 삼거리,천안교통정보센터,127.1148578,36.8113265
12851,L360020,두정역사거리,천안교통정보센터,127.1516752,36.8321836
12852,L360021,두정지하차도 위,천안교통정보센터,127.1515044,36.8391956
12853,L360022,레이크타운3차 사거리,천안교통정보센터,127.1261006,36.8417192
12854,L360023,로데오거리 앞 사거리,천안교통정보센터,127.1316641,36.8018377
12855,L360024,방죽안오거리,천안교통정보센터,127.1518748,36.8188281
12856,L360025,백석대 삼거리,천안교통정보센터,127.1742862,36.8383813
12857,L360026,백석삼거리,천안교통정보센터,127.1235198,36.8236502
12858,L360027,버들육거리,천안교통정보센터,127.1523064,36.806692
12859,L360028,병천사거리 회전교차로,천안교통정보센터,127.2963749,36.7581066
12860,L360029,복지관사거리,천안교통정보센터,127.1354856,36.9118997
12861,L360030,복지회관사거리,천안교통정보센터,127.1455024,36.8332652
12862,L360031,봉서사거리,천안교통정보센터,127.1328197,36.807489
12863,L360032,봉정사거리,천안교통정보센터,127.1428129,36.8186074
12864,L360033,부성초교사거리,천안교통정보센터,127.1382514,36.8336751
12865,L360034,북부지하차도 사거리,천안교통정보센터,127.1383729,36.8388364
12866,L360035,불당고,천안교통정보센터,127.1014132,36.8085102
12867,L360036,불당신도시 입구 삼거리,천안교통정보센터,127.1025105,36.8250377
12868,L360037,불당현대 사거리,천안교통정보센터,127.1070017,36.807447
12869,L360038,삼거리공원 정문 옆,천안교통정보센터,127.1682522,36.78516
12870,L360039,삼용사거리,천안교통정보센터,127.1646254,36.789011
12871,L360040,상명대 입구 삼거리,천안교통정보센터,127.1738124,36.833742
12872,L360041,상장교차로,천안교통정보센터,127.2304058,36.9138117
12873,L360042,새말사거리,천안교통정보센터,127.1285056,36.7861919
12874,L360043,생태터널사거리,천안교통정보센터,127.0977107,36.795138
12875,L360044,서부역 입구 삼거리,천안교통정보센터,127.1409331,36.8105742
12876,L360045,서북구청 앞 삼거리,천안교통정보센터,127.1539677,36.8774112
12877,L360046,서북소방서 사거리,천안교통정보센터,127.1176081,36.8635435
12878,L360047,서천안IC삼거리,천안교통정보센터,127.139642,36.764132
12879,L360048,석교교차로,천안교통정보센터,127.186,36.8577
12880,L360049,성성2교차로,천안교통정보센터,127.1213203,36.8444805
12881,L360050,성성고가교,천안교통정보센터,127.1192816,36.8394213
12882,L360051,세무서,천안교통정보센터,127.1524154,36.7840601
12883,L360052,세집매 삼거리,천안교통정보센터,127.1504447,36.8625719
12884,L360053,송남교차로,천안교통정보센터,127.1967548,36.8684774
12885,L360054,송유관입구,천안교통정보센터,127.155497,36.8479469
12886,L360055,쉐르빌 104동 옆 교차로,천안교통정보센터,127.1384179,36.7887466
12887,L360056,시장교차로,천안교통정보센터,127.2185297,36.9012449
12888,L360057,시청사거리,천안교통정보센터,127.1095666,36.8156227
12889,L360058,신방삼거리,천안교통정보센터,127.1180694,36.7865645
12890,L360059,쌍용도서관 삼거리,천안교통정보센터,127.1152323,36.8014566
12891,L360060,쌍용사거리,천안교통정보센터,127.1266916,36.7997173
12892,L360061,아이비웨딩 앞,천안교통정보센터,127.1437241,36.7986021
12893,L360062,엘지로 교차로,천안교통정보센터,127.1430993,36.7689599
12894,L360063,역말 오거리,천안교통정보센터,127.1531387,36.8249888
12895,L360064,예일병원 앞 사거리,천안교통정보센터,127.1213454,36.7924985
12896,L360065,오룡지하차도,천안교통정보센터,127.1499043,36.8063821
12897,L360066,와촌초교,천안교통정보센터,127.1450103,36.8065073
12898,L360067,우미린 102동 사거리,천안교통정보센터,127.1005316,36.8174407
12899,L360068,우미린A 삼거리,천안교통정보센터,127.146534,36.7847639
12900,L360069,운동장 사거리,천안교통정보센터,127.1118298,36.822612
12901,L360070,원형교차로 내,천안교통정보센터,127.1336875,36.7747458
12902,L360071,원형육교,천안교통정보센터,127.1120176,36.8009504
12903,L360072,이마트 사거리,천안교통정보센터,127.1271973,36.7948239
12904,L360073,이수교차로,천안교통정보센터,127.1147343,36.8303605
12905,L360074,인쇄창사거리,천안교통정보센터,127.1444072,36.8254002
12906,L360075,일봉산사거리,천안교통정보센터,127.13044,36.7976286
12907,L360076,저리 교차로,천안교통정보센터,127.1997565,36.8769768
12908,L360077,직산사거리,천안교통정보센터,127.1463629,36.8767668
12909,L360078,창들2교차로,천안교통정보센터,127.3040259,36.7519082
12910,L360079,천안로사거리,천안교통정보센터,127.1625436,36.8218382
12911,L360080,천안역,천안교통정보센터,127.1480679,36.8095904
12912,L360081,청당지하차도,천안교통정보센터,127.1394287,36.7751509
12913,L360082,청룡지하차도사거리,천안교통정보센터,127.152736,36.782071
12914,L360083,청삼교차로,천안교통정보센터,127.1654859,36.7821278
12915,L360084,청수 국민은행,천안교통정보센터,127.157915,36.7860367
12916,L360085,충무로사거리,천안교통정보센터,127.1592029,36.7986709
12917,L360086,충절오거리,천안교통정보센터,127.1597321,36.7945788
12918,L360087,취암산터널,천안교통정보센터,127.169951,36.78153
12919,L360088,코스트코사거리,천안교통정보센터,127.1068552,36.8426532
12920,L360089,터미널사거리,천안교통정보센터,127.1584584,36.8188878
12921,L360090,파스쿠찌앞 교차로,천안교통정보센터,127.1380416,36.8436852
12922,L360091,펜타포트 사거리,천안교통정보센터,127.0993324,36.8001466
12923,L360092,푸르지오 106동 사거리,천안교통정보센터,127.1079532,36.8220088
12924,L360093,풍세교차로,천안교통정보센터,127.1267221,36.7344688
12925,L360094,한들사거리,천안교통정보센터,127.118454,36.8231428
12926,L360095,한미래아파트 앞사거리,천안교통정보센터,127.1303838,36.9560053
12927,L360096,호반201동 사거리,천안교통정보센터,127.1051785,36.8131923
12928,L120001,LCD서문교차로,파주교통정보센터,126.75581052,37.81908391
12929,L120002,가월교차로,파주교통정보센터,126.9178798,37.98103153
12930,L120003,가월교차로(보),파주교통정보센터,126.9178798,37.98093153
12931,L120004,갈현교차로,파주교통정보센터,126.72397108,37.77168897
12932,L120005,갈현교차로(보),파주교통정보센터,126.7240623,37.771546
12933,L120006,감악산,파주교통정보센터,126.9441086,37.93944832
12934,L120007,감악산(보),파주교통정보센터,126.9441086,37.93934832
12935,L120008,검산삼거리,파주교통정보센터,126.73969304,37.77489922
12936,L120009,경모공원삼거리,파주교통정보센터,126.6952337,37.7926124
12937,L120010,광탄1교교차로,파주교통정보센터,126.8400604,37.7816661
12938,L120011,광탄로타리,파주교통정보센터,126.8501702,37.7725299
12939,L120012,광탄삼거리,파주교통정보센터,126.8461236,37.7830315
12940,L120013,광탄삼거리(보),파주교통정보센터,126.84602237,37.78299143
12941,L120014,교하교차로,파주교통정보센터,126.710996,37.7254092
12942,L120015,교하삼거리,파주교통정보센터,126.7526171,37.7515667
12943,L120016,교하삼거리(보),파주교통정보센터,126.75248718,37.75176904
12944,L120017,교하지하차도사거리,파주교통정보센터,126.71696974,37.72629337
12945,L120018,교하지하차도사거리(보),파주교통정보센터,126.71731041,37.72620409
12946,L120019,금승사거리,파주교통정보센터,126.73802181,37.825698
12947,L120020,금승사거리(보),파주교통정보센터,126.7383659,37.8256757
12948,L120021,금촌로타리,파주교통정보센터,126.77357656,37.75766737
12949,L120022,금촌신사거리,파주교통정보센터,126.7904783,37.77118882
12950,L120023,금촌신사거리(보),파주교통정보센터,126.79047805,37.77127893
12951,L120024,금촌역교차로,파주교통정보센터,126.773912,37.7650856
12952,L120025,금촌지구교차로,파주교통정보센터,126.7715974,37.7450897
12953,L120026,뇌조교차로,파주교통정보센터,126.8144962,37.763072
12954,L120027,다율교차로(보),파주교통정보센터,126.73392214,37.73458499
12955,L120028,대원사거리,파주교통정보센터,126.8040212,37.7350744
12956,L120029,대원사거리(보),파주교통정보센터,126.80369417,37.73521525
12957,L120030,덕은2교차로,파주교통정보센터,126.7786451,37.7906714
12958,L120031,덕은5리사거리,파주교통정보센터,126.7820778,37.8095661
12959,L120032,덕은5리사거리(보),파주교통정보센터,126.78180712,37.80972305
12960,L120033,덕은교차로,파주교통정보센터,126.787698,37.800832
12961,L120034,두레공원교차로,파주교통정보센터,126.751816,37.7293055
12962,L120035,등원교차로(보),파주교통정보센터,126.80596968,37.75810752
12963,L120036,말레이지아교교차로,파주교통정보센터,126.7980433,37.7493768
12964,L120037,말레이지아교교차로(보),파주교통정보센터,126.79798222,37.74957757
12965,L120038,문발교차로,파주교통정보센터,126.7019692,37.7237901
12966,L120039,문산사거리,파주교통정보센터,126.78908787,37.86001845
12967,L120040,문산사거리(보),파주교통정보센터,126.7893025,37.8598354
12968,L120041,문산제일고삼거리,파주교통정보센터,126.7627519,37.7699115
12969,L120042,문산제일고삼거리(보),파주교통정보센터,126.76272514,37.7701088
12970,L120043,미래로교차로,파주교통정보센터,126.74623918,37.7068036
12971,L120044,법원사거리,파주교통정보센터,126.8730525,37.8493406
12972,L120045,법원사거리(보),파주교통정보센터,126.8730847,37.8492347
12973,L120046,벧엘교회사거리(보),파주교통정보센터,126.7590027,37.7351337
12974,L120047,봉일천사거리(보),파주교통정보센터,126.8026405,37.7483869
12975,L120048,북파주농협사거리,파주교통정보센터,126.7829693,37.8647114
12976,L120049,비석사거리(보),파주교통정보센터,126.7452863,37.8221361
12977,L120050,산남IC교차로,파주교통정보센터,126.703856,37.6966785
12978,L120051,산내3단지사거리,파주교통정보센터,126.7338235,37.7271746
12979,L120052,산내공원교차로,파주교통정보센터,126.7371537,37.7180498
12980,L120053,산내교차로,파주교통정보센터,126.7269711,37.7310571
12981,L120054,삽다리IC,파주교통정보센터,126.729799,37.7079039
12982,L120055,삽다리IC(보),파주교통정보센터,126.7296541,37.7079124
12983,L120056,상지석교차로,파주교통정보센터,126.7741959,37.72796579
12984,L120057,상지석교차로(보),파주교통정보센터,126.7741959,37.72786579
12985,L120058,새꽃1단지삼거리(보),파주교통정보센터,126.76520541,37.75761746
12986,L120059,새암공원교차로,파주교통정보센터,126.7463047,37.7123044
12987,L120060,선유로타리,파주교통정보센터,126.7946283,37.8578796
12988,L120061,성동사거리,파주교통정보센터,126.68995751,37.78558045
12989,L120062,성동사거리(보),파주교통정보센터,126.6900044,37.7855013
12990,L120063,수억중고앞교차로,파주교통정보센터,126.7998476,37.8543999
12991,L120064,순달교교차로,파주교통정보센터,126.7685615,37.765688
12992,L120065,시청앞사거리,파주교통정보센터,126.7778424,37.7595272
12993,L120066,시청앞사거리(보),파주교통정보센터,126.7777353,37.7594921
12994,L120067,심학산교차로,파주교통정보센터,126.73191093,37.71736392
12995,L120068,아동사거리(보),파주교통정보센터,126.7796022,37.7675784
12996,L120069,야동7통사거리,파주교통정보센터,126.7677319,37.7770858
12997,L120070,오도교차로,파주교통정보센터,126.7221753,37.7456818
12998,L120071,와동교차로,파주교통정보센터,126.7525319,37.7416552
12999,L120072,와동교차로(보),파주교통정보센터,126.7524148,37.7418161
13000,L120073,용미5교차로,파주교통정보센터,126.8662075,37.7483549
13001,L120074,운정건강공원교차로,파주교통정보센터,126.7468928,37.7170527
13002,L120075,운정역삼거리,파주교통정보센터,126.7655912,37.7236851
13003,L120076,운정이마트삼거리,파주교통정보센터,126.7439575,37.7099073
13004,L120077,운정행복센터교차로,파주교통정보센터,126.7498316,37.723135
13005,L120078,운정호수교차로,파주교통정보센터,126.75974304,37.71698867
13006,L120079,운정환경관리센터사거리,파주교통정보센터,126.7689483,37.734689
13007,L120080,월롱교차로,파주교통정보센터,126.7918969,37.7986193
13008,L120081,월롱교차로(보),파주교통정보센터,126.7917778,37.798811
13009,L120082,유비파크사거리(보),파주교통정보센터,126.7609239,37.7242426
13010,L120083,육교사거리(보),파주교통정보센터,126.809033,37.7442915
13011,L120084,임월교교차로,파주교통정보센터,126.7765068,37.8591789
13012,L120085,장월2교,파주교통정보센터,126.6875879,37.6919591
13013,L120086,적성교차로,파주교통정보센터,126.926227,37.9569114
13014,L120087,주내사거리,파주교통정보센터,126.8160239,37.8286655
13015,L120088,주라위삼거리(보),파주교통정보센터,126.7926546,37.8178119
13016,L120089,주월교사거리,파주교통정보센터,126.8186616,37.8011018
13017,L120090,지산초교차로,파주교통정보센터,126.7605603,37.7299259
13018,L120091,책마을삼거리,파주교통정보센터,126.6914151,37.7177408
13019,L120092,책향기교차로,파주교통정보센터,126.730734,37.7257863
13020,L120093,청석교차로,파주교통정보센터,126.72421,37.7406576
13021,L120094,청암초사거리,파주교통정보센터,126.7379124,37.7289988
13022,L120095,첼시아울렛삼거리,파주교통정보센터,126.6995975,37.7696673
13023,L120096,탑골지하차도,파주교통정보센터,126.7186416,37.7017007
13024,L120097,통일공원앞사거리(보),파주교통정보센터,126.7885453,37.8482094
13025,L120098,통일촌삼거리,파주교통정보센터,126.7058128,37.77980689
13026,L120099,통일촌삼거리(보),파주교통정보센터,126.7058128,37.77970689
13027,L120100,파주세무서교차로,파주교통정보센터,126.7666765,37.7501341
13028,L120101,팜스프링로타리,파주교통정보센터,126.7770882,37.7707441
13029,L120102,한빛마을교차로,파주교통정보센터,126.7593203,37.7069527
13030,L120103,해솔2단지사거리(보),파주교통정보센터,126.74257114,37.72489896
13031,L120104,흰돌마을삼거리,파주교통정보센터,126.7835976,37.754177
13032,L120105,흰돌마을삼거리(보),파주교통정보센터,126.7833953,37.7543609
13033,L370001,5호광장사거리1,포항교통정보센터,129.35574429,36.02019051
13034,L370002,5호광장사거리2,포항교통정보센터,129.35598492,36.02010908
13035,L370003,갈바리골사거리,포항교통정보센터,129.39701014,36.08616372
13036,L370004,고현주유소,포항교통정보센터,129.34398347,36.16239677
13037,L370005,곡강IC전사거리,포항교통정보센터,129.40273812,36.10265711
13038,L370006,공항삼거리,포항교통정보센터,129.43357935,35.98976893
13039,L370007,괴동삼거리,포항교통정보센터,129.37119902,35.99415115
13040,L370008,교육청앞,포항교통정보센터,129.3737,36.0962
13041,L370009,구룡포수협교차로,포항교통정보센터,129.5552,35.9899
13042,L370010,구룡포일본인가옥거리,포항교통정보센터,129.5604,35.9905
13043,L370011,구룡포해수욕장,포항교통정보센터,129.56523015,35.99756685
13044,L370012,구만교차로,포항교통정보센터,129.54921597,36.07910416
13045,L370013,구포항역사교차로,포항교통정보센터,129.36147632,36.03589696
13046,L370014,나루끝-대성엔스쿨앞,포항교통정보센터,129.36391209,36.04819099
13047,L370015,낙천대삼거리,포항교통정보센터,129.3892,36.0754
13048,L370016,남부경찰서사거리,포항교통정보센터,129.34502982,36.00623036
13049,L370017,남빈사거리,포항교통정보센터,129.3648103,36.03638434
13050,L370018,남송교차로1,포항교통정보센터,129.36797703,36.10207053
13051,L370019,남송교차로2,포항교통정보센터,129.36809278,36.10255163
13052,L370020,냉천교교차로1,포항교통정보센터,129.40039825,35.9931268
13053,L370021,냉천교교차로2,포항교통정보센터,129.4006339,35.9928262
13054,L370022,달전오거리1,포항교통정보센터,129.342963,36.07892858
13055,L370023,달전오거리2,포항교통정보센터,129.34274597,36.07919549
13056,L370024,대도사거리,포항교통정보센터,129.36346857,36.02161677
13057,L370025,대련IC,포항교통정보센터,129.31163786,36.04350949
13058,L370026,대련삼거리,포항교통정보센터,129.3282,36.0459
13059,L370027,대보1교차로,포항교통정보센터,129.57007646,36.06494429
13060,L370028,대보2교차로,포항교통정보센터,129.5617994,36.07331004
13061,L370029,대이동삼거리1,포항교통정보센터,129.338319,36.032303
13062,L370030,대이동삼거리2,포항교통정보센터,129.33861387,36.03219217
13063,L370031,대잠사거리1,포항교통정보센터,129.34268547,36.01236014
13064,L370032,대잠사거리2,포항교통정보센터,129.34250308,36.01205705
13065,L370033,동국S&C 2공장,포항교통정보센터,129.3937,35.9526
13066,L370034,동빈큰다리사거리1,포항교통정보센터,129.37017863,36.04006957
13067,L370035,동빈큰다리사거리2,포항교통정보센터,129.3699438,36.0403152
13068,L370036,동해교차로,포항교통정보센터,129.46378649,35.9885431
13069,L370037,두산위브사거리1,포항교통정보센터,129.3793215,36.07211146
13070,L370038,두산위브사거리2,포항교통정보센터,129.37969981,36.07234743
13071,L370039,두호동롯데아파트,포항교통정보센터,129.37758411,36.05810593
13072,L370040,등외과사거리,포항교통정보센터,129.36857172,36.02260858
13073,L370041,따봉세차장,포항교통정보센터,129.3619,36.0506
13074,L370042,망천사거리,포항교통정보센터,129.3581,36.1094
13075,L370043,문덕교,포항교통정보센터,129.40741774,35.96195018
13076,L370044,문덕서로사거리,포항교통정보센터,129.39955182,35.96360572
13077,L370045,법원사거리-신덕로,포항교통정보센터,129.3871,36.0882
13078,L370046,법원앞-장량중앙로,포항교통정보센터,129.3879,36.0901
13079,L370047,병포교차로,포항교통정보센터,129.54580891,35.98271379
13080,L370048,상대복지센터사거리,포항교통정보센터,129.35792747,36.01416611
13081,L370049,서문사거리,포항교통정보센터,129.4137,35.9762
13082,L370050,성곡IC,포항교통정보센터,129.34217332,36.09302163
13083,L370051,송도교사거리,포항교통정보센터,129.37130051,36.03358137
13084,L370052,송도해변삼거리,포항교통정보센터,129.37733113,36.04027142
13085,L370053,송도해수욕장,포항교통정보센터,129.38261683,36.03184438
13086,L370054,송동사거리,포항교통정보센터,129.3618,35.974
13087,L370055,송라사거리,포항교통정보센터,129.3594,36.2274
13088,L370056,송림초등학교,포항교통정보센터,129.37432683,36.02956845
13089,L370057,시민볼링장사거리1,포항교통정보센터,129.35637708,36.00861512
13090,L370058,시민볼링장사거리2,포항교통정보센터,129.3562728,36.00891978
13091,L370059,시외터미널사거리,포항교통정보센터,129.34967434,36.01258936
13092,L370060,시청삼거리1,포항교통정보센터,129.33988592,36.01742822
13093,L370061,시청삼거리2,포항교통정보센터,129.3398427,36.0177931
13094,L370062,신덕사거리1,포항교통정보센터,129.392014,36.086611
13095,L370063,신덕사거리2,포항교통정보센터,129.39216554,36.08648717
13096,L370064,약전교차로,포항교통정보센터,129.4534751,35.9900987
13097,L370065,약전회전교차로,포항교통정보센터,129.4526,35.9889
13098,L370066,양덕교차로,포항교통정보센터,129.39721926,36.07665788
13099,L370067,양덕체육공원사거리,포항교통정보센터,129.40171985,36.08163608
13100,L370068,양학사거리1,포항교통정보센터,129.35199726,36.02436938
13101,L370069,양학사거리2,포항교통정보센터,129.35230109,36.02450326
13102,L370070,연일대교교차로,포항교통정보센터,129.34435061,36.00057288
13103,L370071,연일읍교차로,포항교통정보센터,129.34321791,35.99264086
13104,L370072,연화교차로1,포항교통정보센터,129.332451,36.05077
13105,L370073,연화교차로2,포항교통정보센터,129.33264412,36.0506198
13106,L370074,연화재사거리1,포항교통정보센터,129.34414046,36.04496543
13107,L370075,연화재사거리2,포항교통정보센터,129.34373029,36.04541754
13108,L370076,영신고앞,포항교통정보센터,129.35409783,36.05873261
13109,L370077,영일만대로-성곡교차로1,포항교통정보센터,129.354903,36.091183
13110,L370078,영일만대로-성곡교차로2,포항교통정보센터,129.35475308,36.09144088
13111,L370079,영일전망대삼거리1,포항교통정보센터,129.38172217,36.06300151
13112,L370080,영일전망대삼거리2,포항교통정보센터,129.38122268,36.063042
13113,L370081,오거리1,포항교통정보센터,129.36602129,36.03262741
13114,L370082,오거리2,포항교통정보센터,129.36601951,36.03290593
13115,L370083,오천신흥중학교,포항교통정보센터,129.4211,35.964
13116,L370084,오천우리유치원1,포항교통정보센터,129.4107548,35.98325819
13117,L370085,오천원용교1,포항교통정보센터,129.40780954,35.97649517
13118,L370086,오천원용교2,포항교통정보센터,129.40793542,35.97620349
13119,L370087,옥성교차로,포항교통정보센터,129.341,36.1021
13120,L370088,용흥교차로,포항교통정보센터,129.35900358,36.03624752
13121,L370089,용흥동한라파크1,포항교통정보센터,129.34789172,36.04224544
13122,L370090,용흥현대교차로,포항교통정보센터,129.3591501,36.03923746
13123,L370091,우목터널사거리,포항교통정보센터,129.41883362,36.10146209
13124,L370092,우방하이츠사거리1,포항교통정보센터,129.375806,36.059964
13125,L370093,우방하이츠사거리2,포항교통정보센터,129.37602058,36.05979234
13126,L370094,우현사거리1,포항교통정보센터,129.36007401,36.0526746
13127,L370095,우현사거리2,포항교통정보센터,129.36039324,36.05256932
13128,L370096,우현신동아사거리,포항교통정보센터,129.35911118,36.05511
13129,L370097,원동사거리,포항교통정보센터,129.4026,35.9706
13130,L370098,유강교차로,포항교통정보센터,129.31017608,35.99922529
13131,L370099,육거리,포항교통정보센터,129.36659822,36.04088671
13132,L370100,의현교차로1,포항교통정보센터,129.347073,36.073986
13133,L370101,의현교차로2,포항교통정보센터,129.3472232,36.07424349
13134,L370102,이동고삼거리,포항교통정보센터,129.33527629,36.03149647
13135,L370103,이동사거리,포항교통정보센터,129.33866178,36.02519058
13136,L370104,장량교차로1,포항교통정보센터,129.38219671,36.08964683
13137,L370105,장량교차로2,포항교통정보센터,129.38189095,36.08991049
13138,L370106,장량체육센터사거리1,포항교통정보센터,129.385422,36.082739
13139,L370107,장량체육센터사거리2,포항교통정보센터,129.38579203,36.08259817
13140,L370108,장성체육공원사거리,포항교통정보센터,129.39179867,36.08168226
13141,L370109,장흥동사거리,포항교통정보센터,129.36367229,35.98662388
13142,L370110,전화국사거리,포항교통정보센터,129.3631,36.0387
13143,L370111,죽도시장삼거리1,포항교통정보센터,129.369521,36.037252
13144,L370112,죽도시장삼거리2,포항교통정보센터,129.36952383,36.03703508
13145,L370113,죽도파출소앞,포항교통정보센터,129.36179296,36.02760328
13146,L370114,중앙상가사거리1,포항교통정보센터,129.3655819,36.03848328
13147,L370115,중원로사거리,포항교통정보센터,129.4023,35.9759
13148,L370116,창포사거리,포항교통정보센터,129.37092008,36.06132544
13149,L370117,철강공단삼거리,포항교통정보센터,129.3797,35.9789
13150,L370118,청림동신제일정비1,포항교통정보센터,129.4077026,35.99061643
13151,L370119,청하교차로,포항교통정보센터,129.35186505,36.20179033
13152,L370120,청하삼거리1,포항교통정보센터,129.340838,36.180125
13153,L370121,청하삼거리2,포항교통정보센터,129.34064488,36.18044687
13154,L370122,초곡입구사거리,포항교통정보센터,129.3399,36.0979
13155,L370123,초곡파리바게트,포항교통정보센터,129.3357,36.0965
13156,L370124,칠포교차로,포항교통정보센터,129.3477,36.1301
13157,L370125,포스코육교1,포항교통정보센터,129.38883098,35.997445
13158,L370126,포항여객선터미널,포항교통정보센터,129.37743438,36.05239628
13159,L370127,포항역사거리(KTX),포항교통정보센터,129.3395,36.0745
13160,L370128,항구주유소,포항교통정보센터,129.37198329,36.05117461
13161,L370129,해도강변삼거리1,포항교통정보센터,129.37438654,36.01882885
13162,L370130,해도강변삼거리2,포항교통정보센터,129.37426311,36.01902686
13163,L370131,해병북문오거리1,포항교통정보센터,129.41311141,35.9950408
13164,L370132,현대제철삼거리,포항교통정보센터,129.38136495,36.00361685
13165,L370133,형산교차로1,포항교통정보센터,129.37124569,36.01247637
13166,L370134,형산교차로2,포항교통정보센터,129.3715916,36.01247113
13167,L370135,환호공원사거리,포항교통정보센터,129.3938,36.069
13168,L370136,효자사거리1,포항교통정보센터,129.33973825,36.0090023
13169,L370137,효자사거리2,포항교통정보센터,129.33954891,36.00864732
13170,L370138,흥해곡강교1,포항교통정보센터,129.34630146,36.12080412
13171,L370139,흥해곡강교2,포항교통정보센터,129.3459648,36.1209478
13172,L370140,흥해덕장사거리,포항교통정보센터,129.34926522,36.14076957
13173,L370141,흥해마산사거리,포항교통정보센터,129.34118216,36.11161278
13174,E600001,가평군(가평교),한강홍수통제소,127.518055555555,37.8313888888888
13175,E600002,가평군(대보교),한강홍수통제소,127.370833333333,37.7961111111111
13176,E600003,강릉시(송림교),한강홍수통제소,128.810555555555,37.8469444444444
13177,E600004,강릉시(회산교),한강홍수통제소,128.87,37.7430555555555
13178,E600005,고양시(원당교),한강홍수통제소,126.865833333333,37.685
13179,E600006,광주시(경안교),한강홍수통제소,127.263055555555,37.4066666666666
13180,E600007,광주시(섬뜰교),한강홍수통제소,127.292777777777,37.3991666666666
13181,E600008,괴산군(목도교),한강홍수통제소,127.855277777777,36.87
13182,E600009,괴산군(비도교),한강홍수통제소,127.878055555555,36.79
13183,E600010,남양주시(부평교),한강홍수통제소,127.196666666666,37.7402777777777
13184,E600011,남양주시(왕숙교),한강홍수통제소,127.148055555555,37.6036111111111
13185,E600012,남양주시(진관교),한강홍수통제소,127.151944444444,37.65
13186,E600013,단양군(단양1교),한강홍수통제소,128.335555555555,36.9311111111111
13187,E600014,동두천시(송천교),한강홍수통제소,127.051388888888,37.8802777777777
13188,E600015,삼척시(상정교),한강홍수통제소,129.098611111111,37.3827777777777
13189,E600016,서울시(너부대교),한강홍수통제소,126.845555555555,37.4788888888888
13190,E600017,서울시(대곡교),한강홍수통제소,127.1225,37.4688888888888
13191,E600018,서울시(신대방-수위),한강홍수통제소,126.914444444444,37.4880555555555
13192,E600019,서울시(오금교),한강홍수통제소,126.874166666666,37.5083333333333
13193,E600020,서울시(잠수교),한강홍수통제소,126.995277777777,37.5172222222222
13194,E600021,서울시(중랑교),한강홍수통제소,127.070555555555,37.5925
13195,E600022,서울시(창동교),한강홍수통제소,127.054166666666,37.6527777777777
13196,E600023,서울시(한강대교),한강홍수통제소,126.956666666666,37.5144444444444
13197,E600024,서울시(행주대교),한강홍수통제소,126.814722222222,37.6030555555555
13198,E600025,양양군(양양대교),한강홍수통제소,128.631666666666,38.0752777777777
13199,E600026,양평군(양평교),한강홍수통제소,127.49,37.4863888888888
13200,E600027,양평군(흑천교),한강홍수통제소,127.5275,37.4661111111111
13201,E600028,여주시(여주대교),한강홍수통제소,127.647777777777,37.2963888888888
13202,E600029,여주시(원부교),한강홍수통제소,127.634444444444,37.1622222222222
13203,E600030,여주시(율극교),한강홍수통제소,127.573333333333,37.3338888888888
13204,E600031,여주시(흥천대교),한강홍수통제소,127.535277777777,37.3330555555555
13205,E600032,연천군(사랑교),한강홍수통제소,127.056388888888,38.0091666666666
13206,E600033,연천군(신천교),한강홍수통제소,127.076944444444,37.9930555555555
13207,E600034,연천군(임진교),한강홍수통제소,127.0175,38.0563888888888
13208,E600035,연천군(차탄교),한강홍수통제소,127.071944444444,38.0875
13209,E600036,연천군(필승교),한강홍수통제소,126.960833333333,38.1111111111111
13210,E600037,영월군(신천교),한강홍수통제소,128.331666666666,37.2297222222222
13211,E600038,영월군(영월대교),한강홍수통제소,128.475277777777,37.1819444444444
13212,E600039,영월군(옥동교),한강홍수통제소,128.564166666666,37.1222222222222
13213,E600040,영월군(주천교),한강홍수통제소,128.265833333333,37.2675
13214,E600041,오산시(탑동대교),한강홍수통제소,127.058055555555,37.1338888888888
13215,E600042,원주시(문막교),한강홍수통제소,127.810277777777,37.305
13216,E600043,원주시(원주교),한강홍수통제소,127.955555555555,37.3477777777777
13217,E600044,음성군(총천교),한강홍수통제소,127.604444444444,37.0708333333333
13218,E600045,의정부시(신곡교),한강홍수통제소,127.053333333333,37.7352777777777
13219,E600046,인제군(리빙스턴교),한강홍수통제소,128.183333333333,38.0883333333333
13220,E600047,인제군(왕성동교),한강홍수통제소,128.322777777777,37.8719444444444
13221,E600048,인제군(현리교),한강홍수통제소,128.317222222222,37.9480555555555
13222,E600049,정선군(나전교),한강홍수통제소,128.649722222222,37.4386111111111
13223,E600050,정선군(낙동교),한강홍수통제소,128.693611111111,37.3188888888888
13224,E600051,정선군(남평대교),한강홍수통제소,128.653055555555,37.4388888888888
13225,E600052,정선군(송천교),한강홍수통제소,128.718611111111,37.4855555555555
13226,E600053,정선군(와평교),한강홍수통제소,128.684166666666,37.3661111111111
13227,E600054,정선군(정선교),한강홍수통제소,128.657222222222,37.3783333333333
13228,E600055,정선군(제1여량교),한강홍수통제소,128.729166666666,37.4733333333333
13229,E600056,제천시(구곡교),한강홍수통제소,128.106111111111,37.1122222222222
13230,E600057,제천시(부수동교),한강홍수통제소,128.008888888888,37.1486111111111
13231,E600058,철원군(장수대교),한강홍수통제소,127.374444444444,38.2461111111111
13232,E600059,충주시(국원대교),한강홍수통제소,127.871666666666,36.9661111111111
13233,E600060,충주시(목계교),한강홍수통제소,127.881111111111,37.0761111111111
13234,E600061,파주시(만장교),한강홍수통제소,126.861944444444,37.8055555555555
13235,E600062,파주시(비룡대교),한강홍수통제소,126.919166666666,37.9852777777777
13236,E600063,파주시(통일대교),한강홍수통제소,126.741944444444,37.9041666666666
13237,E600064,평창군(사초교),한강홍수통제소,128.439722222222,37.4552777777777
13238,E600065,평창군(평창교),한강홍수통제소,128.406111111111,37.3677777777777
13239,E600066,평택시(군문교),한강홍수통제소,127.08,36.9836111111111
13240,E600067,평택시(동연교),한강홍수통제소,126.9975,37.0525
13241,E600068,평택시(진위1교),한강홍수통제소,127.052222222222,37.095
13242,E600069,포천시(영평교),한강홍수통제소,127.214444444444,38.0108333333333
13243,E600070,포천시(은현교),한강홍수통제소,127.238611111111,38.0022222222222
13244,E600071,포천시(포천대교),한강홍수통제소,127.201944444444,37.8925
13245,E600072,홍천군(용선교),한강홍수통제소,127.765833333333,37.6597222222222
13246,E600073,홍천군(홍천교),한강홍수통제소,127.878888888888,37.6872222222222
13247,E600074,횡성군(오산교),한강홍수통제소,127.991388888888,37.5208333333333